cohort,ticker,market,side,contracts,entry_price_c,exit_price_c,entered_at,exited_at,status,exit_reason,fee_usd,pnl_usd,roi_pct
bot,KXATPMATCH-26JUL10SINDJO-SIN,Will Jannik Sinner win the Sinner vs Djokovic: Semifinal match?,NO,35,21.0000,0.0000,2026-07-10T06:02:56Z,2026-07-10T17:57:07Z,settled,settled,,-7.3500,-100.0000
bot,KXATPMATCH-26JUL11HUEBUT-BUT,Will Edas Butvilas win the Huesler vs Butvilas: Qualification Round 1 match?,NO,20,49.0000,55.0000,2026-07-11T00:05:05Z,2026-07-11T08:14:21Z,closed,exp9_model_shift,,1.2000,12.2400
bot,KXATPMATCH-26JUL11HUEBUT-HUE,Will Marc-Andrea Huesler win the Huesler vs Butvilas: Qualification Round 1 match?,NO,70,31.0000,34.0000,2026-07-11T08:24:07Z,2026-07-11T08:52:52Z,closed,exp9_model_shift,,2.1000,9.6800
bot,KXATPMATCH-26JUL11TABJEB-TAB,Will Clement Tabur win the Tabur vs Jebens: Qualification Round 1 match?,YES,28,89.0000,100.0000,2026-07-11T00:05:05Z,2026-07-11T09:27:30Z,settled,settled,,3.0800,12.3600
bot,KXATPMATCH-26JUL11MONHER-HER,Will Pierre-Hugues Herbert win the Monteiro vs Herbert: Qualification Round 1 match?,YES,49,42.0000,48.0000,2026-07-11T00:05:05Z,2026-07-11T09:45:33Z,closed,exp9_model_shift,,2.9400,14.2900
bot,KXATPMATCH-26JUL11MICHEM-HEM,Will Calvin Hemery win the Michalski vs Hemery: Qualification Round 1 match?,NO,22,51.0000,46.0000,2026-07-10T23:17:42Z,2026-07-11T10:20:36Z,closed,exp9_model_shift,,-1.1000,-9.8000
bot,KXATPMATCH-26JUL11MICHEM-MIC,Will Daniel Michalski win the Michalski vs Hemery: Qualification Round 1 match?,YES,28,50.0000,50.0000,2026-07-11T10:33:23Z,2026-07-11T10:33:39Z,closed,exp9_model_shift,,0.0000,0.0000
bot,KXATPMATCH-26JUL11MICHEM-MIC,Will Daniel Michalski win the Michalski vs Hemery: Qualification Round 1 match?,YES,40,47.0000,47.0000,2026-07-11T10:49:18Z,2026-07-11T10:49:34Z,closed,exp9_model_shift,,0.0000,0.0000
bot,KXATPMATCH-26JUL11MICHEM-HEM,Will Calvin Hemery win the Michalski vs Hemery: Qualification Round 1 match?,NO,28,50.0000,51.0000,2026-07-11T11:38:39Z,2026-07-11T11:39:22Z,closed,exp9_model_shift,,0.2800,2.0000
bot,KXATPMATCH-26JUL11MONHER-MON,Will Thiago Monteiro win the Monteiro vs Herbert: Qualification Round 1 match?,NO,41,43.0000,44.0000,2026-07-11T11:54:30Z,2026-07-11T11:54:42Z,closed,exp9_model_shift,,0.4100,2.3300
bot,KXATPMATCH-26JUL11MONHER-MON,Will Thiago Monteiro win the Monteiro vs Herbert: Qualification Round 1 match?,YES,52,35.0000,48.0000,2026-07-11T12:10:33Z,2026-07-11T12:21:57Z,closed,exp9_model_shift,,6.7600,37.1400
bot,KXATPMATCH-26JUL11MONHER-MON,Will Thiago Monteiro win the Monteiro vs Herbert: Qualification Round 1 match?,YES,47,36.0000,59.0000,2026-07-11T12:42:23Z,2026-07-11T12:43:08Z,closed,exp9_model_shift,,10.8100,63.8900
bot,KXATPMATCH-26JUL11VIRDIE-DIE,Will Dylan Dietrich win the Virtanen vs Dietrich: Qualification Round 1 match?,NO,38,66.0000,54.0000,2026-07-11T00:05:05Z,2026-07-11T13:15:23Z,closed,exp9_model_shift,,-4.5600,-18.1800
bot,KXATPMATCH-26JUL11CINZAH-ZAH,Will Patrick Zahraj win the Cina vs Zahraj: Qualification Round 1 match?,YES,45,13.0000,14.0000,2026-07-11T01:40:01Z,2026-07-11T13:15:30Z,closed,exp9_model_shift,,0.4500,7.6900
bot,KXWTAMATCH-26JUL11TSEMAN-TSE,Will Eleni Tsetsou win the Tsetsou vs Mansouri: Qualification Round 1 match?,YES,174,8.0000,7.0000,2026-07-11T02:11:32Z,2026-07-11T13:16:42Z,closed,exp9_model_shift,,-1.7400,-12.5000
bot,KXATPMATCH-26JUL11VIRDIE-VIR,Will Otto Virtanen win the Virtanen vs Dietrich: Qualification Round 1 match?,YES,41,61.0000,34.0000,2026-07-11T13:30:16Z,2026-07-11T13:34:23Z,closed,exp9_stop_loss,,-11.0700,-44.2600
bot,KXATPMATCH-26JUL11CINZAH-ZAH,Will Patrick Zahraj win the Cina vs Zahraj: Qualification Round 1 match?,YES,211,6.0000,7.0000,2026-07-11T13:46:27Z,2026-07-11T13:47:08Z,closed,exp9_model_shift,,2.1100,16.6700
bot,KXATPMATCH-26JUL11CINZAH-ZAH,Will Patrick Zahraj win the Cina vs Zahraj: Qualification Round 1 match?,YES,272,5.0000,5.0000,2026-07-11T14:02:26Z,2026-07-11T14:02:47Z,closed,exp9_model_shift,,0.0000,0.0000
bot,KXWTAMATCH-26JUL11TSEMAN-TSE,Will Eleni Tsetsou win the Tsetsou vs Mansouri: Qualification Round 1 match?,YES,100,11.0000,9.0000,2026-07-11T14:02:27Z,2026-07-11T14:02:52Z,closed,exp9_model_shift,,-2.0000,-18.1800
bot,KXWTAMATCH-26JUL11TSEMAN-TSE,Will Eleni Tsetsou win the Tsetsou vs Mansouri: Qualification Round 1 match?,YES,262,6.0000,4.0000,2026-07-11T14:18:20Z,2026-07-11T14:18:35Z,closed,exp9_model_shift,,-5.2400,-33.3300
bot,KXATPMATCH-26JUL11DHASAC-SAC,Will Vitaliy Sachko win the Dhamne vs Sachko: Qualification Round 1 match?,NO,22,36.0000,30.0000,2026-07-11T05:12:23Z,2026-07-11T15:02:03Z,closed,exp9_model_shift,,-1.3200,-16.6700
bot,KXWTAMATCH-26JUL11MICNIN-MIC,Will Elena Micic win the Micic vs Ninomiya: Qualification Round 1 match?,NO,39,16.0000,6.0000,2026-07-11T11:22:07Z,2026-07-11T15:06:16Z,closed,exp9_stop_loss,,-3.9000,-62.5000
bot,KXATPMATCH-26JUL11DHASAC-SAC,Will Vitaliy Sachko win the Dhamne vs Sachko: Qualification Round 1 match?,NO,47,31.0000,31.0000,2026-07-11T15:07:00Z,2026-07-11T15:08:16Z,closed,exp9_model_shift,,0.0000,0.0000
bot,KXWTAMATCH-26JUL11MICNIN-NIN,Will Makoto Ninomiya win the Micic vs Ninomiya: Qualification Round 1 match?,YES,180,8.0000,5.0000,2026-07-11T15:07:00Z,2026-07-11T15:08:33Z,closed,exp9_stop_loss,,-5.4000,-37.5000
bot,KXATPMATCH-26JUL11TOPMAR-TOP,Will Marko ToPo win the ToPo vs Martin Tiffon: Qualification Round 1 match?,YES,30,38.0000,31.0000,2026-07-11T04:56:13Z,2026-07-11T15:18:31Z,closed,exp9_model_shift,,-2.1000,-18.4200
bot,KXATPMATCH-26JUL11CECAJD-CEC,Will Marco Cecchinato win the Cecchinato vs Ajdukovic: Qualification Round 1 match?,NO,34,24.0000,44.0000,2026-07-11T04:56:14Z,2026-07-11T15:18:43Z,closed,exp9_model_shift,,6.8000,83.3300
bot,KXATPMATCH-26JUL11TOPMAR-TOP,Will Marko ToPo win the ToPo vs Martin Tiffon: Qualification Round 1 match?,YES,29,38.0000,37.0000,2026-07-11T15:24:31Z,2026-07-11T15:24:34Z,closed,exp9_model_shift,,-0.2900,-2.6300
bot,KXATPMATCH-26JUL11VUKOLI-VUK,Will Noa Vukadin win the Vukadin vs Olivieri: Qualification Round 1 match?,YES,52,27.0000,16.0000,2026-07-11T10:01:18Z,2026-07-11T15:36:19Z,closed,exp9_stop_loss,,-5.7200,-40.7400
bot,KXATPMATCH-26JUL11DHASAC-SAC,Will Vitaliy Sachko win the Dhamne vs Sachko: Qualification Round 1 match?,NO,32,34.0000,16.0000,2026-07-11T15:24:28Z,2026-07-11T15:36:27Z,closed,exp9_stop_loss,,-5.7600,-52.9400
bot,KXATPMATCH-26JUL11CECAJD-CEC,Will Marco Cecchinato win the Cecchinato vs Ajdukovic: Qualification Round 1 match?,NO,123,14.0000,8.0000,2026-07-11T15:54:16Z,2026-07-11T15:54:31Z,closed,exp9_stop_loss,,-7.3800,-42.8600
bot,KXWTAMATCH-26JUL11YASGLU-YAS,Will Ekaterina Yashina win the Yashina vs Glushko: Qualification Round 1 match?,YES,39,28.0000,17.0000,2026-07-11T15:54:20Z,2026-07-11T15:57:47Z,closed,exp9_stop_loss,,-4.2900,-39.2900
bot,KXATPMATCH-26JUL11TOPMAR-TOP,Will Marko ToPo win the ToPo vs Martin Tiffon: Qualification Round 1 match?,NO,45,44.0000,27.0000,2026-07-11T15:54:20Z,2026-07-11T15:58:33Z,closed,exp9_stop_loss,,-7.6500,-38.6400
bot,KXWTAMATCH-26JUL11TANNEP-TAN,Will Qianhui Tang win the Tang vs Nepliy: Qualification Round 1 match?,NO,35,58.0000,36.0000,2026-07-11T16:12:32Z,2026-07-11T16:33:32Z,closed,exp9_stop_loss,,-7.7000,-37.9300
bot,KXATPMATCH-26JUL11NEUPOL-POL,Will Mili Poljicak win the Neumayer vs Poljicak: Qualification Round 1 match?,YES,33,30.0000,19.0000,2026-07-11T09:44:08Z,2026-07-11T16:51:49Z,closed,exp9_stop_loss,,-3.6300,-36.6700
bot,KXATPMATCH-26JUL11NARGUE-NAR,Will Luca Nardi win the Nardi vs Guerrieri: Qualification Round 1 match?,NO,23,41.0000,99.0000,2026-07-11T13:30:16Z,2026-07-11T17:06:18Z,closed,exp9_take_profit,,13.3400,141.4600
bot,KXWTAMATCH-26JUL11YASGLU-GLU,Will Lina Glushko win the Yashina vs Glushko: Qualification Round 1 match?,NO,72,23.0000,10.0000,2026-07-11T17:05:10Z,2026-07-11T17:07:03Z,closed,exp9_stop_loss,,-9.3600,-56.5200
bot,KXATPMATCH-26JUL11GOMSAI-GOM,Will Norbert Gombos win the Gombos vs Sanchez Izquierdo: Qualification Round 1 match?,YES,34,33.0000,35.0000,2026-07-11T05:44:13Z,2026-07-11T17:17:52Z,closed,exp9_model_shift,,0.6800,6.0600
bot,KXATPMATCH-26JUL11GOMSAI-GOM,Will Norbert Gombos win the Gombos vs Sanchez Izquierdo: Qualification Round 1 match?,YES,24,35.0000,32.0000,2026-07-11T17:21:47Z,2026-07-11T17:22:39Z,closed,exp9_model_shift,,-0.7200,-8.5700
bot,KXWTAMATCH-26JUL11MORSZI-SZI,Will Franziska Sziedat win the Morvayova vs Sziedat: Qualification Round 1 match?,YES,68,23.0000,13.0000,2026-07-11T15:54:20Z,2026-07-11T17:41:52Z,closed,exp9_stop_loss,,-6.8000,-43.4800
bot,KXATPMATCH-26JUL11PRAMAJ-PRA,Will Juan Carlos Prado Angelo win the Prado Angelo vs Majdandzic: Qualification Round 1 match?,NO,60,15.0000,9.0000,2026-07-11T09:44:06Z,2026-07-11T17:45:40Z,closed,exp9_stop_loss,,-3.6000,-40.0000
bot,KXATPMATCH-26JUL11GOMSAI-SAI,Will Nikolas Sanchez Izquierdo win the Gombos vs Sanchez Izquierdo: Qualification Round 1 match?,NO,50,30.0000,32.0000,2026-07-11T18:11:26Z,2026-07-11T18:11:47Z,closed,exp9_model_shift,,1.0000,6.6700
bot,KXATPMATCH-26JUL11BRAGOM-GOM,Will Federico Agustin Gomez win the Brancaccio vs Gomez: Qualification Round 1 match?,NO,23,49.0000,13.0000,2026-07-11T16:47:20Z,2026-07-11T18:19:47Z,closed,exp9_stop_loss,,-8.2800,-73.4700
bot,KXATPMATCH-26JUL11PRAMAJ-PRA,Will Juan Carlos Prado Angelo win the Prado Angelo vs Majdandzic: Qualification Round 1 match?,NO,167,9.0000,3.0000,2026-07-11T17:55:17Z,2026-07-11T18:31:11Z,closed,exp9_stop_loss,,-10.0200,-66.6700
bot,KXATPMATCH-26JUL11NEUPOL-POL,Will Mili Poljicak win the Neumayer vs Poljicak: Qualification Round 1 match?,NO,37,54.0000,32.0000,2026-07-11T18:11:27Z,2026-07-11T18:35:07Z,closed,exp9_stop_loss,,-8.1400,-40.7400
bot,KXWTAMATCH-26JUL12GARPRI-PRI,Will Andreea Prisacariu win the Garcia Perez vs Prisacariu: Qualification Round 1 match?,YES,39,62.0000,40.0000,2026-07-11T23:07:20Z,2026-07-12T07:27:18Z,closed,exp9_stop_loss,,-8.5800,-35.4800
bot,KXATPMATCH-26JUL12CINHEM-HEM,Will Calvin Hemery win the Cina vs Hemery: Qualification Final match?,YES,35,27.0000,16.0000,2026-07-11T21:11:35Z,2026-07-12T09:38:23Z,closed,exp9_stop_loss,,-3.8500,-40.7400
bot,KXWTAMATCH-26JUL12PRIION-ION,Will Eva Maria Ionescu win the Pridankina vs Ionescu: Qualification Round 1 match?,YES,53,12.0000,1.0000,2026-07-11T23:23:43Z,2026-07-12T10:12:02Z,closed,exp9_stop_loss,,-5.8300,-91.6700
bot,KXATPMATCH-26JUL12BUEMAR-BUE,Will Gonzalo Bueno win the Bueno vs Marcondes: Qualification Round 1 match?,NO,33,41.0000,100.0000,2026-07-12T01:35:49Z,2026-07-12T10:28:31Z,settled,settled,,19.4700,143.9000
bot,KXATPMATCH-26JUL12PASKAS-KAS,Will Maks Kasnikowski win the Passaro vs Kasnikowski: Qualification Round 1 match?,NO,43,52.0000,71.0000,2026-07-12T00:13:12Z,2026-07-12T10:38:54Z,closed,exp9_model_shift,,8.1700,36.5400
bot,KXWTAMATCH-26JUL12HERKAZ-HER,Will Carmen Andreea Herea win the Herea vs Kazionova: Qualification Round 1 match?,YES,45,46.0000,100.0000,2026-07-12T04:18:43Z,2026-07-12T11:00:20Z,settled,settled,,24.3000,117.3900
bot,KXATPMATCH-26JUL12REJMID-MID,Will Lautaro Midon win the Rejchtman Vinciguerra vs Midon: Qualification Round 1 match?,NO,126,7.0000,4.0000,2026-07-12T01:19:15Z,2026-07-12T11:59:46Z,closed,exp9_stop_loss,,-3.7800,-42.8600
bot,KXATPMATCH-26JUL12CORDAN-COR,Will Federico Coria win the Coria vs Daniel: Qualification Round 1 match?,YES,70,29.0000,13.0000,2026-07-11T19:17:06Z,2026-07-12T12:58:45Z,closed,exp9_stop_loss,,-11.2000,-55.1700
bot,KXATPMATCH-26JUL12MOLFAU-MOL,Will Elmer Moller win the Moller vs Faurel: Qualification Round 1 match?,YES,38,65.0000,55.0000,2026-07-11T21:44:23Z,2026-07-12T13:17:35Z,closed,exp9_model_shift,,-3.8000,-15.3800
bot,KXWTAMATCH-26JUL12FETPIE-FET,Will Irina Fetecau win the Fetecau vs Pieri: Qualification Round 1 match?,YES,45,36.0000,100.0000,2026-07-11T23:23:43Z,2026-07-12T13:41:53Z,settled,settled,,28.8000,177.7800
bot,KXWTAMATCH-26JUL12TAGSIE-TAG,Will Lilli Tagger win the Tagger vs Sieg: Qualification Final match?,NO,83,18.0000,5.0000,2026-07-11T22:34:28Z,2026-07-12T14:32:56Z,closed,exp9_stop_loss,,-10.7900,-72.2200
bot,KXWTAMATCH-26JUL12LIUPOP-LIU,Will Claire Liu win the Liu vs Popa: Qualification Round 1 match?,NO,72,15.0000,7.0000,2026-07-12T04:18:44Z,2026-07-12T14:33:04Z,closed,exp9_stop_loss,,-5.7600,-53.3300
bot,KXWTAMATCH-26JUL12KOZIBR-KOZ,Will Maria Kozyreva win the Kozyreva vs Ibragimova: Qualification Round 1 match?,YES,105,11.0000,3.0000,2026-07-12T02:24:32Z,2026-07-12T14:33:11Z,closed,exp9_stop_loss,,-8.4000,-72.7300
bot,KXATPMATCH-26JUL12CARSAN-CAR,Will Roberto Carballes Baena win the Carballes Baena vs Sanchez Jover: Qualification Round 1 match?,NO,78,22.0000,99.0000,2026-07-11T22:01:41Z,2026-07-12T14:58:23Z,closed,exp9_take_profit,,60.0600,350.0000
bot,KXWTAMATCH-26JUL12HIBTON-HIB,Will Nao Hibino win the Hibino vs Tona: Qualification Final match?,NO,96,15.0000,5.0000,2026-07-11T22:34:28Z,2026-07-12T14:58:36Z,closed,exp9_stop_loss,,-9.6000,-66.6700
bot,KXATPMATCH-26JUL12CECOLI-CEC,Will Marco Cecchinato win the Cecchinato vs Olivieri: Qualification Final match?,NO,38,24.0000,10.0000,2026-07-12T02:40:38Z,2026-07-12T15:32:00Z,closed,exp9_stop_loss,,-5.3200,-58.3300
bot,KXWTAMATCH-26JUL12MICKUL-KUL,Will Anastasia Kulikova win the Micic vs Kulikova: Qualification Final match?,NO,43,48.0000,24.0000,2026-07-12T04:55:35Z,2026-07-12T17:06:02Z,closed,exp9_stop_loss,,-10.3200,-50.0000
bot,KXWTAMATCH-26JUL12LEPBUR-BUR,Will Maia Ilinca Burcescu win the Lepchenko vs Burcescu: Qualification Round 1 match?,YES,62,31.0000,16.0000,2026-07-11T23:56:46Z,2026-07-12T17:29:04Z,closed,exp9_stop_loss,,-9.3000,-48.3900
bot,KXATPMATCH-26JUL12SONSCH-SON,Will Lorenzo Sonego win the Sonego vs Schwaerzler: Round Of 32 match?,YES,39,64.0000,99.0000,2026-07-11T22:34:28Z,2026-07-13T10:31:17Z,closed,exp9_take_profit,,13.6500,54.6900
bot,KXATPMATCH-26JUL12DEJGAU-GAU,Will Vilius Gaubas win the De Jong vs Gaubas: Round Of 32 match?,YES,68,33.0000,35.0000,2026-07-13T10:35:19Z,2026-07-13T14:18:02Z,closed,exp9_model_shift,,1.3600,6.0600
bot,KXWTAMATCH-26JUL13MORBEJ-BEJ,Will Sara Bejlek win the Morvayova vs Bejlek: Round Of 32 match?,NO,141,12.0000,6.0000,2026-07-13T14:28:17Z,2026-07-13T16:10:05Z,closed,exp9_stop_loss,,-8.4600,-50.0000
bot,KXATPMATCH-26JUL12STRMUN-MUN,Will Jaume Munar win the Stricker vs Munar: Round Of 32 match?,NO,32,28.0000,97.0000,2026-07-12T02:24:33Z,2026-07-13T17:00:48Z,closed,exp9_take_profit,,22.0800,246.4300
bot,KXATPMATCH-26JUL12BUDPEL-BUD,Will Nicolai Budkov Kjaer win the Budkov Kjaer vs Pellegrino: Round Of 32 match?,YES,30,46.0000,34.0000,2026-07-11T23:40:05Z,2026-07-14T09:18:12Z,closed,exp9_model_shift,,-3.6000,-26.0900
bot,KXATPMATCH-26JUL12OFNTIR-OFN,Will Sebastian Ofner win the Ofner vs Tirante: Round Of 32 match?,YES,32,44.0000,36.0000,2026-07-12T04:39:16Z,2026-07-14T09:18:25Z,closed,exp9_model_shift,,-2.5600,-18.1800
bot,KXATPMATCH-26JUL12MARHAN-HAN,Will Yannick Hanfmann win the Martinez vs Hanfmann: Round Of 32 match?,YES,36,69.0000,100.0000,2026-07-11T20:38:51Z,2026-07-14T10:26:03Z,settled,settled,,11.1600,44.9300
bot,KXATPMATCH-26JUL12SVRDIM-DIM,Will Grigor Dimitrov win the Svrcina vs Dimitrov: Round Of 32 match?,YES,30,66.0000,41.0000,2026-07-12T02:40:38Z,2026-07-14T11:05:55Z,closed,exp9_stop_loss,,-7.5000,-37.8800
bot,KXWTAMATCH-26JUL14OLIIPE-OLI,Will Oleksandra Oliynykova win the Oliynykova vs Oz: Round Of 32 match?,NO,71,20.0000,12.0000,2026-07-14T10:36:40Z,2026-07-14T13:33:47Z,closed,exp9_stop_loss,,-5.6800,-40.0000
bot,KXATPMATCH-26JUL12BORKOU-BOR,Will Nuno Borges win the Borges vs Kouame: Round Of 32 match?,NO,38,21.0000,12.0000,2026-07-12T01:35:50Z,2026-07-14T13:43:11Z,closed,exp9_stop_loss,,-3.4200,-42.8600
bot,KXATPMATCH-26JUL12CHOBAS-BAS,Will Nikoloz Basilashvili win the Choinski vs Basilashvili: Round Of 32 match?,YES,60,38.0000,99.0000,2026-07-14T09:31:49Z,2026-07-14T13:47:50Z,closed,exp9_take_profit,,36.6000,160.5300
bot,KXWTAMATCH-26JUL14SALIBR-SAL,Will Dominika Salkova win the Salkova vs Ibragimova: Round Of 32 match?,NO,50,44.0000,99.0000,2026-07-14T09:32:38Z,2026-07-14T13:48:36Z,closed,exp9_take_profit,,27.5000,125.0000
bot,KXATPMATCH-26JUL12TSIBUS-BUS,Will Ignacio Buse win the Tsitsipas vs Buse: Round Of 32 match?,NO,33,50.0000,63.0000,2026-07-11T15:07:00Z,2026-07-14T14:13:34Z,closed,exp9_model_shift,,4.2900,26.0000
bot,KXWTAMATCH-26JUL14BULPRI-PRI,Will Elena Pridankina win the Bulgaru vs Pridankina: Round Of 32 match?,NO,182,9.0000,7.0000,2026-07-14T14:24:45Z,2026-07-14T14:29:58Z,closed,exp9_model_shift,,-3.6400,-22.2200
bot,KXATPMATCH-26JUL14TOPUGO-UGO,Will Camilo Ugo Carabelli win the ToPo vs Ugo Carabelli: Round Of 32 match?,NO,44,29.0000,26.0000,2026-07-14T14:06:27Z,2026-07-14T14:34:15Z,closed,exp9_model_shift,,-1.3200,-10.3400
bot,KXWTAMATCH-26JUL13KRETOM-KRE,Will Barbora Krejcikova win the Krejcikova vs Tomova: Round Of 32 match?,NO,100,10.0000,9.0000,2026-07-14T14:05:54Z,2026-07-14T14:47:42Z,closed,exp9_model_shift,,-1.0000,-10.0000
bot,KXWTAMATCH-26JUL13MONMAS-MON,Will Carole Monnet win the Monnet vs Masarova: Round Of 32 match?,YES,64,16.0000,17.0000,2026-07-14T15:04:00Z,2026-07-14T15:11:28Z,closed,exp9_model_shift,,0.6400,6.2500
bot,KXATPMATCH-26JUL12MULSHE-MUL,Will Alexandre Muller win the Muller vs Shevchenko: Round Of 32 match?,YES,29,43.0000,67.0000,2026-07-11T19:17:07Z,2026-07-14T15:16:08Z,closed,exp9_take_profit,,6.9600,55.8100
bot,KXWTAMATCH-26JUL13BADKAL-KAL,Will Anhelina Kalinina win the Badosa vs Kalinina: Round Of 32 match?,YES,47,40.0000,17.0000,2026-07-14T11:18:39Z,2026-07-14T16:16:52Z,closed,exp9_stop_loss,,-10.8100,-57.5000
bot,KXATPMATCH-26JUL14CECBUR-CEC,Will Marco Cecchinato win the Cecchinato vs Burruchaga: Round Of 32 match?,NO,31,56.0000,78.0000,2026-07-14T15:04:15Z,2026-07-14T16:26:11Z,closed,exp9_take_profit,,6.8200,39.2900
bot,KXWTAMATCH-26JUL14UDVROM-UDV,Will Panna Udvardy win the Udvardy vs Romero Gormaz: Round Of 32 match?,YES,42,52.0000,30.0000,2026-07-14T13:47:20Z,2026-07-14T16:42:12Z,closed,exp9_stop_loss,,-9.2400,-42.3100
bot,KXATPMATCH-26JUL12DAHBAE-DAH,Will Max Dahlin win the Dahlin vs Baez: Round Of 32 match?,YES,99,6.0000,1.0000,2026-07-11T19:17:07Z,2026-07-14T16:58:56Z,closed,exp9_stop_loss,,-4.9500,-83.3300
bot,KXATPMATCH-26JUL12SESMER-SES,Will Ziga Sesko win the Sesko vs Merida: Round Of 32 match?,YES,1279,1.0000,0.0000,2026-07-14T17:14:36Z,2026-07-14T17:24:32Z,settled,settled,,-12.7900,-100.0000
bot,KXWTAMATCH-26JUL13TAUHIB-TAU,Will Clara Tauson win the Tauson vs Hibino: Round Of 32 match?,NO,65,21.0000,12.0000,2026-07-14T13:46:36Z,2026-07-14T17:32:08Z,closed,exp9_stop_loss,,-5.8500,-42.8600
bot,KXATPMATCH-26JUL14NEUPRA-NEU,Will Lukas Neumayer win the Neumayer vs Prado Angelo: Round Of 32 match?,NO,52,34.0000,38.0000,2026-07-14T16:20:00Z,2026-07-14T17:53:07Z,closed,exp9_model_shift,,2.0800,11.7600
bot,KXWTAMATCH-26JUL14AMAJAC-AMA,Will Ilinca Dalina Amariei win the Amariei vs Jacquemot: Round Of 32 match?,YES,95,19.0000,11.0000,2026-07-14T16:56:07Z,2026-07-14T17:53:40Z,closed,exp9_stop_loss,,-7.6000,-42.1100
bot,KXATPMATCH-26JUL12FARWAW-WAW,Will Stan Wawrinka win the Faria vs Wawrinka: Round Of 32 match?,NO,31,61.0000,99.0000,2026-07-14T18:06:23Z,2026-07-14T18:36:54Z,closed,exp9_take_profit,,11.7800,62.3000
bot,KXWTAMATCH-26JUL13SAKTON-TON,Will Miriana Tona win the Sakellaridi vs Tona: Round Of 32 match?,YES,40,27.0000,15.0000,2026-07-14T18:42:24Z,2026-07-14T18:45:11Z,closed,exp9_stop_loss,,-4.8000,-44.4400
bot,KXWTAMATCH-26JUL13KAWWAL-KAW,Will Katarzyna Kawa win the Kawa vs Waltert: Round Of 32 match?,YES,51,32.0000,99.0000,2026-07-13T17:14:42Z,2026-07-14T19:01:17Z,closed,exp9_take_profit,,34.1700,209.3800
bot,KXWTAMATCH-26JUL13VALCOS-VAL,Will Tereza Valentova win the Valentova vs Costoulas: Round Of 32 match?,NO,89,18.0000,11.0000,2026-07-13T16:24:49Z,2026-07-14T19:46:41Z,closed,exp9_stop_loss,,-6.2300,-38.8900
bot,KXATPMATCH-26JUL12DROBLO-DRO,Will Titouan Droguet win the Droguet vs Blockx: Round Of 32 match?,NO,23,63.0000,85.0000,2026-07-14T15:23:32Z,2026-07-14T19:47:53Z,closed,exp9_take_profit,,5.0600,34.9200
bot,KXWTAMATCH-26JUL13BLISAS-SAS,Will Aliaksandra Sasnovich win the Blinkova vs Sasnovich: Round Of 32 match?,NO,38,38.0000,17.0000,2026-07-14T19:59:13Z,2026-07-14T20:00:43Z,closed,exp9_stop_loss,,-7.9800,-55.2600
bot,KXATPMATCH-26JUL15COLSON-COL,Will Raphael Collignon win the Collignon vs Sonego: Round Of 16 match?,NO,31,36.0000,32.0000,2026-07-14T15:04:15Z,2026-07-15T08:39:23Z,closed,exp9_model_shift,,-1.2400,-11.1100
bot,KXWTAMATCH-26JUL15PUTCHA-PUT,Will Yulia Putintseva win the Putintseva vs Charaeva: Round Of 16 match?,NO,47,40.0000,22.0000,2026-07-14T17:32:27Z,2026-07-15T10:50:29Z,closed,exp9_stop_loss,,-8.4600,-45.0000
bot,KXATPMATCH-26JUL15BORDIM-BOR,Will Nuno Borges win the Borges vs Dimitrov: Round Of 16 match?,NO,50,50.0000,19.0000,2026-07-14T16:37:03Z,2026-07-15T12:34:55Z,closed,exp9_stop_loss,,-15.5000,-62.0000
bot,KXATPMATCH-26JUL15GOMARN-ARN,Will Matteo Arnaldi win the Gomez vs Arnaldi: Round Of 16 match?,NO,58,23.0000,7.0000,2026-07-15T08:49:34Z,2026-07-15T14:26:09Z,closed,exp9_stop_loss,,-9.2800,-69.5700
bot,KXATPMATCH-26JUL14RINTAB-TAB,Will Clement Tabur win the Rinderknech vs Tabur: Round Of 16 match?,NO,49,51.0000,57.0000,2026-07-15T14:27:08Z,2026-07-15T14:29:15Z,closed,exp9_model_shift,,2.9400,11.7600
bot,KXATPMATCH-26JUL15HANVAC-HAN,Will Yannick Hanfmann win the Hanfmann vs Vacherot: Round Of 16 match?,NO,55,36.0000,21.0000,2026-07-14T18:06:22Z,2026-07-15T14:50:43Z,closed,exp9_stop_loss,,-8.2500,-41.6700
bot,KXWTAMATCH-26JUL15MICZHE-ZHE,Will Qinwen Zheng win the Micic vs Zheng: Round Of 16 match?,NO,63,12.0000,3.0000,2026-07-14T15:23:09Z,2026-07-15T14:51:19Z,closed,exp9_stop_loss,,-5.6700,-75.0000
bot,KXATPMATCH-26JUL15PRADZU-PRA,Will Juan Carlos Prado Angelo win the Prado Angelo vs Dzumhur: Round Of 16 match?,YES,46,32.0000,18.0000,2026-07-15T14:49:22Z,2026-07-15T15:12:13Z,closed,exp9_stop_loss,,-6.4400,-43.7500
bot,KXATPMATCH-26JUL15ALTDAR-DAR,Will Luciano Darderi win the Altmaier vs Darderi: Round Of 16 match?,NO,41,37.0000,21.0000,2026-07-15T12:44:30Z,2026-07-15T15:53:22Z,closed,exp9_stop_loss,,-6.5600,-43.2400
bot,KXATPMATCH-26JUL15CARUGO-CAR,Will Pablo Carreno Busta win the Carreno Busta vs Ugo Carabelli: Round Of 16 match?,NO,39,39.0000,25.0000,2026-07-15T10:57:22Z,2026-07-15T16:33:33Z,closed,exp9_model_shift,,-5.4600,-35.9000
bot,KXATPMATCH-26JUL15TRUDAV-TRU,Will Marco Trungelliti win the Trungelliti vs Davidovich Fokina: Round Of 16 match?,NO,38,66.0000,66.0000,2026-07-15T16:44:31Z,2026-07-15T16:50:55Z,closed,exp9_model_shift,,0.0000,0.0000
bot,KXWTAMATCH-26JUL15DARSAK-DAR,Will Harriet Dart win the Dart vs Sakkari: Round Of 16 match?,YES,69,25.0000,12.0000,2026-07-14T19:01:45Z,2026-07-15T16:57:55Z,closed,exp9_stop_loss,,-8.9700,-52.0000
bot,KXATPMATCH-26JUL15KYMTSI-TSI,Will Stefanos Tsitsipas win the Kym vs Tsitsipas: Round Of 16 match?,NO,42,26.0000,13.0000,2026-07-15T15:16:51Z,2026-07-15T17:10:08Z,closed,exp9_stop_loss,,-5.4600,-50.0000
bot,KXATPMATCH-26JUL15COBBUR-COB,Will Flavio Cobolli win the Cobolli vs Burruchaga: Round Of 16 match?,YES,27,67.0000,53.0000,2026-07-15T17:09:06Z,2026-07-15T17:34:01Z,closed,exp9_model_shift,,-3.7800,-20.9000
bot,KXWTAMATCH-26JUL15HONPAR-PAR,Will Alycia Parks win the Hontama vs Parks: Round Of 16 match?,YES,42,60.0000,63.0000,2026-07-14T19:54:31Z,2026-07-15T17:50:17Z,closed,exp9_model_shift,,1.2600,5.0000
bot,KXWTAMATCH-26JUL15AVAMAR-MAR,Will Petra Marcinko win the Avanesyan vs Marcinko: Round Of 16 match?,YES,39,57.0000,34.0000,2026-07-14T17:32:49Z,2026-07-15T18:06:10Z,closed,exp9_stop_loss,,-8.9700,-40.3500
bot,KXWTAMATCH-26JUL15TAGBEJ-TAG,Will Lilli Tagger win the Tagger vs Bejlek: Round Of 16 match?,YES,30,45.0000,32.0000,2026-07-15T15:16:51Z,2026-07-15T18:26:15Z,closed,exp9_model_shift,,-3.9000,-28.8900
bot,KXATPMATCH-26JUL15VANDRO-VAN,Will Luca Van Assche win the Van Assche vs Droguet: Round Of 16 match?,YES,41,37.0000,36.0000,2026-07-15T18:38:28Z,2026-07-15T18:38:57Z,closed,exp9_model_shift,,-0.4100,-2.7000
bot,KXATPMATCH-26JUL15PRIMOL-PRI,Will Dino Prizmic win the Prizmic vs Molcan: Round Of 16 match?,NO,31,29.0000,11.0000,2026-07-14T20:14:57Z,2026-07-15T19:38:58Z,closed,exp9_stop_loss,,-5.5800,-62.0700
bot,KXATPMATCH-26JUL15BASTIR-TIR,Will Thiago Agustin Tirante win the Basilashvili vs Tirante: Round Of 16 match?,NO,35,32.0000,33.0000,2026-07-15T17:08:00Z,2026-07-16T09:17:29Z,closed,exp9_model_shift,,0.3500,3.1200
bot,KXATPMATCH-26JUL15CERKEC-CER,Will Juan Manuel Cerundolo win the Cerundolo vs Kecmanovic: Round Of 16 match?,NO,25,50.0000,7.0000,2026-07-14T19:02:16Z,2026-07-16T10:44:45Z,closed,exp9_stop_loss,,-10.7500,-86.0000
bot_hold,KXATPMATCH-26JUL15BASTIR-TIR,Will Thiago Agustin Tirante win the Basilashvili vs Tirante: Round Of 16 match?,NO,38,31.0000,0.0000,2026-07-16T05:49:59Z,2026-07-16T12:03:30Z,settled,settled,,-11.7800,-100.0000
bot,KXATPMATCH-26JUL15RUBPEL-RUB,Will Andrey Rublev win the Rublev vs Pellegrino: Round Of 16 match?,YES,34,73.0000,100.0000,2026-07-15T15:14:56Z,2026-07-16T15:54:18Z,settled,settled,,9.1800,36.9900
bot_hold,KXATPMATCH-26JUL16MERDRO-MER,Will Daniel Merida win the Merida vs Droguet: Quarterfinal match?,NO,38,39.0000,0.0000,2026-07-16T05:49:59Z,2026-07-16T15:55:15Z,settled,settled,,-14.8200,-100.0000
bot_hold,KXATPMATCH-26JUL15KYMTSI-TSI,Will Stefanos Tsitsipas win the Kym vs Tsitsipas: Round Of 16 match?,YES,27,63.0000,100.0000,2026-07-16T05:49:59Z,2026-07-16T15:55:15Z,settled,settled,,9.9900,58.7300
bot,KXWTAMATCH-26JUL16KORANN-ANN,Will Ann Li win the Korneeva vs Li: Round Of 16 match?,NO,21,53.0000,100.0000,2026-07-15T19:29:35Z,2026-07-16T15:55:40Z,settled,settled,,9.8700,88.6800
bot_hold,KXWTAMATCH-26JUL16KORANN-ANN,Will Ann Li win the Korneeva vs Li: Round Of 16 match?,NO,37,49.0000,100.0000,2026-07-16T05:49:59Z,2026-07-16T15:55:41Z,settled,settled,,18.8700,104.0800
bot,KXATPMATCH-26JUL15TABMID-TAB,Will Alejandro Tabilo win the Tabilo vs Midon: Round Of 16 match?,NO,30,24.0000,9.0000,2026-07-15T17:30:35Z,2026-07-16T16:02:24Z,closed,exp9_stop_loss,,-4.5000,-62.5000
bot,KXWTAMATCH-26JUL15IBRBAD-IBR,Will Alevtina Ibragimova win the Ibragimova vs Badosa: Round Of 16 match?,YES,89,15.0000,9.0000,2026-07-16T10:53:31Z,2026-07-16T16:02:34Z,closed,exp9_stop_loss,,-5.3400,-40.0000
bot,KXWTAMATCH-26JUL16VALSAS-VAL,Will Tereza Valentova win the Valentova vs Sasnovich: Round Of 16 match?,NO,26,33.0000,0.0000,2026-07-15T20:03:32Z,2026-07-16T16:03:59Z,settled,settled,,-8.5800,-100.0000
bot,KXATPMATCH-26JUL16BURUGO-UGO,Will Camilo Ugo Carabelli win the Burruchaga vs Ugo Carabelli: Quarterfinal match?,YES,38,43.0000,37.0000,2026-07-16T16:22:14Z,2026-07-16T16:52:19Z,closed,exp9_model_shift,,-2.2800,-13.9500
bot,KXWTAMATCH-26JUL15KREMON-MON,Will Carole Monnet win the Krejcikova vs Monnet: Round Of 16 match?,YES,65,10.0000,6.0000,2026-07-15T18:38:29Z,2026-07-16T16:52:52Z,closed,exp9_stop_loss,,-2.6000,-40.0000
bot,KXATPMATCH-26JUL16DZUARN-DZU,Will Damir Dzumhur win the Dzumhur vs Arnaldi: Quarterfinal match?,NO,27,58.0000,35.0000,2026-07-16T16:59:53Z,2026-07-16T17:14:54Z,closed,exp9_stop_loss,,-6.2100,-39.6600
bot_hold,KXWTAMATCH-26JUL15IBRBAD-IBR,Will Alevtina Ibragimova win the Ibragimova vs Badosa: Round Of 16 match?,YES,89,15.0000,0.0000,2026-07-16T05:49:59Z,2026-07-16T17:32:54Z,settled,settled,,-13.3500,-100.0000
bot,KXATPMATCH-26JUL16SHESTR-STR,Will Dominic Stricker win the Shevchenko vs Stricker: Round Of 16 match?,NO,52,48.0000,51.0000,2026-07-16T09:21:35Z,2026-07-16T17:40:11Z,closed,exp9_model_shift,,1.5600,6.2500
bot,KXATPMATCH-26JUL15BUBHAL-HAL,Will Quentin Halys win the Bublik vs Halys: Round Of 16 match?,YES,26,29.0000,33.0000,2026-07-16T17:32:54Z,2026-07-16T17:50:36Z,closed,exp9_model_shift,,1.0400,13.7900
bot,KXWTAMATCH-26JUL16UDVKAW-KAW,Will Katarzyna Kawa win the Udvardy vs Kawa: Round Of 16 match?,NO,41,51.0000,39.0000,2026-07-15T18:55:34Z,2026-07-16T17:57:44Z,closed,exp9_model_shift,,-4.9200,-23.5300
bot_hold,KXATPMATCH-26JUL15TABMID-MID,Will Lautaro Midon win the Tabilo vs Midon: Round Of 16 match?,NO,33,75.0000,100.0000,2026-07-16T05:49:59Z,2026-07-16T18:04:21Z,settled,settled,,8.2500,33.3300
bot_hold,KXATPMATCH-26JUL16BURUGO-UGO,Will Camilo Ugo Carabelli win the Burruchaga vs Ugo Carabelli: Quarterfinal match?,YES,38,43.0000,0.0000,2026-07-16T05:49:59Z,2026-07-16T18:37:45Z,settled,settled,,-16.3400,-100.0000
bot,KXWTAMATCH-26JUL16TAUTON-TON,Will Miriana Tona win the Tauson vs Tona: Round Of 16 match?,YES,84,8.0000,5.0000,2026-07-15T18:38:29Z,2026-07-16T18:41:40Z,closed,exp9_stop_loss,,-2.5200,-37.5000
bot,KXATPMATCH-26JUL16DEJBAE-BAE,Will Sebastian Baez win the De Jong vs Baez: Round Of 16 match?,YES,43,46.0000,82.0000,2026-07-15T15:58:55Z,2026-07-16T18:54:17Z,closed,exp9_take_profit,,15.4800,78.2600
bot_chalk,KXATPMATCH-26JUL16DZUARN-DZU,Will Damir Dzumhur win the Dzumhur vs Arnaldi: Quarterfinal match?,NO,43,54.0000,51.0000,2026-07-16T19:15:14Z,2026-07-16T19:16:04Z,closed,exp9_model_shift,,-1.2900,-5.5600
bot_hold,KXATPMATCH-26JUL16DEJBAE-DEJ,Will Jesper De Jong win the De Jong vs Baez: Round Of 16 match?,NO,47,47.0000,100.0000,2026-07-16T05:49:59Z,2026-07-16T19:29:21Z,settled,settled,,24.9100,112.7700
bot_hold,KXWTAMATCH-26JUL16UDVKAW-UDV,Will Panna Udvardy win the Udvardy vs Kawa: Round Of 16 match?,YES,39,54.0000,100.0000,2026-07-16T05:49:59Z,2026-07-16T19:36:12Z,settled,settled,,17.9400,85.1900
bot_hold,KXATPMATCH-26JUL16DZUARN-DZU,Will Damir Dzumhur win the Dzumhur vs Arnaldi: Quarterfinal match?,NO,35,56.0000,0.0000,2026-07-16T18:58:03Z,2026-07-16T19:57:00Z,settled,settled,,-19.6000,-100.0000
bot_chalk,KXATPMATCH-26JUL16MOLDAV-MOL,Will Alex Molcan win the Molcan vs Davidovich Fokina: Quarterfinal match?,NO,39,64.0000,63.0000,2026-07-16T20:21:54Z,2026-07-16T20:22:06Z,closed,exp9_model_shift,,-0.3900,-1.5600
bot,KXATPMATCH-26JUL16MOLDAV-MOL,Will Alex Molcan win the Molcan vs Davidovich Fokina: Quarterfinal match?,NO,39,64.0000,63.0000,2026-07-16T20:21:54Z,2026-07-16T20:22:06Z,closed,exp9_model_shift,,-0.3900,-1.5600
bot_hold,KXATPMATCH-26JUL16MOLDAV-MOL,Will Alex Molcan win the Molcan vs Davidovich Fokina: Quarterfinal match?,NO,39,64.0000,0.0000,2026-07-16T20:21:54Z,2026-07-16T21:51:30Z,settled,settled,,-24.9600,-100.0000
bot,KXATPMATCH-26JUL17COLVAC-VAC,Will Valentin Vacherot win the Collignon vs Vacherot: Quarterfinal match?,YES,42,41.0000,25.0000,2026-07-16T16:22:12Z,2026-07-17T08:53:18Z,closed,exp9_stop_loss,,-6.7200,-39.0200
bot,KXATPMATCH-26JUL17VALTRA-VAL,Will Adolfo Daniel Vallejo win the Vallejo vs Travaglia: Quarterfinal match?,NO,53,31.0000,17.0000,2026-07-16T15:56:05Z,2026-07-17T09:46:50Z,closed,exp9_stop_loss,,-7.4200,-45.1600
bot_hold,KXATPMATCH-26JUL17COLVAC-VAC,Will Valentin Vacherot win the Collignon vs Vacherot: Quarterfinal match?,YES,42,41.0000,0.0000,2026-07-16T12:06:37Z,2026-07-17T10:59:15Z,settled,settled,,-17.2200,-100.0000
bot_hold,KXATPMATCH-26JUL17VALTRA-VAL,Will Adolfo Daniel Vallejo win the Vallejo vs Travaglia: Quarterfinal match?,NO,53,31.0000,0.0000,2026-07-16T15:56:05Z,2026-07-17T11:02:24Z,settled,settled,,-16.4300,-100.0000
bot_hold,KXATPMATCH-26JUL16SHESTR-STR,Will Dominic Stricker win the Shevchenko vs Stricker: Round Of 16 match?,NO,49,50.0000,100.0000,2026-07-16T05:49:58Z,2026-07-17T11:13:01Z,settled,settled,,24.5000,100.0000
bot,KXATPMATCH-26JUL15BUBHAL-HAL,Will Quentin Halys win the Bublik vs Halys: Round Of 16 match?,YES,27,27.0000,99.0000,2026-07-17T10:31:57Z,2026-07-17T11:21:03Z,closed,exp9_model_shift,,19.4400,266.6700
bot,KXATPMATCH-26JUL17BORDAR-DAR,Will Luciano Darderi win the Borges vs Darderi: Quarterfinal match?,NO,40,47.0000,42.0000,2026-07-16T16:22:14Z,2026-07-17T11:25:18Z,closed,exp9_model_shift,,-2.0000,-10.6400
bot_hold,KXATPMATCH-26JUL15BUBHAL-HAL,Will Quentin Halys win the Bublik vs Halys: Round Of 16 match?,YES,26,29.0000,100.0000,2026-07-16T17:32:54Z,2026-07-17T11:30:17Z,settled,settled,,18.4600,244.8300
bot_hold,KXATPMATCH-26JUL17BORDAR-DAR,Will Luciano Darderi win the Borges vs Darderi: Quarterfinal match?,NO,40,47.0000,0.0000,2026-07-16T15:56:05Z,2026-07-17T13:12:30Z,settled,settled,,-18.8000,-100.0000
bot_chalk,KXATPMATCH-26JUL17RUBBAE-RUB,Will Andrey Rublev win the Rublev vs Baez: Quarterfinal match?,YES,41,61.0000,98.0000,2026-07-16T21:05:18Z,2026-07-17T14:24:00Z,closed,exp9_take_profit,,15.1700,60.6600
bot,KXATPMATCH-26JUL17RUBBAE-RUB,Will Andrey Rublev win the Rublev vs Baez: Quarterfinal match?,YES,41,61.0000,98.0000,2026-07-16T21:05:18Z,2026-07-17T14:24:00Z,closed,exp9_take_profit,,15.1700,60.6600
bot_hold,KXATPMATCH-26JUL17RUBBAE-RUB,Will Andrey Rublev win the Rublev vs Baez: Quarterfinal match?,YES,35,63.0000,100.0000,2026-07-16T21:54:03Z,2026-07-17T14:32:58Z,settled,settled,,12.9500,58.7300
bot,KXATPMATCH-26JUL17HALSHE-SHE,Will Aleksandr Shevchenko win the Halys vs Shevchenko: Quarterfinal match?,NO,28,58.0000,39.0000,2026-07-17T13:17:06Z,2026-07-17T15:11:19Z,closed,exp9_model_shift,,-5.3200,-32.7600
bot,KXWTAMATCH-26JUL17KREZHE-ZHE,Will Qinwen Zheng win the Krejcikova vs Zheng: Quarterfinal match?,YES,51,49.0000,29.0000,2026-07-16T23:25:05Z,2026-07-17T15:18:24Z,closed,exp9_stop_loss,,-10.2000,-40.8200
bot,KXWTAMATCH-26JUL17OLIBUR-OLI,Will Oleksandra Oliynykova win the Oliynykova vs Burel: Quarterfinal match?,YES,25,63.0000,99.0000,2026-07-16T20:05:48Z,2026-07-17T15:29:07Z,closed,exp9_take_profit,,9.0000,57.1400
bot_chalk,KXWTAMATCH-26JUL17OLIBUR-OLI,Will Oleksandra Oliynykova win the Oliynykova vs Burel: Quarterfinal match?,YES,25,63.0000,99.0000,2026-07-16T20:05:48Z,2026-07-17T15:29:07Z,closed,exp9_take_profit,,9.0000,57.1400
bot_hold,KXWTAMATCH-26JUL17OLIBUR-OLI,Will Oleksandra Oliynykova win the Oliynykova vs Burel: Quarterfinal match?,YES,25,63.0000,100.0000,2026-07-16T20:05:48Z,2026-07-17T15:41:06Z,settled,settled,,9.2500,58.7300
bot_hold,KXATPMATCH-26JUL17HALSHE-SHE,Will Aleksandr Shevchenko win the Halys vs Shevchenko: Quarterfinal match?,NO,28,58.0000,0.0000,2026-07-17T13:17:07Z,2026-07-17T16:03:43Z,settled,settled,,-16.2400,-100.0000
bot,KXWTAMATCH-26JUL17UDVBAD-UDV,Will Panna Udvardy win the Udvardy vs Badosa: Quarterfinal match?,NO,25,66.0000,72.0000,2026-07-16T20:48:21Z,2026-07-17T16:03:45Z,closed,exp9_model_shift,,1.5000,9.0900
bot_chalk,KXWTAMATCH-26JUL17UDVBAD-UDV,Will Panna Udvardy win the Udvardy vs Badosa: Quarterfinal match?,NO,25,66.0000,72.0000,2026-07-16T20:48:25Z,2026-07-17T16:03:45Z,closed,exp9_model_shift,,1.5000,9.0900
bot,KXATPMATCH-26JUL17RINTSI-TSI,Will Stefanos Tsitsipas win the Rinderknech vs Tsitsipas: Quarterfinal match?,NO,42,40.0000,30.0000,2026-07-17T00:04:04Z,2026-07-17T16:27:54Z,closed,exp9_model_shift,,-4.2000,-25.0000
bot_hold,KXWTAMATCH-26JUL17KREZHE-KRE,Will Barbora Krejcikova win the Krejcikova vs Zheng: Quarterfinal match?,NO,51,49.0000,0.0000,2026-07-17T11:14:09Z,2026-07-17T16:52:20Z,settled,settled,,-24.9900,-100.0000
bot,KXWTAMATCH-26JUL17VALKOR-VAL,Will Tereza Valentova win the Valentova vs Korneeva: Quarterfinal match?,NO,58,36.0000,100.0000,2026-07-17T14:53:46Z,2026-07-17T16:59:04Z,settled,settled,,37.1200,177.7800
bot_hold,KXWTAMATCH-26JUL17VALKOR-VAL,Will Tereza Valentova win the Valentova vs Korneeva: Quarterfinal match?,NO,58,36.0000,100.0000,2026-07-17T14:53:55Z,2026-07-17T16:59:04Z,settled,settled,,37.1200,177.7800
bot,KXWTAMATCH-26JUL17PARSAK-PAR,Will Alycia Parks win the Parks vs Sakkari: Quarterfinal match?,YES,64,28.0000,15.0000,2026-07-16T15:56:05Z,2026-07-17T17:03:46Z,closed,exp9_stop_loss,,-8.3200,-46.4300
bot,KXATPMATCH-26JUL17BURMER-MER,Will Daniel Merida win the Burruchaga vs Merida: Semifinal match?,NO,73,25.0000,16.0000,2026-07-17T17:01:47Z,2026-07-17T17:31:40Z,closed,exp9_stop_loss,,-6.5700,-36.0000
bot_lab,KXATPMATCH-26JUL17BURMER-MER,Will Daniel Merida win the Burruchaga vs Merida: Semifinal match?,NO,73,25.0000,9.0000,2026-07-17T17:01:49Z,2026-07-17T17:41:18Z,closed,exp9_stop_loss,,-11.6800,-64.0000
bot_hold,KXWTAMATCH-26JUL17UDVBAD-UDV,Will Panna Udvardy win the Udvardy vs Badosa: Quarterfinal match?,NO,25,66.0000,100.0000,2026-07-16T20:48:24Z,2026-07-17T17:53:01Z,settled,settled,,8.5000,51.5200
bot_hold,KXATPMATCH-26JUL17BURMER-MER,Will Daniel Merida win the Burruchaga vs Merida: Semifinal match?,NO,73,25.0000,0.0000,2026-07-17T17:01:49Z,2026-07-17T18:02:59Z,settled,settled,,-18.2500,-100.0000
bot_hold,KXWTAMATCH-26JUL17PARSAK-PAR,Will Alycia Parks win the Parks vs Sakkari: Quarterfinal match?,YES,64,28.0000,0.0000,2026-07-16T15:56:05Z,2026-07-17T18:11:55Z,settled,settled,,-17.9200,-100.0000
bot_chalk,KXWTAMATCH-26JUL17ZIDMAR-ZID,Will Tamara Zidansek win the Zidansek vs Marcinko: Quarterfinal match?,NO,23,65.0000,38.0000,2026-07-16T20:15:46Z,2026-07-17T18:27:59Z,closed,exp9_stop_loss,,-6.2100,-41.5400
bot,KXWTAMATCH-26JUL17ZIDMAR-ZID,Will Tamara Zidansek win the Zidansek vs Marcinko: Quarterfinal match?,NO,23,65.0000,38.0000,2026-07-16T20:15:45Z,2026-07-17T18:27:59Z,closed,exp9_stop_loss,,-6.2100,-41.5400
bot,KXWTAMATCH-26JUL17TAUBEJ-TAU,Will Clara Tauson win the Tauson vs Bejlek: Quarterfinal match?,NO,21,49.0000,28.0000,2026-07-17T09:45:37Z,2026-07-17T19:02:03Z,closed,exp9_stop_loss,,-4.4100,-42.8600
bot,KXATPMATCH-26JUL17DZUMOL-MOL,Will Alex Molcan win the Dzumhur vs Molcan: Semifinal match?,NO,23,33.0000,26.0000,2026-07-17T11:36:25Z,2026-07-17T19:12:45Z,closed,exp9_model_shift,,-1.6100,-21.2100
bot_lab,KXATPMATCH-26JUL17DZUMOL-MOL,Will Alex Molcan win the Dzumhur vs Molcan: Semifinal match?,NO,70,25.0000,25.0000,2026-07-17T19:34:20Z,2026-07-17T19:35:01Z,closed,exp9_model_shift,,0.0000,0.0000
bot_hold,KXWTAMATCH-26JUL17ZIDMAR-ZID,Will Tamara Zidansek win the Zidansek vs Marcinko: Quarterfinal match?,NO,23,65.0000,0.0000,2026-07-16T20:15:46Z,2026-07-17T20:02:56Z,settled,settled,,-14.9500,-100.0000
bot_hold,KXWTAMATCH-26JUL17TAUBEJ-TAU,Will Clara Tauson win the Tauson vs Bejlek: Quarterfinal match?,NO,21,49.0000,0.0000,2026-07-17T11:14:09Z,2026-07-17T20:07:55Z,settled,settled,,-10.2900,-100.0000
bot_hold,KXATPMATCH-26JUL17DZUMOL-MOL,Will Alex Molcan win the Dzumhur vs Molcan: Semifinal match?,NO,23,33.0000,100.0000,2026-07-17T11:36:34Z,2026-07-17T21:57:57Z,settled,settled,,15.4100,203.0300
bot,KXATPMATCH-26JUL18COLCER-COL,Will Raphael Collignon win the Collignon vs Cerundolo: Semifinal match?,YES,41,61.0000,41.0000,2026-07-17T15:40:33Z,2026-07-18T09:26:56Z,closed,exp9_stop_loss,,-8.2000,-32.7900
bot_lab,KXATPMATCH-26JUL18COLCER-COL,Will Raphael Collignon win the Collignon vs Cerundolo: Semifinal match?,YES,42,60.0000,34.0000,2026-07-17T16:05:46Z,2026-07-18T09:37:22Z,closed,exp9_stop_loss,,-10.9200,-43.3300
bot_hold,KXATPMATCH-26JUL18COLCER-COL,Will Raphael Collignon win the Collignon vs Cerundolo: Semifinal match?,YES,41,61.0000,100.0000,2026-07-17T15:40:36Z,2026-07-18T11:41:23Z,settled,settled,,15.9900,63.9300
bot,KXATPMATCH-26JUL18VALDAR-VAL,Will Adolfo Daniel Vallejo win the Vallejo vs Darderi: Semifinal match?,YES,91,20.0000,12.0000,2026-07-18T12:10:42Z,2026-07-18T12:27:41Z,closed,exp9_stop_loss,,-7.2800,-40.0000
bot_chalk,KXATPMATCH-26JUL18SHETSI-SHE,Will Aleksandr Shevchenko win the Shevchenko vs Tsitsipas: Semifinal match?,NO,35,69.0000,97.0000,2026-07-18T13:15:59Z,2026-07-18T13:50:06Z,closed,exp9_take_profit,,9.8000,40.5800
bot,KXATPMATCH-26JUL18SHETSI-SHE,Will Aleksandr Shevchenko win the Shevchenko vs Tsitsipas: Semifinal match?,NO,35,69.0000,97.0000,2026-07-18T13:15:59Z,2026-07-18T13:50:06Z,closed,exp9_take_profit,,9.8000,40.5800
bot_hold,KXATPMATCH-26JUL18SHETSI-SHE,Will Aleksandr Shevchenko win the Shevchenko vs Tsitsipas: Semifinal match?,NO,35,69.0000,100.0000,2026-07-18T13:15:59Z,2026-07-18T14:01:53Z,settled,settled,,10.8500,44.9300
bot_hold,KXATPMATCH-26JUL18VALDAR-VAL,Will Adolfo Daniel Vallejo win the Vallejo vs Darderi: Semifinal match?,YES,91,20.0000,0.0000,2026-07-18T12:10:45Z,2026-07-18T14:12:11Z,settled,settled,,-18.2000,-100.0000
bot,KXATPMATCH-26JUL18RUBTAB-RUB,Will Andrey Rublev win the Rublev vs Tabilo: Semifinal match?,NO,28,30.0000,18.0000,2026-07-17T19:50:43Z,2026-07-18T14:44:15Z,closed,exp9_stop_loss,,-3.3600,-40.0000
bot_lab,KXATPMATCH-26JUL18RUBTAB-TAB,Will Alejandro Tabilo win the Rublev vs Tabilo: Semifinal match?,NO,45,53.0000,73.0000,2026-07-18T16:19:44Z,2026-07-18T16:20:31Z,closed,exp9b_take_profit,,9.0000,37.7400
bot_hold,KXATPMATCH-26JUL18RUBTAB-RUB,Will Andrey Rublev win the Rublev vs Tabilo: Semifinal match?,NO,28,30.0000,0.0000,2026-07-17T19:50:43Z,2026-07-18T16:42:00Z,settled,settled,,-8.4000,-100.0000
bot,KXATPMATCH-26JUL18MERDZU-DZU,Will Damir Dzumhur win the Merida vs Dzumhur: Final match?,YES,24,33.0000,22.0000,2026-07-17T22:40:12Z,2026-07-18T17:13:14Z,closed,exp9_stop_loss,,-2.6400,-33.3300
bot,KXWTAMATCH-26JUL18BADZID-ZID,Will Tamara Zidansek win the Badosa vs Zidansek: Semifinal match?,NO,37,65.0000,58.0000,2026-07-18T18:00:31Z,2026-07-18T18:00:46Z,closed,exp9_model_shift,,-2.5900,-10.7700
bot,KXWTAMATCH-26JUL18TAUKRE-TAU,Will Clara Tauson win the Tauson vs Krejcikova: Semifinal match?,YES,24,39.0000,38.0000,2026-07-18T18:34:24Z,2026-07-18T18:37:53Z,closed,exp9_model_shift,,-0.2400,-2.5600
bot_lab,KXATPMATCH-26JUL18MERDZU-MER,Will Daniel Merida win the Merida vs Dzumhur: Final match?,YES,49,51.0000,73.0000,2026-07-18T18:34:24Z,2026-07-18T18:42:47Z,closed,exp9b_take_profit,,10.7800,43.1400
bot_hold,KXWTAMATCH-26JUL18BADZID-ZID,Will Tamara Zidansek win the Badosa vs Zidansek: Semifinal match?,NO,37,65.0000,100.0000,2026-07-18T18:00:31Z,2026-07-18T18:46:42Z,settled,settled,,12.9500,53.8500
bot_hold,KXATPMATCH-26JUL18MERDZU-DZU,Will Damir Dzumhur win the Merida vs Dzumhur: Final match?,YES,24,33.0000,0.0000,2026-07-17T22:40:13Z,2026-07-18T19:11:45Z,settled,settled,,-7.9200,-100.0000
bot_hold,KXWTAMATCH-26JUL18TAUKRE-TAU,Will Clara Tauson win the Tauson vs Krejcikova: Semifinal match?,YES,24,39.0000,0.0000,2026-07-18T18:34:24Z,2026-07-18T21:22:15Z,settled,settled,,-9.3600,-100.0000
bot,KXATPMATCH-26JUL19TSICOL-TSI,Will Stefanos Tsitsipas win the Tsitsipas vs Collignon: Final match?,NO,25,47.0000,25.0000,2026-07-18T14:56:35Z,2026-07-19T10:01:17Z,closed,exp9_stop_loss,,-5.5000,-46.8100
bot_lab,KXATPMATCH-26JUL19TSICOL-TSI,Will Stefanos Tsitsipas win the Tsitsipas vs Collignon: Final match?,NO,47,41.0000,19.0000,2026-07-19T06:30:33Z,2026-07-19T10:17:30Z,closed,exp9_stop_loss,,-10.3400,-53.6600
bot_hold,KXATPMATCH-26JUL19TSICOL-TSI,Will Stefanos Tsitsipas win the Tsitsipas vs Collignon: Final match?,NO,25,47.0000,0.0000,2026-07-18T14:56:35Z,2026-07-19T12:02:19Z,settled,settled,,-11.7500,-100.0000
bot_lab,KXATPMATCH-26JUL19RUBDAR-RUB,Will Andrey Rublev win the Rublev vs Darderi: Final match?,YES,45,55.0000,66.0000,2026-07-18T17:41:39Z,2026-07-19T12:49:01Z,closed,exp9b_take_profit,,4.9500,20.0000
bot,KXATPMATCH-26JUL19RUBDAR-RUB,Will Andrey Rublev win the Rublev vs Darderi: Final match?,YES,45,55.0000,83.0000,2026-07-18T17:41:30Z,2026-07-19T12:58:12Z,closed,exp9_take_profit,,12.6000,50.9100
bot_hold,KXATPMATCH-26JUL19RUBDAR-RUB,Will Andrey Rublev win the Rublev vs Darderi: Final match?,YES,45,55.0000,100.0000,2026-07-18T17:41:39Z,2026-07-19T13:31:57Z,settled,settled,,20.2500,81.8200
bot,KXWTAMATCH-26JUL19KRESAK-SAK,Will Maria Sakkari win the Krejcikova vs Sakkari: Final match?,NO,56,45.0000,29.0000,2026-07-19T00:04:26Z,2026-07-19T17:26:09Z,closed,exp9_stop_loss,,-8.9600,-35.5600
bot_lab,KXWTAMATCH-26JUL19KRESAK-SAK,Will Maria Sakkari win the Krejcikova vs Sakkari: Final match?,NO,56,45.0000,77.0000,2026-07-19T00:04:27Z,2026-07-19T18:07:10Z,closed,exp9b_take_profit,,17.9200,71.1100
bot_hold,KXWTAMATCH-26JUL19KRESAK-SAK,Will Maria Sakkari win the Krejcikova vs Sakkari: Final match?,NO,56,45.0000,100.0000,2026-07-19T00:04:27Z,2026-07-19T19:02:05Z,settled,settled,,30.8000,122.2200
bot,KXWTAMATCH-26JUL20OKTDOD-OKT,Will Alisa Oktiabreva win the Oktiabreva vs Dodin: Round Of 32 match?,NO,62,35.0000,24.0000,2026-07-19T09:44:21Z,2026-07-20T09:08:32Z,closed,exp9_stop_loss,,-6.8200,-31.4300
bot_lab,KXWTAMATCH-26JUL20OKTDOD-OKT,Will Alisa Oktiabreva win the Oktiabreva vs Dodin: Round Of 32 match?,NO,62,35.0000,21.0000,2026-07-19T09:44:21Z,2026-07-20T09:12:39Z,closed,exp9_stop_loss,,-8.6800,-40.0000
bot_hold,KXWTAMATCH-26JUL20OKTDOD-OKT,Will Alisa Oktiabreva win the Oktiabreva vs Dodin: Round Of 32 match?,NO,62,35.0000,100.0000,2026-07-19T09:44:21Z,2026-07-20T10:32:07Z,settled,settled,,40.3000,185.7100
bot_lab,KXATPMATCH-26JUL19NEUHAN-HAN,Will Yannick Hanfmann win the Neumayer vs Hanfmann: Round Of 32 match?,YES,36,70.0000,78.0000,2026-07-19T01:37:02Z,2026-07-20T10:52:07Z,closed,exp9b_take_profit,,2.8800,11.4300
bot_chalk,KXWTAMATCH-26JUL20SEISNI-SNI,Will Daria Snigur win the Seidel vs Snigur: Round Of 32 match?,YES,36,69.0000,100.0000,2026-07-20T10:52:42Z,2026-07-20T11:32:09Z,settled,settled,,11.1600,44.9300
bot,KXATPMATCH-26JUL19NEUHAN-HAN,Will Yannick Hanfmann win the Neumayer vs Hanfmann: Round Of 32 match?,YES,36,70.0000,51.0000,2026-07-19T01:37:02Z,2026-07-20T11:38:21Z,closed,exp9_model_shift,,-6.8400,-27.1400
bot_chalk,KXATPMATCH-26JUL19NEUHAN-HAN,Will Yannick Hanfmann win the Neumayer vs Hanfmann: Round Of 32 match?,YES,36,70.0000,51.0000,2026-07-19T01:37:02Z,2026-07-20T11:38:21Z,closed,exp9_model_shift,,-6.8400,-27.1400
bot_lab,KXWTAMATCH-26JUL20PODLEE-POD,Will Veronika Podrez win the Podrez vs Lee: Round Of 32 match?,YES,57,44.0000,28.0000,2026-07-20T10:52:45Z,2026-07-20T11:44:36Z,closed,exp9_stop_loss,,-9.1200,-36.3600
bot,KXATPMATCH-26JUL19TORBAS-TOR,Will Tiago Torres win the Torres vs Basilashvili: Round Of 32 match?,NO,40,63.0000,43.0000,2026-07-20T11:45:10Z,2026-07-20T11:48:24Z,closed,exp9_stop_loss,,-8.0000,-31.7500
bot_chalk,KXATPMATCH-26JUL19TORBAS-TOR,Will Tiago Torres win the Torres vs Basilashvili: Round Of 32 match?,NO,40,63.0000,39.0000,2026-07-20T11:45:10Z,2026-07-20T11:49:06Z,closed,exp9_stop_loss,,-9.6000,-38.1000
bot_lab,KXATPMATCH-26JUL19TORBAS-TOR,Will Tiago Torres win the Torres vs Basilashvili: Round Of 32 match?,NO,40,63.0000,39.0000,2026-07-20T11:45:10Z,2026-07-20T11:49:07Z,closed,exp9_stop_loss,,-9.6000,-38.1000
bot_hold,KXATPMATCH-26JUL19NEUHAN-HAN,Will Yannick Hanfmann win the Neumayer vs Hanfmann: Round Of 32 match?,YES,36,70.0000,100.0000,2026-07-19T01:37:02Z,2026-07-20T12:42:53Z,settled,settled,,10.8000,42.8600
bot_lab,KXATPMATCH-26JUL19DROUGO-UGO,Will Camilo Ugo Carabelli win the Droguet vs Ugo Carabelli: Round Of 32 match?,NO,26,50.0000,82.0000,2026-07-19T09:04:37Z,2026-07-20T13:09:03Z,closed,exp9b_take_profit,,8.3200,64.0000
bot,KXATPMATCH-26JUL20DIACIN-CIN,Will Federico Cina win the Diaz Acosta vs Cina: Round Of 32 match?,YES,57,39.0000,41.0000,2026-07-20T12:02:27Z,2026-07-20T13:11:36Z,closed,exp9_model_shift,,1.1400,5.1300
bot,KXWTAMATCH-26JUL20PARHAV-HAV,Will Lucie Havlickova win the Parks vs Havlickova: Round Of 32 match?,NO,51,49.0000,41.0000,2026-07-20T13:29:12Z,2026-07-20T13:30:23Z,closed,exp9_model_shift,,-4.0800,-16.3300
bot_lab,KXATPMATCH-26JUL19KOPBUS-KOP,Will Vit Kopriva win the Kopriva vs Buse: Round Of 32 match?,YES,63,36.0000,21.0000,2026-07-19T10:52:51Z,2026-07-20T14:37:12Z,closed,exp9_stop_loss,,-9.4500,-41.6700
bot,KXATPMATCH-26JUL19KOPBUS-KOP,Will Vit Kopriva win the Kopriva vs Buse: Round Of 32 match?,YES,63,36.0000,21.0000,2026-07-19T10:52:51Z,2026-07-20T14:37:12Z,closed,exp9_stop_loss,,-9.4500,-41.6700
bot,KXATPMATCH-26JUL19DROUGO-DRO,Will Titouan Droguet win the Droguet vs Ugo Carabelli: Round Of 32 match?,YES,32,50.0000,99.0000,2026-07-18T18:17:32Z,2026-07-20T14:45:19Z,closed,exp9_take_profit,,15.6800,98.0000
bot,KXWTAMATCH-26JUL20RUZSAL-RUZ,Will Antonia Ruzic win the Ruzic vs Salkova: Round Of 32 match?,YES,46,54.0000,60.0000,2026-07-20T09:26:49Z,2026-07-20T14:45:42Z,closed,exp9_model_shift,,2.7600,11.1100
bot_lab,KXWTAMATCH-26JUL20RUZSAL-RUZ,Will Antonia Ruzic win the Ruzic vs Salkova: Round Of 32 match?,YES,46,54.0000,60.0000,2026-07-20T09:26:50Z,2026-07-20T14:45:42Z,closed,exp9_model_shift,,2.7600,11.1100
bot_hold,KXATPMATCH-26JUL19DROUGO-DRO,Will Titouan Droguet win the Droguet vs Ugo Carabelli: Round Of 32 match?,YES,32,50.0000,100.0000,2026-07-18T18:17:35Z,2026-07-20T14:54:05Z,settled,settled,,16.0000,100.0000
bot,KXWTAMATCH-26JUL20PODSTU-STU,Will Julia Stusek win the Podoroska vs Stusek: Round Of 32 match?,YES,68,30.0000,21.0000,2026-07-20T15:01:13Z,2026-07-20T15:01:47Z,closed,exp9_stop_loss,,-6.1200,-30.0000
bot_hold,KXATPMATCH-26JUL20DIACIN-DIA,Will Facundo Diaz Acosta win the Diaz Acosta vs Cina: Round Of 32 match?,NO,62,38.0000,0.0000,2026-07-20T12:54:03Z,2026-07-20T15:16:45Z,settled,settled,,-23.5600,-100.0000
bot,KXWTAMATCH-26JUL20AKSCOS-COS,Will Sofia Costoulas win the Aksu vs Costoulas: Round Of 32 match?,YES,44,57.0000,57.0000,2026-07-20T15:19:58Z,2026-07-20T15:20:16Z,closed,exp9_model_shift,,0.0000,0.0000
bot_hold,KXWTAMATCH-26JUL20RUZSAL-SAL,Will Dominika Salkova win the Ruzic vs Salkova: Round Of 32 match?,NO,46,54.0000,0.0000,2026-07-20T10:35:48Z,2026-07-20T16:31:26Z,settled,settled,,-24.8400,-100.0000
bot,KXATPMATCH-26JUL19FERVAN-VAN,Will Luca Van Assche win the Ferreira Silva vs Van Assche: Round Of 32 match?,YES,30,82.0000,88.0000,2026-07-19T08:02:51Z,2026-07-20T16:40:50Z,closed,exp9_model_shift,,1.8000,7.3200
bot_lab,KXATPMATCH-26JUL19FERVAN-VAN,Will Luca Van Assche win the Ferreira Silva vs Van Assche: Round Of 32 match?,YES,30,82.0000,88.0000,2026-07-19T08:02:51Z,2026-07-20T16:40:51Z,closed,exp9_model_shift,,1.8000,7.3200
bot_chalk,KXATPMATCH-26JUL19FERVAN-VAN,Will Luca Van Assche win the Ferreira Silva vs Van Assche: Round Of 32 match?,YES,30,82.0000,88.0000,2026-07-19T08:02:51Z,2026-07-20T16:40:52Z,closed,exp9_model_shift,,1.8000,7.3200
bot_lab,KXWTAMATCH-26JUL20PODSTU-STU,Will Julia Stusek win the Podoroska vs Stusek: Round Of 32 match?,NO,56,42.0000,26.0000,2026-07-20T17:02:16Z,2026-07-20T17:02:44Z,closed,exp9_stop_loss,,-8.9600,-38.1000
bot_hold,KXATPMATCH-26JUL19KOPBUS-KOP,Will Vit Kopriva win the Kopriva vs Buse: Round Of 32 match?,YES,63,36.0000,0.0000,2026-07-19T10:52:51Z,2026-07-20T17:11:43Z,settled,settled,,-22.6800,-100.0000
bot_hold,KXWTAMATCH-26JUL20PODSTU-STU,Will Julia Stusek win the Podoroska vs Stusek: Round Of 32 match?,YES,68,30.0000,100.0000,2026-07-20T15:01:13Z,2026-07-20T17:27:16Z,settled,settled,,47.6000,233.3300
bot,KXWTAMATCH-26JUL20BONUCH-UCH,Will Moyuka Uchijima win the Bondar vs Uchijima: Round Of 32 match?,YES,71,27.0000,16.0000,2026-07-20T13:48:10Z,2026-07-20T18:17:57Z,closed,exp9_stop_loss,,-7.8100,-40.7400
bot_hold,KXATPMATCH-26JUL19FERVAN-VAN,Will Luca Van Assche win the Ferreira Silva vs Van Assche: Round Of 32 match?,YES,30,82.0000,100.0000,2026-07-19T08:02:51Z,2026-07-20T18:32:21Z,settled,settled,,5.4000,21.9500
bot_lab,KXATPMATCH-26JUL20ROCMAR-ROC,Will Henrique Rocha win the Rocha vs Martinez: Round Of 32 match?,YES,25,54.0000,30.0000,2026-07-20T14:42:51Z,2026-07-20T19:46:54Z,closed,exp9_stop_loss,,-6.0000,-44.4400
bot_hold,KXWTAMATCH-26JUL20BONUCH-UCH,Will Moyuka Uchijima win the Bondar vs Uchijima: Round Of 32 match?,YES,71,27.0000,0.0000,2026-07-20T15:20:00Z,2026-07-20T19:47:38Z,settled,settled,,-19.1700,-100.0000
bot_lab,KXWTAMATCH-26JUL21PRIUDV-UDV,Will Panna Udvardy win the Pridankina vs Udvardy: Round Of 32 match?,NO,43,41.0000,25.0000,2026-07-21T04:42:28Z,2026-07-21T08:26:30Z,closed,exp9_stop_loss,,-6.8800,-39.0200
bot,KXWTAMATCH-26JUL20SEMKRA-SEM,Will Darja Semenistaja win the Semenistaja vs Kraus: Round Of 32 match?,YES,66,28.0000,17.0000,2026-07-20T14:42:50Z,2026-07-21T09:11:20Z,closed,exp9_stop_loss,,-7.2600,-39.2900
bot_lab,KXWTAMATCH-26JUL20PARHON-PAR,Will Diane Parry win the Parry vs Hontama: Round Of 32 match?,YES,34,64.0000,63.0000,2026-07-20T15:01:13Z,2026-07-21T09:21:13Z,closed,exp9_model_shift,,-0.3400,-1.5600
bot,KXWTAMATCH-26JUL20BARYUA-YUA,Will Yue Yuan win the Bartunkova vs Yuan: Round Of 32 match?,NO,27,70.0000,45.0000,2026-07-19T10:06:37Z,2026-07-21T09:43:29Z,closed,exp9_stop_loss,,-6.7500,-35.7100
bot_lab,KXWTAMATCH-26JUL20ROMERJ-ERJ,Will Veronika Erjavec win the Romero Gormaz vs Erjavec: Round Of 32 match?,YES,29,54.0000,35.0000,2026-07-20T17:19:29Z,2026-07-21T10:21:22Z,closed,exp9_stop_loss,,-5.5100,-35.1900
bot_chalk,KXWTAMATCH-26JUL20BARYUA-YUA,Will Yue Yuan win the Bartunkova vs Yuan: Round Of 32 match?,NO,35,68.0000,40.0000,2026-07-19T12:10:02Z,2026-07-21T10:22:33Z,closed,exp9_stop_loss,,-9.8000,-41.1800
bot_hold,KXWTAMATCH-26JUL20SEMKRA-SEM,Will Darja Semenistaja win the Semenistaja vs Kraus: Round Of 32 match?,YES,66,28.0000,0.0000,2026-07-20T16:44:02Z,2026-07-21T11:11:11Z,settled,settled,,-18.4800,-100.0000
bot_hold,KXWTAMATCH-26JUL20BARYUA-YUA,Will Yue Yuan win the Bartunkova vs Yuan: Round Of 32 match?,NO,27,70.0000,100.0000,2026-07-19T10:06:37Z,2026-07-21T11:30:51Z,settled,settled,,8.1000,42.8600
bot,KXATPMATCH-26JUL19BAEKEC-BAE,Will Sebastian Baez win the Baez vs Kecmanovic: Round Of 32 match?,NO,39,55.0000,36.0000,2026-07-19T17:37:55Z,2026-07-21T11:41:44Z,closed,exp9_stop_loss,,-7.4100,-34.5500
bot_lab,KXATPMATCH-26JUL19BAEKEC-BAE,Will Sebastian Baez win the Baez vs Kecmanovic: Round Of 32 match?,NO,36,56.0000,36.0000,2026-07-19T15:44:23Z,2026-07-21T11:41:45Z,closed,exp9_stop_loss,,-7.2000,-35.7100
bot_lab,KXWTAMATCH-26JUL20SORCHA-SOR,Will Sara Sorribes Tormo win the Sorribes Tormo vs Charaeva: Round Of 32 match?,NO,36,55.0000,57.0000,2026-07-20T13:11:19Z,2026-07-21T12:17:50Z,closed,exp9b_take_profit,,0.7200,3.6400
bot,KXWTAMATCH-26JUL20SORCHA-SOR,Will Sara Sorribes Tormo win the Sorribes Tormo vs Charaeva: Round Of 32 match?,NO,32,56.0000,62.0000,2026-07-20T16:44:02Z,2026-07-21T12:21:56Z,closed,exp9_model_shift,,1.9200,10.7100
bot,KXWTAMATCH-26JUL20SAMJOI-SAM,Will Laura Samson win the Samson vs Joint: Round Of 32 match?,YES,43,28.0000,18.0000,2026-07-21T11:46:39Z,2026-07-21T12:26:29Z,closed,exp9_stop_loss,,-4.3000,-35.7100
bot,KXWTAMATCH-26JUL21CARNIE-NIE,Will Jule Niemeier win the Carle vs Niemeier: Round Of 32 match?,YES,49,25.0000,22.0000,2026-07-21T12:27:55Z,2026-07-21T12:28:23Z,closed,exp9_model_shift,,-1.4700,-12.0000
bot_lab,KXATPMATCH-26JUL21VALFEL-VAL,Will Adolfo Daniel Vallejo win the Vallejo vs Feldbausch: Round Of 32 match?,YES,36,55.0000,61.0000,2026-07-21T12:28:03Z,2026-07-21T12:32:04Z,closed,exp9b_take_profit,,2.1600,10.9100
bot_hold,KXATPMATCH-26JUL19GAUCAR-CAR,Will Pablo Carreno Busta win the Gaubas vs Carreno Busta: Round Of 32 match?,YES,24,67.0000,100.0000,2026-07-19T13:38:30Z,2026-07-21T12:37:26Z,settled,settled,,7.9200,49.2500
bot,KXATPMATCH-26JUL19GAUCAR-CAR,Will Pablo Carreno Busta win the Gaubas vs Carreno Busta: Round Of 32 match?,YES,24,67.0000,100.0000,2026-07-19T13:02:07Z,2026-07-21T12:38:27Z,settled,settled,,7.9200,49.2500
bot,KXATPMATCH-26JUL21VALFEL-VAL,Will Adolfo Daniel Vallejo win the Vallejo vs Feldbausch: Round Of 32 match?,YES,36,55.0000,52.0000,2026-07-21T12:28:01Z,2026-07-21T12:45:56Z,closed,exp9_model_shift,,-1.0800,-5.4500
bot_hold,KXWTAMATCH-26JUL20SAMJOI-SAM,Will Laura Samson win the Samson vs Joint: Round Of 32 match?,YES,43,28.0000,0.0000,2026-07-21T11:47:35Z,2026-07-21T12:46:16Z,settled,settled,,-12.0400,-100.0000
bot_lab,KXWTAMATCH-26JUL20BLIBEJ-BEJ,Will Sara Bejlek win the Blinkova vs Bejlek: Round Of 32 match?,YES,36,60.0000,38.0000,2026-07-19T18:10:29Z,2026-07-21T13:07:14Z,closed,exp9_stop_loss,,-7.9200,-36.6700
bot_hold,KXATPMATCH-26JUL19BAEKEC-BAE,Will Sebastian Baez win the Baez vs Kecmanovic: Round Of 32 match?,NO,39,55.0000,0.0000,2026-07-19T19:15:31Z,2026-07-21T13:19:31Z,settled,settled,,-21.4500,-100.0000
bot,KXWTAMATCH-26JUL20BLIBEJ-BLI,Will Anna Blinkova win the Blinkova vs Bejlek: Round Of 32 match?,NO,47,53.0000,35.0000,2026-07-21T13:25:33Z,2026-07-21T13:34:27Z,closed,exp9_stop_loss,,-8.4600,-33.9600
bot,KXWTAMATCH-26JUL20KORJIM-KOR,Will Tamara Korpatsch win the Korpatsch vs Jimenez Kasintseva: Round Of 32 match?,NO,53,32.0000,27.0000,2026-07-20T15:01:13Z,2026-07-21T13:48:32Z,closed,exp9_model_shift,,-2.6500,-15.6200
bot_lab,KXATPMATCH-26JUL19GASDZU-DZU,Will Damir Dzumhur win the Gaston vs Dzumhur: Round Of 32 match?,NO,42,43.0000,72.0000,2026-07-19T07:16:45Z,2026-07-21T14:05:37Z,closed,exp9b_take_profit,,12.1800,67.4400
bot,KXATPMATCH-26JUL19GASDZU-GAS,Will Hugo Gaston win the Gaston vs Dzumhur: Round Of 32 match?,YES,33,45.0000,80.0000,2026-07-19T05:13:09Z,2026-07-21T14:10:09Z,closed,exp9_take_profit,,11.5500,77.7800
bot_hold,KXATPMATCH-26JUL21VALFEL-FEL,Will Kilian Feldbausch win the Vallejo vs Feldbausch: Round Of 32 match?,NO,49,51.0000,0.0000,2026-07-21T13:25:35Z,2026-07-21T14:16:49Z,settled,settled,,-24.9900,-100.0000
bot_hold,KXATPMATCH-26JUL19GASDZU-GAS,Will Hugo Gaston win the Gaston vs Dzumhur: Round Of 32 match?,YES,33,45.0000,100.0000,2026-07-19T05:13:09Z,2026-07-21T14:22:36Z,settled,settled,,18.1500,122.2200
bot,KXATPMATCH-26JUL19WAWBUR-BUR,Will Roman Andres Burruchaga win the Wawrinka vs Burruchaga: Round Of 32 match?,NO,37,31.0000,27.0000,2026-07-20T18:28:26Z,2026-07-21T14:35:48Z,closed,exp9_model_shift,,-1.4800,-12.9000
bot,KXWTAMATCH-26JUL21RUSAVA-AVA,Will Elina Avanesyan win the Rus vs Avanesyan: Round Of 32 match?,NO,47,29.0000,18.0000,2026-07-21T11:08:28Z,2026-07-21T14:43:36Z,closed,exp9_stop_loss,,-5.1700,-37.9300
bot_lab,KXATPMATCH-26JUL21MERJAC-MER,Will Daniel Merida win the Merida vs Jacquet: Round Of 32 match?,YES,47,53.0000,55.0000,2026-07-21T14:44:01Z,2026-07-21T14:49:52Z,closed,exp9_model_shift,,0.9400,3.7700
bot,KXATPMATCH-26JUL21MERJAC-MER,Will Daniel Merida win the Merida vs Jacquet: Round Of 32 match?,YES,47,53.0000,55.0000,2026-07-21T14:43:32Z,2026-07-21T14:49:52Z,closed,exp9_model_shift,,0.9400,3.7700
bot_lab,KXATPMATCH-26JUL19ALTCOL-COL,Will Raphael Collignon win the Altmaier vs Collignon: Round Of 32 match?,YES,41,61.0000,36.0000,2026-07-20T12:02:53Z,2026-07-21T15:07:16Z,closed,exp9_stop_loss,,-10.2500,-40.9800
bot,KXATPMATCH-26JUL19ALTCOL-COL,Will Raphael Collignon win the Altmaier vs Collignon: Round Of 32 match?,YES,40,62.0000,36.0000,2026-07-20T15:37:47Z,2026-07-21T15:07:17Z,closed,exp9_stop_loss,,-10.4000,-41.9400
bot_hold,KXWTAMATCH-26JUL20SORCHA-SOR,Will Sara Sorribes Tormo win the Sorribes Tormo vs Charaeva: Round Of 32 match?,NO,32,56.0000,100.0000,2026-07-20T18:44:54Z,2026-07-21T15:21:13Z,settled,settled,,14.0800,78.5700
bot_hold,KXATPMATCH-26JUL21MERJAC-MER,Will Daniel Merida win the Merida vs Jacquet: Round Of 32 match?,YES,47,53.0000,0.0000,2026-07-21T14:43:57Z,2026-07-21T15:21:37Z,settled,settled,,-24.9100,-100.0000
bot_hold,KXWTAMATCH-26JUL20BLIBEJ-BLI,Will Anna Blinkova win the Blinkova vs Bejlek: Round Of 32 match?,NO,47,53.0000,100.0000,2026-07-21T13:25:35Z,2026-07-21T15:52:14Z,settled,settled,,22.0900,88.6800
bot_hold,KXWTAMATCH-26JUL21RUSAVA-AVA,Will Elina Avanesyan win the Rus vs Avanesyan: Round Of 32 match?,NO,47,29.0000,0.0000,2026-07-21T11:26:41Z,2026-07-21T15:57:04Z,settled,settled,,-13.6300,-100.0000
bot_hold,KXWTAMATCH-26JUL20KORJIM-KOR,Will Tamara Korpatsch win the Korpatsch vs Jimenez Kasintseva: Round Of 32 match?,NO,53,32.0000,0.0000,2026-07-20T17:19:29Z,2026-07-21T16:08:11Z,settled,settled,,-16.9600,-100.0000
bot_hold,KXATPMATCH-26JUL19ALTCOL-COL,Will Raphael Collignon win the Altmaier vs Collignon: Round Of 32 match?,YES,40,62.0000,0.0000,2026-07-20T17:36:27Z,2026-07-21T16:33:32Z,settled,settled,,-24.8000,-100.0000
bot_hold,KXATPMATCH-26JUL19WAWBUR-BUR,Will Roman Andres Burruchaga win the Wawrinka vs Burruchaga: Round Of 32 match?,NO,37,31.0000,0.0000,2026-07-20T19:52:16Z,2026-07-21T17:01:18Z,settled,settled,,-11.4700,-100.0000
bot_lab,KXATPMATCH-26JUL19VANFAR-VAN,Will Botic Van de Zandschulp win the Van de Zandschulp vs Faria: Round Of 32 match?,YES,50,44.0000,38.0000,2026-07-19T10:52:51Z,2026-07-21T17:24:45Z,closed,exp9_model_shift,,-3.0000,-13.6400
bot,KXATPMATCH-26JUL19VANFAR-VAN,Will Botic Van de Zandschulp win the Van de Zandschulp vs Faria: Round Of 32 match?,YES,50,44.0000,38.0000,2026-07-19T10:52:51Z,2026-07-21T17:24:45Z,closed,exp9_model_shift,,-3.0000,-13.6400
bot_hold,KXATPMATCH-26JUL19VANFAR-VAN,Will Botic Van de Zandschulp win the Van de Zandschulp vs Faria: Round Of 32 match?,YES,42,46.0000,0.0000,2026-07-19T12:06:42Z,2026-07-21T18:41:50Z,settled,settled,,-19.3200,-100.0000
bot,KXATPMATCH-26JUL22BAERIN-RIN,Will Arthur Rinderknech win the Baez vs Rinderknech: Round Of 16 match?,YES,49,51.0000,64.0000,2026-07-21T18:17:30Z,2026-07-22T09:18:19Z,closed,exp9_model_shift,,6.3700,25.4900
bot_lab,KXATPMATCH-26JUL22BAERIN-RIN,Will Arthur Rinderknech win the Baez vs Rinderknech: Round Of 16 match?,YES,49,51.0000,44.0000,2026-07-21T18:18:14Z,2026-07-22T09:32:27Z,closed,exp9_model_shift,,-3.4300,-13.7300
bot,KXATPMATCH-26JUL22HALVAC-VAC,Will Valentin Vacherot win the Halys vs Vacherot: Round Of 16 match?,YES,35,63.0000,39.0000,2026-07-21T18:18:10Z,2026-07-22T09:38:02Z,closed,exp9_stop_loss,,-8.4000,-38.1000
bot_lab,KXATPMATCH-26JUL22HALVAC-VAC,Will Valentin Vacherot win the Halys vs Vacherot: Round Of 16 match?,YES,35,63.0000,31.0000,2026-07-21T18:18:15Z,2026-07-22T10:10:32Z,closed,exp9_stop_loss,,-11.2000,-50.7900
bot_hold,KXATPMATCH-26JUL22HALVAC-VAC,Will Valentin Vacherot win the Halys vs Vacherot: Round Of 16 match?,YES,35,63.0000,0.0000,2026-07-21T18:18:12Z,2026-07-22T10:31:43Z,settled,settled,,-22.0500,-100.0000
bot,KXATPMATCH-26JUL22STRNAV-NAV,Will Mariano Navone win the Struff vs Navone: Round Of 16 match?,NO,40,36.0000,27.0000,2026-07-21T18:18:10Z,2026-07-22T10:51:30Z,closed,exp9_model_shift,,-3.6000,-25.0000
bot_lab,KXATPMATCH-26JUL22TRUHAN-HAN,Will Yannick Hanfmann win the Trungelliti vs Hanfmann: Round Of 16 match?,YES,40,63.0000,76.0000,2026-07-21T17:40:54Z,2026-07-22T11:01:39Z,closed,exp9b_take_profit,,5.2000,20.6300
bot,KXATPMATCH-26JUL22GASDRO-GAS,Will Hugo Gaston win the Gaston vs Droguet: Round Of 16 match?,YES,37,34.0000,59.0000,2026-07-21T17:40:53Z,2026-07-22T11:18:04Z,closed,exp9_model_shift,,9.2500,73.5300
bot,KXWTAMATCH-26JUL20BROJAC-JAC,Will Elsa Jacquemot win the Brockmann vs Jacquemot: Round Of 32 match?,NO,33,36.0000,22.0000,2026-07-21T11:08:29Z,2026-07-22T11:27:00Z,closed,exp9_stop_loss,,-4.6200,-38.8900
bot_hold,KXATPMATCH-26JUL22BAERIN-RIN,Will Arthur Rinderknech win the Baez vs Rinderknech: Round Of 16 match?,YES,49,51.0000,0.0000,2026-07-21T18:18:11Z,2026-07-22T11:42:00Z,settled,settled,,-24.9900,-100.0000
bot_hold,KXATPMATCH-26JUL22STRNAV-NAV,Will Mariano Navone win the Struff vs Navone: Round Of 16 match?,NO,40,36.0000,0.0000,2026-07-21T18:18:11Z,2026-07-22T12:02:33Z,settled,settled,,-14.4000,-100.0000
bot,KXATPMATCH-26JUL22FELBUS-BUS,Will Ignacio Buse win the Feldbausch vs Buse: Round Of 16 match?,YES,30,68.0000,48.0000,2026-07-21T17:58:56Z,2026-07-22T12:04:23Z,closed,exp9_model_shift,,-6.0000,-29.4100
bot_lab,KXATPMATCH-26JUL22FELBUS-FEL,Will Kilian Feldbausch win the Feldbausch vs Buse: Round Of 16 match?,NO,40,63.0000,48.0000,2026-07-21T18:36:49Z,2026-07-22T12:04:23Z,closed,exp9_model_shift,,-6.0000,-23.8100
bot,KXATPMATCH-26JUL22TRUHAN-HAN,Will Yannick Hanfmann win the Trungelliti vs Hanfmann: Round Of 16 match?,YES,40,63.0000,98.0000,2026-07-21T17:40:25Z,2026-07-22T12:06:44Z,closed,exp9_take_profit,,14.0000,55.5600
bot_lab,KXATPMATCH-26JUL22ETCROD-ETC,Will Tomas Martin Etcheverry win the Etcheverry vs Rodionov: Round Of 16 match?,YES,39,64.0000,77.0000,2026-07-21T14:04:52Z,2026-07-22T12:26:06Z,closed,exp9b_take_profit,,5.0700,20.3100
bot_hold,KXATPMATCH-26JUL22GASDRO-GAS,Will Hugo Gaston win the Gaston vs Droguet: Round Of 16 match?,YES,37,34.0000,100.0000,2026-07-21T17:40:54Z,2026-07-22T12:31:34Z,settled,settled,,24.4200,194.1200
bot_hold,KXATPMATCH-26JUL22TRUHAN-HAN,Will Yannick Hanfmann win the Trungelliti vs Hanfmann: Round Of 16 match?,YES,40,63.0000,100.0000,2026-07-21T17:40:54Z,2026-07-22T12:36:24Z,settled,settled,,14.8000,58.7300
bot,KXATPMATCH-26JUL22ETCROD-ETC,Will Tomas Martin Etcheverry win the Etcheverry vs Rodionov: Round Of 16 match?,YES,39,64.0000,79.0000,2026-07-21T14:04:52Z,2026-07-22T12:38:57Z,closed,exp9_take_profit,,5.8500,23.4400
bot_hold,KXWTAMATCH-26JUL20BROJAC-JAC,Will Elsa Jacquemot win the Brockmann vs Jacquemot: Round Of 32 match?,NO,33,36.0000,0.0000,2026-07-21T12:47:36Z,2026-07-22T12:42:22Z,settled,settled,,-11.8800,-100.0000
bot_chalk,KXWTAMATCH-26JUL20KAWBAD-BAD,Will Paula Badosa win the Kawa vs Badosa: Round Of 32 match?,YES,37,68.0000,61.0000,2026-07-19T20:36:00Z,2026-07-22T12:57:15Z,closed,exp9_model_shift,,-2.5900,-10.2900
bot_hold,KXATPMATCH-26JUL22FELBUS-BUS,Will Ignacio Buse win the Feldbausch vs Buse: Round Of 16 match?,YES,30,68.0000,100.0000,2026-07-21T17:58:56Z,2026-07-22T13:57:03Z,settled,settled,,9.6000,47.0600
bot_hold,KXATPMATCH-26JUL22ETCROD-ETC,Will Tomas Martin Etcheverry win the Etcheverry vs Rodionov: Round Of 16 match?,YES,39,64.0000,100.0000,2026-07-21T14:24:11Z,2026-07-22T14:06:23Z,settled,settled,,14.0400,56.2500
bot,KXWTAMATCH-26JUL20KAWBAD-KAW,Will Katarzyna Kawa win the Kawa vs Badosa: Round Of 32 match?,NO,35,72.0000,62.0000,2026-07-22T14:15:55Z,2026-07-22T14:17:39Z,closed,exp9_model_shift,,-3.5000,-13.8900
bot_chalk,KXATPMATCH-26JUL22BUBDIA-BUB,Will Alexander Bublik win the Bublik vs Diaz Acosta: Round Of 16 match?,YES,36,69.0000,84.0000,2026-07-22T13:38:58Z,2026-07-22T14:34:22Z,closed,exp9_model_shift,,5.4000,21.7400
bot,KXATPMATCH-26JUL22BUBDIA-BUB,Will Alexander Bublik win the Bublik vs Diaz Acosta: Round Of 16 match?,YES,36,69.0000,84.0000,2026-07-22T13:38:58Z,2026-07-22T14:34:22Z,closed,exp9_model_shift,,5.4000,21.7400
bot_hold,KXWTAMATCH-26JUL20KAWBAD-KAW,Will Katarzyna Kawa win the Kawa vs Badosa: Round Of 32 match?,NO,35,72.0000,100.0000,2026-07-22T14:16:11Z,2026-07-22T14:36:02Z,settled,settled,,9.8000,38.8900
bot,KXATPMATCH-26JUL22BORBUR-BUR,Will Roman Andres Burruchaga win the Borges vs Burruchaga: Round Of 16 match?,NO,47,53.0000,62.0000,2026-07-22T15:28:01Z,2026-07-22T15:28:02Z,closed,exp9_model_shift,,4.2300,16.9800
bot_lab,KXATPMATCH-26JUL22BORBUR-BUR,Will Roman Andres Burruchaga win the Borges vs Burruchaga: Round Of 16 match?,NO,38,53.0000,62.0000,2026-07-22T15:28:01Z,2026-07-22T15:28:02Z,closed,exp9_model_shift,,3.4200,16.9800
bot_hold,KXATPMATCH-26JUL22BUBDIA-BUB,Will Alexander Bublik win the Bublik vs Diaz Acosta: Round Of 16 match?,YES,36,69.0000,100.0000,2026-07-22T13:38:58Z,2026-07-22T15:41:05Z,settled,settled,,11.1600,44.9300
bot_hold,KXATPMATCH-26JUL22BORBUR-BUR,Will Roman Andres Burruchaga win the Borges vs Burruchaga: Round Of 16 match?,NO,47,53.0000,0.0000,2026-07-22T15:28:01Z,2026-07-22T15:56:10Z,settled,settled,,-24.9100,-100.0000
bot,KXATPMATCH-26JUL21TABTOR-TOR,Will Tiago Torres win the Tabilo vs Torres: Round Of 16 match?,NO,32,79.0000,48.0000,2026-07-22T16:56:26Z,2026-07-22T17:21:20Z,closed,exp9_stop_loss,,-9.9200,-39.2400
bot_hold,KXATPMATCH-26JUL21TABTOR-TOR,Will Tiago Torres win the Tabilo vs Torres: Round Of 16 match?,NO,32,79.0000,0.0000,2026-07-22T16:56:26Z,2026-07-22T18:06:47Z,settled,settled,,-25.2800,-100.0000
bot,KXATPMATCH-26JUL22JACBLO-BLO,Will Alexander Blockx win the Jacquet vs Blockx: Round Of 16 match?,YES,33,65.0000,46.0000,2026-07-21T18:18:10Z,2026-07-22T18:32:19Z,closed,exp9_model_shift,,-6.2700,-29.2300
bot_lab,KXATPMATCH-26JUL22JACBLO-BLO,Will Alexander Blockx win the Jacquet vs Blockx: Round Of 16 match?,YES,37,64.0000,46.0000,2026-07-21T18:37:16Z,2026-07-22T18:52:30Z,closed,exp9_model_shift,,-6.6600,-28.1200
bot_hold,KXATPMATCH-26JUL22JACBLO-BLO,Will Alexander Blockx win the Jacquet vs Blockx: Round Of 16 match?,YES,37,64.0000,100.0000,2026-07-21T18:55:32Z,2026-07-22T20:41:16Z,settled,settled,,13.3200,56.2500
bot,KXWTAMATCH-26JUL22BARTAR-TAR,Will Lanlana Tararudee win the Bartunkova vs Tararudee: Round Of 16 match?,YES,30,40.0000,21.0000,2026-07-21T17:40:53Z,2026-07-23T09:50:53Z,closed,exp9_stop_loss,,-5.7000,-47.5000
bot_lab,KXATPMATCH-26JUL23HANBAE-BAE,Will Sebastian Baez win the Hanfmann vs Baez: Quarterfinal match?,NO,54,54.0000,73.0000,2026-07-22T16:56:29Z,2026-07-23T11:29:59Z,closed,exp9b_take_profit,,10.2600,35.1900
bot,KXATPMATCH-26JUL23HANBAE-BAE,Will Sebastian Baez win the Hanfmann vs Baez: Quarterfinal match?,NO,27,54.0000,84.0000,2026-07-22T16:56:08Z,2026-07-23T11:37:16Z,closed,exp9_take_profit,,8.1000,55.5600
bot,KXWTAMATCH-26JUL23OLIROM-ROM,Will Leyre Romero Gormaz win the Oliynykova vs Romero Gormaz: Round Of 16 match?,NO,44,51.0000,82.0000,2026-07-23T12:01:28Z,2026-07-23T12:02:02Z,closed,exp9_take_profit,,13.6400,60.7800
bot_hold,KXATPMATCH-26JUL23HANBAE-BAE,Will Sebastian Baez win the Hanfmann vs Baez: Quarterfinal match?,NO,27,54.0000,100.0000,2026-07-22T16:56:26Z,2026-07-23T12:16:48Z,settled,settled,,12.4200,85.1900
bot_hold,KXWTAMATCH-26JUL22BARTAR-TAR,Will Lanlana Tararudee win the Bartunkova vs Tararudee: Round Of 16 match?,YES,30,40.0000,100.0000,2026-07-21T17:40:54Z,2026-07-23T12:31:38Z,settled,settled,,18.0000,150.0000
bot,KXATPMATCH-26JUL22VANCAR-VAN,Will Luca Van Assche win the Van Assche vs Carreno Busta: Round Of 16 match?,NO,50,50.0000,71.0000,2026-07-23T11:45:21Z,2026-07-23T12:42:06Z,closed,exp9_take_profit,,10.5000,42.0000
bot,KXATPMATCH-26JUL23ETCBUS-BUS,Will Ignacio Buse win the Etcheverry vs Buse: Quarterfinal match?,NO,37,50.0000,59.0000,2026-07-22T21:20:48Z,2026-07-23T12:43:07Z,closed,exp9_model_shift,,3.3300,18.0000
bot_lab,KXATPMATCH-26JUL23ETCBUS-BUS,Will Ignacio Buse win the Etcheverry vs Buse: Quarterfinal match?,NO,74,50.0000,59.0000,2026-07-22T21:20:49Z,2026-07-23T12:43:07Z,closed,exp9_model_shift,,6.6600,18.0000
bot_hold,KXATPMATCH-26JUL22VANCAR-VAN,Will Luca Van Assche win the Van Assche vs Carreno Busta: Round Of 16 match?,NO,50,50.0000,0.0000,2026-07-23T11:45:55Z,2026-07-23T13:26:29Z,settled,settled,,-25.0000,-100.0000
bot_hold,KXWTAMATCH-26JUL23OLIROM-ROM,Will Leyre Romero Gormaz win the Oliynykova vs Romero Gormaz: Round Of 16 match?,NO,44,51.0000,100.0000,2026-07-23T12:01:30Z,2026-07-23T13:47:26Z,settled,settled,,21.5600,96.0800
bot_lab,KXWTAMATCH-26JUL23BADUDV-UDV,Will Panna Udvardy win the Badosa vs Udvardy: Round Of 16 match?,NO,47,64.0000,48.0000,2026-07-22T19:32:58Z,2026-07-23T14:02:13Z,closed,exp9_stop_loss,,-7.5200,-25.0000
bot,KXWTAMATCH-26JUL23BADUDV-UDV,Will Panna Udvardy win the Badosa vs Udvardy: Round Of 16 match?,NO,23,64.0000,44.0000,2026-07-22T19:32:51Z,2026-07-23T14:03:44Z,closed,exp9_model_shift,,-4.6000,-31.2500
bot_hold,KXATPMATCH-26JUL23ETCBUS-BUS,Will Ignacio Buse win the Etcheverry vs Buse: Quarterfinal match?,NO,37,50.0000,100.0000,2026-07-22T21:20:49Z,2026-07-23T14:21:37Z,settled,settled,,18.5000,100.0000
bot,KXATPMATCH-26JUL23BUBMOL-MOL,Will Alex Molcan win the Bublik vs Molcan: Quarterfinal match?,NO,40,63.0000,60.0000,2026-07-22T18:23:00Z,2026-07-23T14:47:37Z,closed,exp9_model_shift,,-1.2000,-4.7600
bot_lab,KXATPMATCH-26JUL23BUBMOL-MOL,Will Alex Molcan win the Bublik vs Molcan: Quarterfinal match?,NO,79,63.0000,60.0000,2026-07-22T18:23:17Z,2026-07-23T14:47:37Z,closed,exp9_model_shift,,-2.3700,-4.7600
bot_hold,KXWTAMATCH-26JUL23BADUDV-UDV,Will Panna Udvardy win the Badosa vs Udvardy: Round Of 16 match?,NO,23,64.0000,100.0000,2026-07-22T19:32:55Z,2026-07-23T15:16:43Z,settled,settled,,8.2800,56.2500
bot_hold,KXATPMATCH-26JUL23BUBMOL-MOL,Will Alex Molcan win the Bublik vs Molcan: Quarterfinal match?,NO,40,63.0000,100.0000,2026-07-22T18:23:14Z,2026-07-23T15:46:48Z,settled,settled,,14.8000,58.7300
bot,KXWTAMATCH-26JUL23AVAPUT-PUT,Will Yulia Putintseva win the Avanesyan vs Putintseva: Round Of 16 match?,YES,31,52.0000,57.0000,2026-07-23T16:08:15Z,2026-07-23T16:08:56Z,closed,exp9_model_shift,,1.5500,9.6200
bot_hold,KXWTAMATCH-26JUL23AVAPUT-PUT,Will Yulia Putintseva win the Avanesyan vs Putintseva: Round Of 16 match?,YES,31,52.0000,0.0000,2026-07-23T16:08:36Z,2026-07-23T17:46:52Z,settled,settled,,-16.1200,-100.0000
bot_lab,KXWTAMATCH-26JUL20KUDKOR-KOR,Will Alina Korneeva win the Kudermetova vs Korneeva: Round Of 32 match?,YES,24,63.0000,63.0000,2026-07-19T11:39:11Z,2026-07-24T01:49:43Z,closed,archived,,0.0000,0.0000
bot,KXATPMATCH-26JUL24TORGAS-TOR,Will Tiago Torres win the Torres vs Gaston: Quarterfinal match?,NO,32,67.0000,65.0000,2026-07-24T11:38:49Z,2026-07-24T11:39:28Z,closed,exp9_model_shift,,-0.6400,-2.9900
bot,KXATPMATCH-26JUL24BUBETC-ETC,Will Tomas Martin Etcheverry win the Bublik vs Etcheverry: Semifinal match?,NO,22,63.0000,59.0000,2026-07-23T18:42:56Z,2026-07-24T12:42:50Z,closed,exp9_model_shift,,-0.8800,-6.3500
bot_hold,KXATPMATCH-26JUL24TORGAS-TOR,Will Tiago Torres win the Torres vs Gaston: Quarterfinal match?,NO,32,67.0000,100.0000,2026-07-24T11:38:50Z,2026-07-24T12:51:55Z,settled,settled,,10.5600,49.2500
bot_hold,KXATPMATCH-26JUL24BUBETC-ETC,Will Tomas Martin Etcheverry win the Bublik vs Etcheverry: Semifinal match?,NO,22,63.0000,100.0000,2026-07-23T18:43:01Z,2026-07-24T14:11:23Z,settled,settled,,8.1400,58.7300
bot,KXATPMATCH-26JUL24RUBVAN-VAN,Will Luca Van Assche win the Rublev vs Van Assche: Quarterfinal match?,NO,27,71.0000,38.0000,2026-07-24T14:50:08Z,2026-07-24T14:55:11Z,closed,exp9_stop_loss,,-8.9100,-46.4800
bot_hold,KXATPMATCH-26JUL24RUBVAN-VAN,Will Luca Van Assche win the Rublev vs Van Assche: Quarterfinal match?,NO,27,71.0000,0.0000,2026-07-24T14:50:14Z,2026-07-24T15:32:02Z,settled,settled,,-19.1700,-100.0000
bot,KXATPMATCH-26JUL24BURBLO-BUR,Will Roman Andres Burruchaga win the Burruchaga vs Blockx: Quarterfinal match?,NO,45,56.0000,100.0000,2026-07-23T12:21:18Z,2026-07-24T18:31:32Z,settled,settled,,19.8000,78.5700
bot_hold,KXATPMATCH-26JUL24BURBLO-BUR,Will Roman Andres Burruchaga win the Burruchaga vs Blockx: Quarterfinal match?,NO,45,56.0000,100.0000,2026-07-23T12:21:38Z,2026-07-24T18:31:32Z,settled,settled,,19.8000,78.5700
bot,KXATPMATCH-26JUL25BUBHAL-HAL,Will Quentin Halys win the Bublik vs Halys: Final match?,NO,45,56.0000,55.0000,2026-07-25T11:29:12Z,2026-07-25T11:30:13Z,closed,exp9_model_shift,,-0.4500,-1.7900
bot_lab,KXATPMATCH-26JUL25BUBHAL-HAL,Will Quentin Halys win the Bublik vs Halys: Final match?,NO,67,56.0000,55.0000,2026-07-25T11:29:27Z,2026-07-25T11:30:14Z,closed,exp9_model_shift,,-0.6700,-1.7900
bot_lab2,KXWTAMATCH-26JUL25AVABON-BON,Will Anna Bondar win the Avanesyan vs Bondar: Semifinal match?,NO,38,38.0000,65.0000,2026-07-25T07:09:19Z,2026-07-25T12:42:27Z,closed,exp9b_take_profit,,10.2600,71.0500
bot_hold,KXATPMATCH-26JUL25BUBHAL-HAL,Will Quentin Halys win the Bublik vs Halys: Final match?,NO,45,56.0000,0.0000,2026-07-25T11:29:26Z,2026-07-25T12:46:40Z,settled,settled,,-25.2000,-100.0000
bot_lab2,KXWTAMATCH-26JUL25VALSNI-VAL,Will Tereza Valentova win the Valentova vs Snigur: Semifinal match?,NO,39,42.0000,98.0000,2026-07-25T05:19:43Z,2026-07-25T13:31:15Z,closed,exp9b_take_profit,,21.8400,133.3300
bot_lab2,KXWTAMATCH-26JUL25RAKWAT-RAK,Will Kamilla Rakhimova win the Rakhimova vs Watson: Round Of 16 match?,NO,35,39.0000,27.0000,2026-07-25T07:09:19Z,2026-07-25T14:19:23Z,closed,exp9_model_shift,,-4.2000,-30.7700
bot_lab2,KXWTAMATCH-26JUL25PARIAT-PAR,Will Julieta Pareja win the Pareja vs Iatcenko: Round Of 16 match?,NO,35,44.0000,40.0000,2026-07-25T12:20:46Z,2026-07-25T14:35:03Z,closed,exp9_model_shift,,-1.4000,-9.0900
bot_lab,KXWTAMATCH-26JUL25RAKWAT-RAK,Will Kamilla Rakhimova win the Rakhimova vs Watson: Round Of 16 match?,YES,60,62.0000,40.0000,2026-07-25T05:19:43Z,2026-07-25T15:06:56Z,closed,exp9_stop_loss,,-13.2000,-35.4800
bot,KXWTAMATCH-26JUL25RAKWAT-RAK,Will Kamilla Rakhimova win the Rakhimova vs Watson: Round Of 16 match?,YES,39,63.0000,38.0000,2026-07-25T02:12:46Z,2026-07-25T15:07:48Z,closed,exp9_stop_loss,,-9.7500,-39.6800
bot_lab,KXWTAMATCH-26JUL25NGOLEP-NGO,Will Clervie Ngounoue win the Ngounoue vs Lepchenko: Round Of 16 match?,YES,75,50.0000,25.0000,2026-07-25T14:59:55Z,2026-07-25T16:21:47Z,closed,exp9_stop_loss,,-18.7500,-50.0000
bot,KXWTAMATCH-26JUL25NGOLEP-NGO,Will Clervie Ngounoue win the Ngounoue vs Lepchenko: Round Of 16 match?,YES,50,50.0000,25.0000,2026-07-25T14:59:53Z,2026-07-25T16:21:47Z,closed,exp9_stop_loss,,-12.5000,-50.0000
bot_hold,KXWTAMATCH-26JUL25RAKWAT-RAK,Will Kamilla Rakhimova win the Rakhimova vs Watson: Round Of 16 match?,YES,39,63.0000,0.0000,2026-07-25T02:12:46Z,2026-07-25T16:28:49Z,settled,settled,,-24.5700,-100.0000
bot_lab,KXWTAMATCH-26JUL25FRETEI-FRE,Will Anna Frey win the Frey vs Teixido Garcia: Round Of 16 match?,YES,53,60.0000,68.0000,2026-07-25T08:40:54Z,2026-07-25T17:34:35Z,closed,exp9b_take_profit,,4.2400,13.3300
bot,KXWTAMATCH-26JUL25FRETEI-FRE,Will Anna Frey win the Frey vs Teixido Garcia: Round Of 16 match?,YES,31,61.0000,38.0000,2026-07-25T08:03:39Z,2026-07-25T17:49:37Z,closed,exp9_stop_loss,,-7.1300,-37.7000
bot_hold,KXWTAMATCH-26JUL25NGOLEP-NGO,Will Clervie Ngounoue win the Ngounoue vs Lepchenko: Round Of 16 match?,YES,50,50.0000,0.0000,2026-07-25T14:59:55Z,2026-07-25T18:03:15Z,settled,settled,,-25.0000,-100.0000
bot_lab2,KXATPMATCH-26JUL25BLODAR-DAR,Will Luciano Darderi win the Blockx vs Darderi: Semifinal match?,NO,42,37.0000,16.0000,2026-07-25T07:09:18Z,2026-07-25T19:50:04Z,closed,exp9_stop_loss,,-8.8200,-56.7600
bot,KXWTAMATCH-26JUL25KASBOL-KAS,Will Daria Kasatkina win the Kasatkina vs Bolkvadze: Round Of 16 match?,YES,27,52.0000,32.0000,2026-07-25T19:43:32Z,2026-07-25T19:56:06Z,closed,exp9_stop_loss,,-5.4000,-38.4600
bot_lab,KXWTAMATCH-26JUL25KASBOL-KAS,Will Daria Kasatkina win the Kasatkina vs Bolkvadze: Round Of 16 match?,YES,52,50.0000,44.0000,2026-07-25T20:00:30Z,2026-07-25T20:00:53Z,closed,exp9_model_shift,,-3.1200,-12.0000
bot_lab,KXWTAMATCH-26JUL25HOZKOZ-KOZ,Will Maria Kozyreva win the Hozumi vs Kozyreva: Round Of 16 match?,YES,55,61.0000,84.0000,2026-07-25T19:43:32Z,2026-07-25T20:19:56Z,closed,exp9b_take_profit,,12.6500,37.7000
bot_lab,KXWTAMATCH-26JUL25THAJOH-JOH,Will Sofia Johnson win the Thandi vs Johnson: Round Of 16 match?,YES,48,78.0000,97.0000,2026-07-25T10:21:20Z,2026-07-25T20:41:14Z,closed,exp9b_take_profit,,9.1200,24.3600
bot,KXWTAMATCH-26JUL25HOZKOZ-KOZ,Will Maria Kozyreva win the Hozumi vs Kozyreva: Round Of 16 match?,YES,33,62.0000,98.0000,2026-07-25T13:29:36Z,2026-07-25T20:53:58Z,closed,exp9_take_profit,,11.8800,58.0600
bot_hold,KXWTAMATCH-26JUL25FRETEI-FRE,Will Anna Frey win the Frey vs Teixido Garcia: Round Of 16 match?,YES,31,61.0000,0.0000,2026-07-25T08:03:42Z,2026-07-25T21:02:15Z,settled,settled,,-18.9100,-100.0000
bot_hold,KXWTAMATCH-26JUL25HOZKOZ-KOZ,Will Maria Kozyreva win the Hozumi vs Kozyreva: Round Of 16 match?,YES,33,62.0000,100.0000,2026-07-25T13:29:57Z,2026-07-26T05:31:02Z,settled,settled,,12.5400,61.2900
bot_hold,KXATPMATCH-26JUL25MAGJOH-JOH,Will Garrett Johns win the Magadan vs Johns: Round Of 16 match?,YES,50,50.0000,0.0000,2026-07-25T10:04:59Z,2026-07-26T05:33:57Z,settled,settled,,-25.0000,-100.0000
bot_hold,KXWTAMATCH-26JUL25THAJOH-JOH,Will Sofia Johnson win the Thandi vs Johnson: Round Of 16 match?,YES,32,78.0000,100.0000,2026-07-25T10:21:20Z,2026-07-26T05:33:57Z,settled,settled,,7.0400,28.2100
bot,KXATPMATCH-26JUL25MAGJOH-JOH,Will Garrett Johns win the Magadan vs Johns: Round Of 16 match?,YES,50,50.0000,0.0000,2026-07-25T10:04:58Z,2026-07-26T05:33:57Z,settled,settled,,-25.0000,-100.0000
bot_chalk,KXWTAMATCH-26JUL25THAJOH-JOH,Will Sofia Johnson win the Thandi vs Johnson: Round Of 16 match?,YES,31,78.0000,100.0000,2026-07-25T10:21:20Z,2026-07-26T05:33:58Z,settled,settled,,6.8200,28.2100
bot_lab,KXATPMATCH-26JUL25MAGJOH-JOH,Will Garrett Johns win the Magadan vs Johns: Round Of 16 match?,YES,75,50.0000,0.0000,2026-07-25T10:04:59Z,2026-07-26T05:33:58Z,settled,settled,,-37.5000,-100.0000
bot,KXWTAMATCH-26JUL25THAJOH-JOH,Will Sofia Johnson win the Thandi vs Johnson: Round Of 16 match?,YES,32,78.0000,100.0000,2026-07-25T10:21:19Z,2026-07-26T05:33:58Z,settled,settled,,7.0400,28.2100
bot_hold,KXWTAMATCH-26JUL25KASBOL-KAS,Will Daria Kasatkina win the Kasatkina vs Bolkvadze: Round Of 16 match?,YES,27,52.0000,100.0000,2026-07-25T19:43:32Z,2026-07-26T05:33:58Z,settled,settled,,12.9600,92.3100
bot_lab2,KXATPMATCH-26JUL25MAGJOH-MAG,Will Alan Magadan win the Magadan vs Johns: Round Of 16 match?,NO,39,48.0000,0.0000,2026-07-25T08:03:42Z,2026-07-26T05:33:58Z,settled,settled,,-18.7200,-100.0000
bot,KXATPMATCH-26JUL25PASSMI-SMI,Will Colton Smith win the Pascual Ferra vs Smith: Round Of 16 match?,YES,43,58.0000,36.0000,2026-07-26T06:58:18Z,2026-07-26T07:10:08Z,closed,exp9_stop_loss,,-9.4600,-37.9300
bot_lab,KXATPMATCH-26JUL25PASSMI-SMI,Will Colton Smith win the Pascual Ferra vs Smith: Round Of 16 match?,YES,65,58.0000,36.0000,2026-07-26T06:58:27Z,2026-07-26T07:10:08Z,closed,exp9_stop_loss,,-14.3000,-37.9300
bot_hold,KXATPMATCH-26JUL25PASSMI-SMI,Will Colton Smith win the Pascual Ferra vs Smith: Round Of 16 match?,YES,43,58.0000,0.0000,2026-07-26T06:58:27Z,2026-07-26T08:01:27Z,settled,settled,,-24.9400,-100.0000
bot_lab,KXWTAMATCH-26JUL26BONKOR-BON,Will Anna Bondar win the Bondar vs Korpatsch: Final match?,YES,66,51.0000,32.0000,2026-07-25T19:26:19Z,2026-07-26T12:19:57Z,closed,exp9_stop_loss,,-12.5400,-37.2500
bot,KXWTAMATCH-26JUL26BONKOR-BON,Will Anna Bondar win the Bondar vs Korpatsch: Final match?,YES,44,51.0000,30.0000,2026-07-25T19:26:19Z,2026-07-26T12:20:26Z,closed,exp9_stop_loss,,-9.2400,-41.1800
bot_lab2,KXWTAMATCH-26JUL26SNITAG-TAG,Will Lilli Tagger win the Snigur vs Tagger: Final match?,YES,50,27.0000,37.0000,2026-07-26T12:44:56Z,2026-07-26T12:45:11Z,closed,exp9_model_shift,,5.0000,37.0400
bot,KXWTAMATCH-26JUL26SNITAG-SNI,Will Daria Snigur win the Snigur vs Tagger: Final match?,YES,23,56.0000,31.0000,2026-07-25T19:26:19Z,2026-07-26T13:03:15Z,closed,exp9_stop_loss,,-5.7500,-44.6400
bot_hold,KXWTAMATCH-26JUL26SNITAG-SNI,Will Daria Snigur win the Snigur vs Tagger: Final match?,YES,23,56.0000,0.0000,2026-07-25T19:26:19Z,2026-07-26T13:42:01Z,settled,settled,,-12.8800,-100.0000
bot_hold,KXWTAMATCH-26JUL26BONKOR-BON,Will Anna Bondar win the Bondar vs Korpatsch: Final match?,YES,44,51.0000,0.0000,2026-07-25T19:26:19Z,2026-07-26T13:42:02Z,settled,settled,,-22.4400,-100.0000
bot,KXATPMATCH-26JUL26VANBLO-VAN,Will Luca Van Assche win the Van Assche vs Blockx: Final match?,NO,25,61.0000,38.0000,2026-07-26T05:31:39Z,2026-07-26T17:15:55Z,closed,exp9_stop_loss,,-5.7500,-37.7000
bot_lab,KXATPMATCH-26JUL26VANBLO-VAN,Will Luca Van Assche win the Van Assche vs Blockx: Final match?,NO,55,59.0000,38.0000,2026-07-26T14:34:30Z,2026-07-26T17:15:55Z,closed,exp9_stop_loss,,-11.5500,-35.5900
bot_hold,KXATPMATCH-26JUL26VANBLO-VAN,Will Luca Van Assche win the Van Assche vs Blockx: Final match?,NO,25,61.0000,0.0000,2026-07-26T05:31:39Z,2026-07-26T19:21:58Z,settled,settled,,-15.2500,-100.0000
bot_hold,KXATPMATCH-26JUL27TABGRI-GRI,Will Tallon Griekspoor win the Tabilo vs Griekspoor: Round Of 32 match?,NO,23,50.0000,100.0000,2026-07-26T15:49:12Z,2026-07-27T21:48:16Z,settled,settled,,11.5000,100.0000
bot_lab2,KXATPMATCH-26JUL27TABGRI-GRI,Will Tallon Griekspoor win the Tabilo vs Griekspoor: Round Of 32 match?,NO,35,44.0000,100.0000,2026-07-27T02:37:31Z,2026-07-27T21:48:30Z,settled,settled,,19.6000,127.2700
bot_hold,KXATPMATCH-26JUL27ARNMUS-ARN,Will Matteo Arnaldi win the Arnaldi vs Musetti: Round Of 32 match?,NO,40,63.0000,100.0000,2026-07-26T15:12:24Z,2026-07-27T21:48:31Z,settled,settled,,14.8000,58.7300
bot,KXATPMATCH-26JUL27ARNMUS-ARN,Will Matteo Arnaldi win the Arnaldi vs Musetti: Round Of 32 match?,NO,40,63.0000,100.0000,2026-07-26T15:12:23Z,2026-07-27T21:48:31Z,settled,settled,,14.8000,58.7300
bot_lab,KXATPMATCH-26JUL27ARNMUS-ARN,Will Matteo Arnaldi win the Arnaldi vs Musetti: Round Of 32 match?,NO,60,63.0000,100.0000,2026-07-26T15:12:24Z,2026-07-27T21:48:31Z,settled,settled,,22.2000,58.7300
bot,KXATPMATCH-26JUL27TABGRI-GRI,Will Tallon Griekspoor win the Tabilo vs Griekspoor: Round Of 32 match?,NO,23,50.0000,100.0000,2026-07-26T15:48:50Z,2026-07-27T21:48:31Z,settled,settled,,11.5000,100.0000
bot_lab2,KXWTAMATCH-26JUL27COCTAU-TAU,Will Clara Tauson win the Cocciaretto vs Tauson: Round Of 32 match?,NO,40,30.0000,100.0000,2026-07-26T17:20:04Z,2026-07-27T21:48:31Z,settled,settled,,28.0000,233.3300
bot_lab2,KXWTAMATCH-26JUL27VOLGOL-VOL,Will Katie Volynets win the Volynets vs Golubic: Round Of 32 match?,NO,37,39.0000,81.0000,2026-07-27T08:58:21Z,2026-07-27T21:49:38Z,closed,exp9b_take_profit,,15.5400,107.6900
bot,KXWTAMATCH-26JUL26GIBMAR-MAR,Will Tatjana Maria win the Gibson vs Maria: Round Of 32 match?,NO,32,65.0000,40.0000,2026-07-26T19:19:27Z,2026-07-27T22:46:28Z,closed,exp9_stop_loss,,-8.0000,-38.4600
bot_lab2,KXATPMATCH-26JUL27NISSHA-SHA,Will Juncheng Shang win the Nishikori vs Shang: Round Of 32 match?,NO,52,27.0000,79.0000,2026-07-27T22:20:19Z,2026-07-27T23:01:02Z,closed,exp9b_take_profit,,27.0400,192.5900
bot_lab2,KXWTAMATCH-26JUL27SHYBRA-SHY,Will Iryna Shymanovich win the Shymanovich vs Brantmeier: Round Of 32 match?,NO,42,30.0000,29.0000,2026-07-27T23:37:45Z,2026-07-27T23:37:50Z,closed,exp9_model_shift,,-0.4200,-3.3300
bot_hold,KXWTAMATCH-26JUL26GIBMAR-MAR,Will Tatjana Maria win the Gibson vs Maria: Round Of 32 match?,NO,32,65.0000,0.0000,2026-07-26T19:19:27Z,2026-07-27T23:56:11Z,settled,settled,,-20.8000,-100.0000
bot_lab,KXWTAMATCH-26JUL26GIBMAR-GIB,Will Talia Gibson win the Gibson vs Maria: Round Of 32 match?,YES,54,64.0000,0.0000,2026-07-27T00:29:47Z,2026-07-27T23:56:36Z,settled,settled,,-34.5600,-100.0000
bot_lab2,KXWTAMATCH-26JUL27TJESRA-TJE,Will Janice Tjen win the Tjen vs Sramkova: Round Of 32 match?,NO,43,29.0000,14.0000,2026-07-27T05:21:32Z,2026-07-28T00:00:12Z,closed,exp9_stop_loss,,-6.4500,-51.7200
bot_lab2,KXWTAMATCH-26JUL27KRUBOU-KRU,Will Ashlyn Krueger win the Krueger vs Boulter: Round Of 32 match?,NO,41,35.0000,17.0000,2026-07-28T01:11:09Z,2026-07-28T01:41:33Z,closed,exp9_stop_loss,,-7.3800,-51.4300
bot,KXATPMATCH-26JUL26NORKOV-NOR,Will Cameron Norrie win the Norrie vs Kovacevic: Round Of 32 match?,YES,42,60.0000,59.0000,2026-07-26T19:52:45Z,2026-07-28T02:39:03Z,closed,exp9_model_shift,,-0.4200,-1.6700
bot,KXATPMATCH-26JUL27TIAATM-TIA,Will Frances Tiafoe win the Tiafoe vs Atmane: Round Of 32 match?,YES,24,70.0000,39.0000,2026-07-28T02:51:50Z,2026-07-28T03:05:35Z,closed,exp9_stop_loss,,-7.4400,-44.2900
bot_lab,KXATPMATCH-26JUL26NORKOV-NOR,Will Cameron Norrie win the Norrie vs Kovacevic: Round Of 32 match?,YES,62,60.0000,69.0000,2026-07-26T19:52:46Z,2026-07-28T03:08:27Z,closed,exp9b_take_profit,,5.5800,15.0000
bot_hold,KXATPMATCH-26JUL26NORKOV-NOR,Will Cameron Norrie win the Norrie vs Kovacevic: Round Of 32 match?,YES,42,60.0000,100.0000,2026-07-26T19:52:46Z,2026-07-28T03:56:26Z,settled,settled,,16.8000,66.6700
bot_lab2,KXATPMATCH-26JUL26WONBLA-BLA,Will Darwin Blanch win the Wong vs Blanch: Round Of 32 match?,YES,38,43.0000,21.0000,2026-07-28T04:10:38Z,2026-07-28T04:27:16Z,closed,exp9_stop_loss,,-8.3600,-51.1600
bot_lab,KXATPMATCH-26JUL27HUMMAR-MAR,Will Andres Martin win the Humbert vs Martin: Round Of 32 match?,NO,48,78.0000,91.0000,2026-07-27T21:49:39Z,2026-07-28T15:18:43Z,closed,exp9b_take_profit,,6.2400,16.6700
bot,KXWTAMATCH-26JUL27WANMCC-WAN,Will Xiyu Wang win the Wang vs McNally: Round Of 32 match?,NO,40,62.0000,37.0000,2026-07-27T21:49:39Z,2026-07-28T15:55:09Z,closed,exp9_stop_loss,,-10.0000,-40.3200
bot,KXATPMATCH-26JUL27MAJPAU-MAJ,Will Kamil Majchrzak win the Majchrzak vs Paul: Round Of 32 match?,NO,33,68.0000,42.0000,2026-07-28T15:57:12Z,2026-07-28T16:04:25Z,closed,exp9_stop_loss,,-8.5800,-38.2400
bot,KXWTAMATCH-26JUL27ALELIU-ALE,Will Ekaterina Alexandrova win the Alexandrova vs Liutova: Round Of 32 match?,YES,38,50.0000,41.0000,2026-07-28T16:18:53Z,2026-07-28T16:18:59Z,closed,exp9_model_shift,,-3.4200,-18.0000
bot_lab,KXWTAMATCH-26JUL27ALELIU-ALE,Will Ekaterina Alexandrova win the Alexandrova vs Liutova: Round Of 32 match?,YES,56,50.0000,41.0000,2026-07-28T16:18:54Z,2026-07-28T16:18:59Z,closed,exp9_model_shift,,-5.0400,-18.0000
bot_chalk,KXATPMATCH-26JUL27HUMMAR-MAR,Will Andres Martin win the Humbert vs Martin: Round Of 32 match?,NO,31,78.0000,100.0000,2026-07-27T21:49:39Z,2026-07-28T16:31:25Z,settled,settled,,6.8200,28.2100
bot,KXATPMATCH-26JUL27HUMMAR-MAR,Will Andres Martin win the Humbert vs Martin: Round Of 32 match?,NO,32,78.0000,100.0000,2026-07-27T21:49:39Z,2026-07-28T16:31:26Z,settled,settled,,7.0400,28.2100
bot_hold,KXATPMATCH-26JUL27HUMMAR-MAR,Will Andres Martin win the Humbert vs Martin: Round Of 32 match?,NO,32,78.0000,100.0000,2026-07-27T21:49:39Z,2026-07-28T16:31:26Z,settled,settled,,7.0400,28.2100
bot_lab,KXATPMATCH-26JUL27MAJPAU-PAU,Will Tommy Paul win the Majchrzak vs Paul: Round Of 32 match?,YES,55,67.0000,37.0000,2026-07-28T15:46:32Z,2026-07-28T16:31:48Z,closed,exp9_model_shift,,-16.5000,-44.7800
bot_lab,KXWTAMATCH-26JUL27WANMCC-WAN,Will Xiyu Wang win the Wang vs McNally: Round Of 32 match?,NO,54,63.0000,65.0000,2026-07-27T02:05:08Z,2026-07-28T16:47:26Z,closed,exp9b_take_profit,,1.0800,3.1700
bot_lab2,KXWTAMATCH-26JUL28BUCKUD-KUD,Will Polina Kudermetova win the Bucsa vs Kudermetova: Round Of 32 match?,YES,46,40.0000,19.0000,2026-07-28T16:34:18Z,2026-07-28T16:54:43Z,closed,exp9_stop_loss,,-9.6600,-52.5000
bot_lab,KXWTAMATCH-26JUL27SONBRA-SON,Will Zeynep Sonmez win the Sonmez vs Brace: Round Of 32 match?,YES,61,61.0000,67.0000,2026-07-28T17:01:21Z,2026-07-28T17:02:57Z,closed,exp9b_take_profit,,3.6600,9.8400
bot,KXWTAMATCH-26JUL27SONBRA-SON,Will Zeynep Sonmez win the Sonmez vs Brace: Round Of 32 match?,YES,41,61.0000,97.0000,2026-07-28T17:01:20Z,2026-07-28T17:10:00Z,closed,exp9_take_profit,,14.7600,59.0200
bot_hold,KXWTAMATCH-26JUL27SONBRA-SON,Will Zeynep Sonmez win the Sonmez vs Brace: Round Of 32 match?,YES,41,61.0000,100.0000,2026-07-28T17:01:21Z,2026-07-28T17:26:44Z,settled,settled,,15.9900,63.9300
bot_lab2,KXWTAMATCH-26JUL27ALELIU-LIU,Will Kristina Liutova win the Alexandrova vs Liutova: Round Of 32 match?,YES,47,28.0000,14.0000,2026-07-28T15:14:53Z,2026-07-28T17:33:31Z,closed,exp9_stop_loss,,-6.5800,-50.0000
bot_lab2,KXWTAMATCH-26JUL27EALZHE-EAL,Will Alexandra Eala win the Eala vs Zheng: Round Of 32 match?,YES,38,44.0000,56.0000,2026-07-26T16:42:56Z,2026-07-28T17:49:34Z,closed,exp9_model_shift,,4.5600,27.2700
bot,KXATPMATCH-26JUL27MANTIE-TIE,Will Learner Tien win the Mannarino vs Tien: Round Of 32 match?,YES,32,77.0000,48.0000,2026-07-26T19:52:46Z,2026-07-28T18:25:33Z,closed,exp9_stop_loss,,-9.2800,-37.6600
bot_hold,KXWTAMATCH-26JUL27WANMCC-WAN,Will Xiyu Wang win the Wang vs McNally: Round Of 32 match?,NO,40,62.0000,100.0000,2026-07-27T21:49:39Z,2026-07-28T18:46:28Z,settled,settled,,15.2000,61.2900
bot_hold,KXATPMATCH-26JUL27MANTIE-TIE,Will Learner Tien win the Mannarino vs Tien: Round Of 32 match?,YES,32,77.0000,0.0000,2026-07-26T19:52:46Z,2026-07-28T19:16:13Z,settled,settled,,-24.6400,-100.0000
bot_lab,KXATPMATCH-26JUL27DAMSHE-SHE,Will Ben Shelton win the Damm Jr vs Shelton: Round Of 32 match?,YES,46,81.0000,86.0000,2026-07-28T20:54:20Z,2026-07-28T21:05:40Z,closed,exp9b_take_profit,,2.3000,6.1700
bot_lab2,KXWTAMATCH-26JUL27VIDBAS-VID,Will Darja Vidmanova win the Vidmanova vs Bassols Ribera: Round Of 32 match?,NO,47,38.0000,19.0000,2026-07-27T02:53:52Z,2026-07-28T22:54:25Z,closed,exp9_stop_loss,,-8.9300,-50.0000
bot_chalk,KXATPMATCH-26JUL27DAMSHE-SHE,Will Ben Shelton win the Damm Jr vs Shelton: Round Of 32 match?,YES,31,79.0000,50.0000,2026-07-27T05:06:01Z,2026-07-29T00:14:48Z,closed,exp9_stop_loss,,-8.9900,-36.7100
bot,KXATPMATCH-26JUL27DAMSHE-SHE,Will Ben Shelton win the Damm Jr vs Shelton: Round Of 32 match?,YES,31,81.0000,50.0000,2026-07-28T20:54:20Z,2026-07-29T00:14:48Z,closed,exp9_stop_loss,,-9.6100,-38.2700
bot_hold,KXATPMATCH-26JUL27DAMSHE-SHE,Will Ben Shelton win the Damm Jr vs Shelton: Round Of 32 match?,YES,31,81.0000,100.0000,2026-07-28T20:54:20Z,2026-07-29T00:56:39Z,settled,settled,,5.8900,23.4600
bot,KXATPMATCH-26JUL28MAYDUC-DUC,Will James Duckworth win the Mayo vs Duckworth: Round Of 32 match?,YES,25,59.0000,29.0000,2026-07-28T03:39:27Z,2026-07-29T01:45:12Z,closed,exp9_stop_loss,,-7.5000,-50.8500
bot,KXATPMATCH-26JUL26SHIPAC-SHI,Will Sho Shimabukuro win the Shimabukuro vs Pacheco Mendez: Round Of 32 match?,YES,28,55.0000,54.0000,2026-07-29T01:49:24Z,2026-07-29T01:49:35Z,closed,exp9_model_shift,,-0.2800,-1.8200
bot_lab,KXWTAMATCH-26JUL27POTWIL-WIL,Will Venus Williams win the Potapova vs Williams: Round Of 32 match?,NO,44,85.0000,97.0000,2026-07-26T22:53:17Z,2026-07-29T01:51:09Z,closed,exp9b_take_profit,,5.2800,14.1200
bot_lab2,KXATPMATCH-26JUL26SHIPAC-SHI,Will Sho Shimabukuro win the Shimabukuro vs Pacheco Mendez: Round Of 32 match?,NO,47,26.0000,13.0000,2026-07-29T02:21:17Z,2026-07-29T02:47:19Z,closed,exp9_stop_loss,,-6.1100,-50.0000
bot_lab,KXATPMATCH-26JUL28MAYDUC-MAY,Will Aidan Mayo win the Mayo vs Duckworth: Round Of 32 match?,NO,64,54.0000,70.0000,2026-07-29T02:38:13Z,2026-07-29T02:55:20Z,closed,exp9b_take_profit,,10.2400,29.6300
bot_lab,KXATPMATCH-26JUL26BROMOU-MOU,Will Corentin Moutet win the Brooksby vs Moutet: Round Of 32 match?,YES,52,50.0000,32.0000,2026-07-26T20:41:49Z,2026-07-29T03:20:34Z,closed,exp9_stop_loss,,-9.3600,-36.0000
bot,KXATPMATCH-26JUL26BROMOU-MOU,Will Corentin Moutet win the Brooksby vs Moutet: Round Of 32 match?,YES,31,51.0000,30.0000,2026-07-26T17:01:15Z,2026-07-29T03:21:00Z,closed,exp9_stop_loss,,-6.5100,-41.1800
bot_lab,KXATPMATCH-26JUL26SHIPAC-SHI,Will Sho Shimabukuro win the Shimabukuro vs Pacheco Mendez: Round Of 32 match?,YES,48,54.0000,46.0000,2026-07-29T03:10:05Z,2026-07-29T03:21:35Z,closed,exp9_model_shift,,-3.8400,-14.8100
bot_hold,KXATPMATCH-26JUL28MAYDUC-MAY,Will Aidan Mayo win the Mayo vs Duckworth: Round Of 32 match?,NO,21,60.0000,100.0000,2026-07-28T04:05:48Z,2026-07-29T03:26:11Z,settled,settled,,8.4000,66.6700
bot_lab2,KXATPMATCH-26JUL26BROMOU-MOU,Will Corentin Moutet win the Brooksby vs Moutet: Round Of 32 match?,YES,35,47.0000,23.0000,2026-07-26T22:04:54Z,2026-07-29T03:55:44Z,closed,exp9_stop_loss,,-8.4000,-51.0600
bot_hold,KXATPMATCH-26JUL26SHIPAC-PAC,Will Rodrigo Pacheco Mendez win the Shimabukuro vs Pacheco Mendez: Round Of 32 match?,NO,48,50.0000,0.0000,2026-07-29T03:28:54Z,2026-07-29T04:06:23Z,settled,settled,,-24.0000,-100.0000
bot,KXATPMATCH-26JUL26SHAHIJ-HIJ,Will Rinky Hijikata win the Shapovalov vs Hijikata: Round Of 32 match?,NO,20,55.0000,59.0000,2026-07-26T16:06:32Z,2026-07-29T04:22:14Z,closed,exp9_model_shift,,0.8000,7.2700
bot_hold,KXATPMATCH-26JUL26BROMOU-MOU,Will Corentin Moutet win the Brooksby vs Moutet: Round Of 32 match?,YES,31,51.0000,0.0000,2026-07-26T17:01:25Z,2026-07-29T04:51:30Z,settled,settled,,-15.8100,-100.0000
bot_lab2,KXATPMATCH-26JUL28KWONGEA-KWON,Will Soonwoo Kwon win the Kwon vs Gea: Round Of 32 match?,YES,50,34.0000,16.0000,2026-07-29T04:43:41Z,2026-07-29T05:15:34Z,closed,exp9_stop_loss,,-9.0000,-52.9400
bot_hold,KXWTAMATCH-26JUL27POTWIL-WIL,Will Venus Williams win the Potapova vs Williams: Round Of 32 match?,NO,29,86.0000,100.0000,2026-07-26T17:38:25Z,2026-07-29T05:16:04Z,settled,settled,,4.0600,16.2800
bot_chalk,KXWTAMATCH-26JUL27POTWIL-WIL,Will Venus Williams win the Potapova vs Williams: Round Of 32 match?,NO,30,83.0000,100.0000,2026-07-29T01:17:54Z,2026-07-29T05:16:04Z,settled,settled,,5.1000,20.4800
bot,KXWTAMATCH-26JUL27POTWIL-WIL,Will Venus Williams win the Potapova vs Williams: Round Of 32 match?,NO,29,86.0000,100.0000,2026-07-26T17:38:25Z,2026-07-29T05:16:04Z,settled,settled,,4.0600,16.2800
bot_lab2,KXATPMATCH-26JUL26SHAHIJ-HIJ,Will Rinky Hijikata win the Shapovalov vs Hijikata: Round Of 32 match?,NO,36,48.0000,55.0000,2026-07-29T05:36:44Z,2026-07-29T05:36:54Z,closed,exp9_model_shift,,2.5200,14.5800
bot_hold,KXATPMATCH-26JUL26SHAHIJ-HIJ,Will Rinky Hijikata win the Shapovalov vs Hijikata: Round Of 32 match?,NO,20,55.0000,100.0000,2026-07-26T16:06:37Z,2026-07-29T06:32:02Z,settled,settled,,9.0000,81.8200
bot_lab2,KXATPMATCH-26JUL26SVRWAL-SVR,Will Dalibor Svrcina win the Svrcina vs Walton: Round Of 32 match?,YES,38,34.0000,60.0000,2026-07-26T13:58:03Z,2026-07-29T06:40:07Z,closed,exp9b_take_profit,,9.8800,76.4700
bot_lab,KXWTAMATCH-26JUL29FEREAL-EAL,Will Alexandra Eala win the Fernandez vs Eala: Round Of 16 match?,YES,49,50.0000,68.0000,2026-07-28T21:51:29Z,2026-07-29T15:23:26Z,closed,exp9b_take_profit,,8.8200,36.0000
bot_lab,KXWTAMATCH-26JUL29WANSAM-SAM,Will Liudmila Samsonova win the Wang vs Samsonova: Round Of 16 match?,YES,54,66.0000,84.0000,2026-07-28T21:19:54Z,2026-07-29T15:23:27Z,closed,exp9b_take_profit,,9.7200,27.2700
bot,KXWTAMATCH-26JUL29FEREAL-FER,Will Leylah Fernandez win the Fernandez vs Eala: Round Of 16 match?,NO,24,56.0000,73.0000,2026-07-29T01:53:51Z,2026-07-29T15:32:48Z,closed,exp9_take_profit,,4.0800,30.3600
bot_lab2,KXWTAMATCH-26JUL29FEREAL-FER,Will Leylah Fernandez win the Fernandez vs Eala: Round Of 16 match?,YES,47,26.0000,12.0000,2026-07-29T15:17:03Z,2026-07-29T15:51:07Z,closed,exp9_stop_loss,,-6.5800,-53.8500
bot_hold,KXWTAMATCH-26JUL29WANSAM-SAM,Will Liudmila Samsonova win the Wang vs Samsonova: Round Of 16 match?,YES,36,66.0000,100.0000,2026-07-28T21:19:54Z,2026-07-29T16:26:21Z,settled,settled,,12.2400,51.5200
bot,KXWTAMATCH-26JUL29WANSAM-SAM,Will Liudmila Samsonova win the Wang vs Samsonova: Round Of 16 match?,YES,36,66.0000,100.0000,2026-07-28T21:19:53Z,2026-07-29T16:26:21Z,settled,settled,,12.2400,51.5200
bot_hold,KXWTAMATCH-26JUL29FEREAL-FER,Will Leylah Fernandez win the Fernandez vs Eala: Round Of 16 match?,NO,28,55.0000,100.0000,2026-07-29T06:33:26Z,2026-07-29T17:06:19Z,settled,settled,,12.6000,81.8200
bot_lab,KXATPMATCH-26JUL27DETSI-TSI,Will Stefanos Tsitsipas win the de Minaur vs Tsitsipas: Round Of 32 match?,NO,57,53.0000,50.0000,2026-07-28T00:08:48Z,2026-07-29T17:46:55Z,closed,exp9_model_shift,,-1.7100,-5.6600
bot,KXATPMATCH-26JUL27DETSI-TSI,Will Stefanos Tsitsipas win the de Minaur vs Tsitsipas: Round Of 32 match?,NO,38,53.0000,50.0000,2026-07-27T22:50:58Z,2026-07-29T17:47:43Z,closed,exp9_model_shift,,-1.1400,-5.6600
bot_lab,KXATPMATCH-26JUL29VUKMUS-MUS,Will Lorenzo Musetti win the Vukic vs Musetti: Round Of 16 match?,YES,53,71.0000,91.0000,2026-07-28T17:38:18Z,2026-07-29T17:52:44Z,closed,exp9b_take_profit,,10.6000,28.1700
bot_lab2,KXATPMATCH-26JUL27DETSI-TSI,Will Stefanos Tsitsipas win the de Minaur vs Tsitsipas: Round Of 32 match?,YES,57,25.0000,26.0000,2026-07-29T18:06:25Z,2026-07-29T18:16:36Z,closed,exp9_model_shift,,0.5700,4.0000
bot,KXWTAMATCH-26JUL29OSOZAK-ZAK,Will Anastasia Zakharova win the Osorio vs Zakharova: Round Of 16 match?,NO,24,58.0000,35.0000,2026-07-29T18:13:11Z,2026-07-29T18:45:11Z,closed,exp9_stop_loss,,-5.5200,-39.6600
bot_hold,KXATPMATCH-26JUL27DETSI-TSI,Will Stefanos Tsitsipas win the de Minaur vs Tsitsipas: Round Of 32 match?,NO,38,53.0000,100.0000,2026-07-28T00:08:48Z,2026-07-29T19:31:37Z,settled,settled,,17.8600,88.6800
bot_hold,KXATPMATCH-26JUL29VUKMUS-MUS,Will Lorenzo Musetti win the Vukic vs Musetti: Round Of 16 match?,YES,35,71.0000,100.0000,2026-07-28T17:38:18Z,2026-07-29T19:31:58Z,settled,settled,,10.1500,40.8500
bot,KXATPMATCH-26JUL29VUKMUS-MUS,Will Lorenzo Musetti win the Vukic vs Musetti: Round Of 16 match?,YES,35,71.0000,100.0000,2026-07-28T17:38:18Z,2026-07-29T19:32:00Z,settled,settled,,10.1500,40.8500
bot_chalk,KXATPMATCH-26JUL29VUKMUS-VUK,Will Aleksandar Vukic win the Vukic vs Musetti: Round Of 16 match?,NO,35,70.0000,100.0000,2026-07-28T19:59:30Z,2026-07-29T19:32:00Z,settled,settled,,10.5000,42.8600
bot_hold,KXWTAMATCH-26JUL29OSOZAK-ZAK,Will Anastasia Zakharova win the Osorio vs Zakharova: Round Of 16 match?,NO,24,58.0000,0.0000,2026-07-29T18:13:15Z,2026-07-29T19:46:12Z,settled,settled,,-13.9200,-100.0000
bot,KXATPMATCH-26JUL29FRIMAJ-MAJ,Will Kamil Majchrzak win the Fritz vs Majchrzak: Round Of 16 match?,NO,32,75.0000,91.0000,2026-07-29T05:21:00Z,2026-07-29T19:57:37Z,closed,exp9_take_profit,,5.1200,21.3300
bot,KXWTAMATCH-26JUL29SONKAL-SON,Will Zeynep Sonmez win the Sonmez vs Kalieva: Round Of 16 match?,YES,28,55.0000,83.0000,2026-07-29T20:15:57Z,2026-07-29T20:51:29Z,closed,exp9_take_profit,,7.8400,50.9100
bot_hold,KXATPMATCH-26JUL29FRIMAJ-MAJ,Will Kamil Majchrzak win the Fritz vs Majchrzak: Round Of 16 match?,NO,32,75.0000,100.0000,2026-07-29T05:21:00Z,2026-07-29T21:01:47Z,settled,settled,,8.0000,33.3300
bot_lab2,KXWTAMATCH-26JUL29SONKAL-SON,Will Zeynep Sonmez win the Sonmez vs Kalieva: Round Of 16 match?,NO,47,26.0000,25.0000,2026-07-29T21:36:38Z,2026-07-29T21:36:44Z,closed,exp9_model_shift,,-0.4700,-3.8500
bot_lab2,KXWTAMATCH-26JUL29NAVCOC-COC,Will Elisabetta Cocciaretto win the Navarro vs Cocciaretto: Round Of 16 match?,YES,48,35.0000,95.0000,2026-07-29T18:29:22Z,2026-07-29T21:53:39Z,closed,exp9b_take_profit,,28.8000,171.4300
bot_lab2,KXWTAMATCH-26JUL29KRUOSA-OSA,Will Naomi Osaka win the Krueger vs Osaka: Round Of 16 match?,NO,49,26.0000,27.0000,2026-07-28T17:01:21Z,2026-07-29T22:41:13Z,closed,exp9_model_shift,,0.4900,3.8500
bot_hold,KXWTAMATCH-26JUL29SONKAL-SON,Will Zeynep Sonmez win the Sonmez vs Kalieva: Round Of 16 match?,YES,28,55.0000,0.0000,2026-07-29T20:15:59Z,2026-07-29T23:31:29Z,settled,settled,,-15.4000,-100.0000
bot_lab2,KXWTAMATCH-26JUL29MARZAR-ZAR,Will Renata Zarazua win the Maria vs Zarazua: Round Of 16 match?,YES,42,38.0000,38.0000,2026-07-29T08:12:59Z,2026-07-29T23:42:26Z,closed,exp9_model_shift,,0.0000,0.0000
bot_chalk,KXATPMATCH-26JUL29MICMAN-MAN,Will Adrian Mannarino win the Michelsen vs Mannarino: Round Of 16 match?,NO,35,70.0000,45.0000,2026-07-28T22:07:31Z,2026-07-30T00:03:16Z,closed,exp9_stop_loss,,-8.7500,-35.7100
bot_lab,KXATPMATCH-26JUL29MICMAN-MAN,Will Adrian Mannarino win the Michelsen vs Mannarino: Round Of 16 match?,NO,54,70.0000,86.0000,2026-07-28T22:07:31Z,2026-07-30T00:22:24Z,closed,exp9b_take_profit,,8.6400,22.8600
bot,KXATPMATCH-26JUL29MICMAN-MAN,Will Adrian Mannarino win the Michelsen vs Mannarino: Round Of 16 match?,NO,36,69.0000,98.0000,2026-07-29T00:28:57Z,2026-07-30T01:33:52Z,closed,exp9_take_profit,,10.4400,42.0300
bot_hold,KXATPMATCH-26JUL29MICMAN-MAN,Will Adrian Mannarino win the Michelsen vs Mannarino: Round Of 16 match?,NO,36,69.0000,100.0000,2026-07-29T01:02:02Z,2026-07-30T01:41:12Z,settled,settled,,11.1600,44.9300
bot_chalk,KXATPMATCH-26JUL29CERBOY-CER,Will Francisco Cerundolo win the Cerundolo vs Boyer: Round Of 16 match?,YES,30,81.0000,50.0000,2026-07-30T01:21:12Z,2026-07-30T02:12:38Z,closed,exp9_stop_loss,,-9.3000,-38.2700
bot,KXATPMATCH-26JUL29CERBOY-CER,Will Francisco Cerundolo win the Cerundolo vs Boyer: Round Of 16 match?,YES,31,81.0000,50.0000,2026-07-30T01:21:11Z,2026-07-30T02:12:38Z,closed,exp9_stop_loss,,-9.6100,-38.2700
bot_chalk,KXATPMATCH-26JUL29LEHWON-LEH,Will Jiri Lehecka win the Lehecka vs Wong: Round Of 16 match?,YES,31,79.0000,41.0000,2026-07-29T04:28:14Z,2026-07-30T02:21:51Z,closed,exp9_stop_loss,,-11.7800,-48.1000
bot,KXATPMATCH-26JUL29LEHWON-LEH,Will Jiri Lehecka win the Lehecka vs Wong: Round Of 16 match?,YES,32,79.0000,41.0000,2026-07-29T04:28:14Z,2026-07-30T02:21:51Z,closed,exp9_stop_loss,,-12.1600,-48.1000
bot_lab,KXATPMATCH-26JUL29LEHWON-WON,Will Coleman Wong win the Lehecka vs Wong: Round Of 16 match?,NO,48,78.0000,10.0000,2026-07-29T15:30:32Z,2026-07-30T02:55:28Z,closed,exp9_model_shift,,-32.6400,-87.1800
bot_lab,KXATPMATCH-26JUL29CERBOY-CER,Will Francisco Cerundolo win the Cerundolo vs Boyer: Round Of 16 match?,YES,46,81.0000,83.0000,2026-07-30T01:21:12Z,2026-07-30T02:58:25Z,closed,exp9b_take_profit,,0.9200,2.4700
bot_hold,KXATPMATCH-26JUL29CERBOY-CER,Will Francisco Cerundolo win the Cerundolo vs Boyer: Round Of 16 match?,YES,31,81.0000,100.0000,2026-07-30T01:21:12Z,2026-07-30T03:01:17Z,settled,settled,,5.8900,23.4600
bot_hold,KXATPMATCH-26JUL29LEHWON-LEH,Will Jiri Lehecka win the Lehecka vs Wong: Round Of 16 match?,YES,32,79.0000,0.0000,2026-07-29T04:59:26Z,2026-07-30T03:11:07Z,settled,settled,,-25.2800,-100.0000
bot,KXATPMATCH-26JUL29SHAPAC-PAC,Will Rodrigo Pacheco Mendez win the Shapovalov vs Pacheco Mendez: Round Of 16 match?,NO,36,69.0000,82.0000,2026-07-29T15:46:20Z,2026-07-30T03:33:45Z,closed,exp9_model_shift,,4.6800,18.8400
bot_lab,KXATPMATCH-26JUL29SHAPAC-PAC,Will Rodrigo Pacheco Mendez win the Shapovalov vs Pacheco Mendez: Round Of 16 match?,NO,54,69.0000,82.0000,2026-07-29T15:30:32Z,2026-07-30T03:33:45Z,closed,exp9_model_shift,,7.0200,18.8400
bot_chalk,KXATPMATCH-26JUL29TOMKHA-KHA,Will Karen Khachanov win the Tomic vs Khachanov: Round Of 16 match?,YES,33,75.0000,48.0000,2026-07-29T10:30:26Z,2026-07-30T04:09:02Z,closed,exp9_stop_loss,,-8.9100,-36.0000
bot,KXATPMATCH-26JUL29TOMKHA-TOM,Will Bernard Tomic win the Tomic vs Khachanov: Round Of 16 match?,NO,32,79.0000,48.0000,2026-07-29T03:25:44Z,2026-07-30T04:09:02Z,closed,exp9_stop_loss,,-9.9200,-39.2400
bot_hold,KXATPMATCH-26JUL29SHAPAC-PAC,Will Rodrigo Pacheco Mendez win the Shapovalov vs Pacheco Mendez: Round Of 16 match?,NO,34,69.0000,100.0000,2026-07-29T16:26:23Z,2026-07-30T04:31:20Z,settled,settled,,10.5400,44.9300
bot_lab,KXATPMATCH-26JUL29TOMKHA-TOM,Will Bernard Tomic win the Tomic vs Khachanov: Round Of 16 match?,NO,47,79.0000,0.0000,2026-07-29T03:25:44Z,2026-07-30T05:11:25Z,settled,settled,,-37.1300,-100.0000
bot_hold,KXATPMATCH-26JUL29TOMKHA-TOM,Will Bernard Tomic win the Tomic vs Khachanov: Round Of 16 match?,NO,32,79.0000,0.0000,2026-07-29T04:12:44Z,2026-07-30T05:11:27Z,settled,settled,,-25.2800,-100.0000
bot,KXATPMATCH-26JUL29NORDUC-NOR,Will Cameron Norrie win the Norrie vs Duckworth: Round Of 16 match?,YES,28,71.0000,72.0000,2026-07-29T23:05:12Z,2026-07-30T05:25:32Z,closed,exp9_model_shift,,0.2800,1.4100
bot_hold,KXATPMATCH-26JUL29NORDUC-NOR,Will Cameron Norrie win the Norrie vs Duckworth: Round Of 16 match?,YES,28,71.0000,100.0000,2026-07-29T23:05:12Z,2026-07-30T07:02:02Z,settled,settled,,8.1200,40.8500
bot_lab2,KXATPMATCH-26JUL30NAKMEN-MEN,Will Jakub Mensik win the Nakashima vs Mensik: Round Of 16 match?,NO,35,43.0000,37.0000,2026-07-29T19:55:01Z,2026-07-30T15:21:16Z,closed,exp9_model_shift,,-2.1000,-13.9500
bot_lab2,KXWTAMATCH-26JUL29LIUJOI-JOI,Will Maya Joint win the Liutova vs Joint: Round Of 16 match?,NO,35,42.0000,20.0000,2026-07-30T10:49:00Z,2026-07-30T16:29:42Z,closed,exp9_stop_loss,,-7.7000,-52.3800
bot,KXATPMATCH-26JUL30DEHEW-DE,Will Alex de Minaur win the de Minaur vs Hewitt: Round Of 16 match?,YES,29,87.0000,100.0000,2026-07-29T21:51:18Z,2026-07-30T18:51:29Z,settled,settled,,3.7700,14.9400
bot_hold,KXATPMATCH-26JUL30DEHEW-DE,Will Alex de Minaur win the de Minaur vs Hewitt: Round Of 16 match?,YES,29,87.0000,100.0000,2026-07-29T21:51:19Z,2026-07-30T18:51:29Z,settled,settled,,3.7700,14.9400
bot_lab,KXWTAMATCH-26JUL29TJEKAL-KAL,Will Anna Kalinskaya win the Tjen vs Kalinskaya: Round Of 16 match?,YES,71,53.0000,71.0000,2026-07-30T19:26:07Z,2026-07-30T19:26:16Z,closed,exp9b_take_profit,,12.7800,33.9600
bot,KXWTAMATCH-26JUL29TJEKAL-KAL,Will Anna Kalinskaya win the Tjen vs Kalinskaya: Round Of 16 match?,YES,47,53.0000,99.0000,2026-07-30T19:26:07Z,2026-07-30T19:27:17Z,closed,exp9_take_profit,,21.6200,86.7900
bot_hold,KXWTAMATCH-26JUL29TJEKAL-KAL,Will Anna Kalinskaya win the Tjen vs Kalinskaya: Round Of 16 match?,YES,47,53.0000,100.0000,2026-07-30T19:26:07Z,2026-07-30T19:36:15Z,settled,settled,,22.0900,88.6800
bot_lab,KXWTAMATCH-26JUL30PEGFRE-PEG,Will Jessica Pegula win the Pegula vs Frech: Round Of 16 match?,YES,47,79.0000,80.0000,2026-07-30T19:42:04Z,2026-07-30T20:33:14Z,closed,exp9b_take_profit,,0.4700,1.2700
bot_chalk,KXWTAMATCH-26JUL30PEGFRE-FRE,Will Magdalena Frech win the Pegula vs Frech: Round Of 16 match?,NO,33,75.0000,98.0000,2026-07-30T20:13:31Z,2026-07-30T20:55:14Z,closed,exp9_take_profit,,7.5900,30.6700
bot,KXWTAMATCH-26JUL30PEGFRE-PEG,Will Jessica Pegula win the Pegula vs Frech: Round Of 16 match?,YES,32,79.0000,98.0000,2026-07-30T19:42:03Z,2026-07-30T20:55:31Z,closed,exp9_take_profit,,6.0800,24.0500
bot_hold,KXWTAMATCH-26JUL30PEGFRE-PEG,Will Jessica Pegula win the Pegula vs Frech: Round Of 16 match?,YES,32,79.0000,100.0000,2026-07-30T19:42:04Z,2026-07-30T21:11:29Z,settled,settled,,6.7200,26.5800
bot_lab2,KXATPMATCH-26JUL29ATMTAB-ATM,Will Terence Atmane win the Atmane vs Tabilo: Round Of 16 match?,NO,38,48.0000,79.0000,2026-07-28T16:13:10Z,2026-07-30T22:26:37Z,closed,exp9b_take_profit,,11.7800,64.5800
bot_lab,KXATPMATCH-26JUL29ATMTAB-ATM,Will Terence Atmane win the Atmane vs Tabilo: Round Of 16 match?,NO,63,50.0000,79.0000,2026-07-30T13:56:56Z,2026-07-30T22:26:37Z,closed,exp9b_take_profit,,18.2700,58.0000
bot,KXATPMATCH-26JUL30HUMSHE-HUM,Will Ugo Humbert win the Humbert vs Shelton: Round Of 16 match?,NO,22,61.0000,60.0000,2026-07-30T23:06:55Z,2026-07-30T23:06:57Z,closed,exp9_model_shift,,-0.2200,-1.6400
bot,KXATPMATCH-26JUL29ATMTAB-ATM,Will Terence Atmane win the Atmane vs Tabilo: Round Of 16 match?,NO,42,50.0000,99.0000,2026-07-30T13:56:56Z,2026-07-30T23:20:16Z,closed,exp9_take_profit,,20.5800,98.0000
bot_hold,KXATPMATCH-26JUL29ATMTAB-ATM,Will Terence Atmane win the Atmane vs Tabilo: Round Of 16 match?,NO,42,50.0000,100.0000,2026-07-30T13:56:56Z,2026-07-30T23:26:06Z,settled,settled,,21.0000,100.0000
bot,KXWTAMATCH-26JUL30SHNPOT-SHN,Will Diana Shnaider win the Shnaider vs Potapova: Round Of 16 match?,YES,30,53.0000,72.0000,2026-07-29T19:00:43Z,2026-07-30T23:50:31Z,closed,exp9_model_shift,,5.7000,35.8500
bot_lab,KXWTAMATCH-26JUL30SHNPOT-SHN,Will Diana Shnaider win the Shnaider vs Potapova: Round Of 16 match?,YES,51,52.0000,72.0000,2026-07-29T19:48:32Z,2026-07-30T23:50:31Z,closed,exp9_model_shift,,10.2000,38.4600
bot_lab,KXATPMATCH-26JUL30HUMSHE-HUM,Will Ugo Humbert win the Humbert vs Shelton: Round Of 16 match?,NO,71,53.0000,47.0000,2026-07-30T23:51:05Z,2026-07-30T23:51:08Z,closed,exp9_model_shift,,-4.2600,-11.3200
bot_lab2,KXWTAMATCH-26JUL30STEVID-STE,Will Sloane Stephens win the Stephens vs Vidmanova: Round Of 16 match?,YES,45,31.0000,24.0000,2026-07-30T23:51:05Z,2026-07-30T23:51:08Z,closed,exp9_model_shift,,-3.1500,-22.5800
bot_lab2,KXWTAMATCH-26JUL30SHNPOT-SHN,Will Diana Shnaider win the Shnaider vs Potapova: Round Of 16 match?,NO,47,27.0000,11.0000,2026-07-30T23:51:05Z,2026-07-31T00:08:45Z,closed,exp9_stop_loss,,-7.5200,-59.2600
bot_hold,KXWTAMATCH-26JUL30SHNPOT-SHN,Will Diana Shnaider win the Shnaider vs Potapova: Round Of 16 match?,YES,30,53.0000,100.0000,2026-07-29T19:31:55Z,2026-07-31T00:42:08Z,settled,settled,,14.1000,88.6800
bot_hold,KXATPMATCH-26JUL30HUMSHE-HUM,Will Ugo Humbert win the Humbert vs Shelton: Round Of 16 match?,NO,22,61.0000,100.0000,2026-07-30T23:06:55Z,2026-07-31T01:15:42Z,settled,settled,,8.5800,63.9300
bot_lab,KXWTAMATCH-26JUL29KUDSVI-SVI,Will Elina Svitolina win the Kudermetova vs Svitolina: Round Of 16 match?,YES,58,62.0000,79.0000,2026-07-31T01:34:10Z,2026-07-31T01:37:08Z,closed,exp9b_take_profit,0.6736,9.1864,25.5500
bot,KXATPMATCH-26JUL30WONBRO-BRO,Will Jenson Brooksby win the Wong vs Brooksby: Quarterfinal match?,YES,39,64.0000,39.0000,2026-07-30T10:17:40Z,2026-07-31T02:36:25Z,closed,exp9_stop_loss,0.6495,-10.3995,-41.6600
bot,KXWTAMATCH-26JUL29KUDSVI-SVI,Will Elina Svitolina win the Kudermetova vs Svitolina: Round Of 16 match?,YES,21,65.0000,99.0000,2026-07-31T01:31:35Z,2026-07-31T02:53:47Z,closed,exp9_take_profit,0.3490,6.7910,49.7500
bot_hold,KXWTAMATCH-26JUL29KUDSVI-SVI,Will Elina Svitolina win the Kudermetova vs Svitolina: Round Of 16 match?,YES,21,65.0000,100.0000,2026-07-31T01:31:35Z,2026-07-31T03:01:21Z,settled,settled,0.3344,7.0156,51.3963
bot,KXATPMATCH-26JUL30CERGEA-GEA,Will Arthur Gea win the Cerundolo vs Gea: Quarterfinal match?,NO,22,64.0000,39.0000,2026-07-30T15:15:02Z,2026-07-31T03:28:10Z,closed,exp9_stop_loss,0.3664,-5.8664,-41.6600
bot_lab,KXATPMATCH-26JUL30WONBRO-BRO,Will Jenson Brooksby win the Wong vs Brooksby: Quarterfinal match?,YES,59,64.0000,0.0000,2026-07-30T10:17:40Z,2026-07-31T03:41:21Z,settled,settled,,-37.7600,-100.0000
bot_hold,KXATPMATCH-26JUL30WONBRO-BRO,Will Jenson Brooksby win the Wong vs Brooksby: Quarterfinal match?,YES,39,64.0000,0.0000,2026-07-30T10:17:40Z,2026-07-31T03:41:22Z,settled,settled,,-24.9600,-100.0000
bot_hold,KXATPMATCH-26JUL30CERGEA-GEA,Will Arthur Gea win the Cerundolo vs Gea: Quarterfinal match?,NO,22,64.0000,0.0000,2026-07-30T15:15:02Z,2026-07-31T03:55:50Z,settled,settled,,-14.0800,-100.0000
bot_lab,KXATPMATCH-26JUL30CERGEA-GEA,Will Arthur Gea win the Cerundolo vs Gea: Quarterfinal match?,NO,43,61.0000,0.0000,2026-07-31T01:18:05Z,2026-07-31T03:55:50Z,settled,settled,0.7161,-26.9461,-102.7300
bot_lab,KXATPMATCH-26JUL31NORTOM-NOR,Will Cameron Norrie win the Norrie vs Tomic: Quarterfinal match?,YES,53,71.0000,84.0000,2026-07-30T15:46:12Z,2026-07-31T06:22:49Z,closed,exp9b_take_profit,0.4986,6.3914,16.9800
bot_chalk,KXATPMATCH-26JUL31NORTOM-TOM,Will Bernard Tomic win the Norrie vs Tomic: Quarterfinal match?,NO,35,70.0000,97.0000,2026-07-31T05:10:43Z,2026-07-31T06:41:59Z,closed,exp9_take_profit,,9.4500,38.5700
bot,KXATPMATCH-26JUL31NORTOM-TOM,Will Bernard Tomic win the Norrie vs Tomic: Quarterfinal match?,NO,27,74.0000,97.0000,2026-07-30T11:36:28Z,2026-07-31T06:41:59Z,closed,exp9_take_profit,,6.2100,31.0800
bot_hold,KXATPMATCH-26JUL31NORTOM-TOM,Will Bernard Tomic win the Norrie vs Tomic: Quarterfinal match?,NO,27,74.0000,100.0000,2026-07-30T11:36:28Z,2026-07-31T07:01:25Z,settled,settled,,7.0200,35.1400
bot_lab2,KXWTAMATCH-26JUL31LIUMCC-LIU,Will Kristina Liutova win the Liutova vs McNally: Quarterfinal match?,YES,45,35.0000,17.0000,2026-07-31T07:40:13Z,2026-07-31T16:16:06Z,closed,exp9_stop_loss,1.1611,-9.2611,-58.8000
bot_lab2,KXATPMATCH-26JUL31DENAK-NAK,Will Brandon Nakashima win the de Minaur vs Nakashima: Quarterfinal match?,YES,34,38.0000,41.0000,2026-07-31T06:55:15Z,2026-07-31T18:12:36Z,closed,exp9_model_shift,1.1364,-0.1164,-0.9000
bot_chalk,KXATPMATCH-26JUL31DENAK-NAK,Will Brandon Nakashima win the de Minaur vs Nakashima: Quarterfinal match?,NO,31,79.0000,51.0000,2026-07-31T18:33:46Z,2026-07-31T18:45:57Z,closed,exp9_stop_loss,0.9023,-9.5823,-39.1300
bot,KXATPMATCH-26JUL31DENAK-NAK,Will Brandon Nakashima win the de Minaur vs Nakashima: Quarterfinal match?,NO,32,79.0000,47.0000,2026-07-31T18:33:45Z,2026-07-31T18:46:38Z,closed,exp9_stop_loss,0.9296,-11.1696,-44.1800
bot_lab,KXWTAMATCH-26JUL31COCOSA-COC,Will Elisabetta Cocciaretto win the Cocciaretto vs Osaka: Quarterfinal match?,NO,60,62.0000,63.0000,2026-07-31T18:52:18Z,2026-07-31T19:02:31Z,closed,exp9b_take_profit,1.9685,-1.3685,-3.6800
bot,KXWTAMATCH-26JUL31KALSTE-STE,Will Peyton Stearns win the Kalieva vs Stearns: Quarterfinal match?,NO,18,59.0000,34.0000,2026-07-31T18:18:26Z,2026-07-31T19:22:45Z,closed,exp9_stop_loss,0.5875,-5.0875,-47.9000
bot,KXWTAMATCH-26JUL31COCOSA-OSA,Will Naomi Osaka win the Cocciaretto vs Osaka: Quarterfinal match?,YES,26,67.0000,38.0000,2026-07-31T18:18:26Z,2026-07-31T19:26:32Z,closed,exp9_stop_loss,0.8312,-8.3712,-48.0600
bot_lab,KXATPMATCH-26JUL31DENAK-NAK,Will Brandon Nakashima win the de Minaur vs Nakashima: Quarterfinal match?,NO,47,79.0000,5.0000,2026-07-31T18:33:46Z,2026-07-31T20:00:18Z,closed,exp9_model_shift,0.7021,-35.4821,-95.5600
bot_hold,KXATPMATCH-26JUL31DENAK-NAK,Will Brandon Nakashima win the de Minaur vs Nakashima: Quarterfinal match?,NO,32,79.0000,0.0000,2026-07-31T18:33:46Z,2026-07-31T20:12:21Z,settled,settled,0.3716,-25.6516,-101.4700
bot_lab2,KXATPMATCH-26JUL31FRIMIC-FRI,Will Taylor Fritz win the Fritz vs Michelsen: Quarterfinal match?,NO,41,29.0000,24.0000,2026-07-31T20:26:54Z,2026-07-31T20:30:51Z,closed,exp9_model_shift,1.1144,-3.1644,-26.6100
bot_hold,KXWTAMATCH-26JUL31COCOSA-OSA,Will Naomi Osaka win the Cocciaretto vs Osaka: Quarterfinal match?,YES,26,67.0000,100.0000,2026-07-31T18:18:26Z,2026-07-31T20:34:22Z,settled,settled,0.4024,8.1776,46.9400
bot_lab,KXWTAMATCH-26JUL31SHNSAM-SHN,Will Diana Shnaider win the Shnaider vs Samsonova: Quarterfinal match?,YES,65,54.0000,62.0000,2026-07-31T04:38:32Z,2026-07-31T20:55:58Z,closed,exp9b_take_profit,1.0720,4.1280,11.7600
bot,KXWTAMATCH-26JUL31SHNSAM-SHN,Will Diana Shnaider win the Shnaider vs Samsonova: Quarterfinal match?,YES,43,54.0000,76.0000,2026-07-31T04:38:32Z,2026-07-31T21:05:13Z,closed,exp9_take_profit,0.5490,8.9110,38.3800
bot_hold,KXWTAMATCH-26JUL31SHNSAM-SHN,Will Diana Shnaider win the Shnaider vs Samsonova: Quarterfinal match?,YES,43,54.0000,100.0000,2026-07-31T04:38:32Z,2026-07-31T22:16:35Z,settled,settled,,19.7800,85.1900
bot_lab2,KXATPMATCH-26JUL31JODMUS-MUS,Will Lorenzo Musetti win the Jodar vs Musetti: Quarterfinal match?,YES,44,36.0000,42.0000,2026-07-30T15:15:02Z,2026-07-31T22:33:07Z,closed,exp9_model_shift,0.7503,1.8897,11.9300
bot_lab,KXWTAMATCH-26JUL31KALSTE-KAL,Will Elvina Kalieva win the Kalieva vs Stearns: Quarterfinal match?,YES,75,50.0000,71.0000,2026-07-31T22:47:10Z,2026-07-31T22:51:32Z,closed,exp9b_take_profit,2.3935,13.3565,35.6200
bot_lab2,KXWTAMATCH-26JUL31EALSVI-SVI,Will Elina Svitolina win the Eala vs Svitolina: Quarterfinal match?,NO,34,39.0000,46.0000,2026-07-31T04:24:14Z,2026-07-31T23:21:25Z,closed,exp9_model_shift,1.1574,1.2226,9.2200
bot_hold,KXWTAMATCH-26JUL31KALSTE-STE,Will Peyton Stearns win the Kalieva vs Stearns: Quarterfinal match?,NO,18,59.0000,100.0000,2026-07-31T18:18:26Z,2026-07-31T23:22:46Z,settled,settled,0.3048,7.0752,66.6200
bot,KXWTAMATCH-26JUL31EALSVI-EAL,Will Alexandra Eala win the Eala vs Svitolina: Quarterfinal match?,NO,16,50.0000,28.0000,2026-07-31T23:27:14Z,2026-07-31T23:59:23Z,closed,exp9_stop_loss,0.5058,-4.0258,-50.3200
bot,KXWTAMATCH-26JUL31ZAKZAR-ZAR,Will Renata Zarazua win the Zakharova vs Zarazua: Quarterfinal match?,NO,37,52.0000,30.0000,2026-08-01T00:05:06Z,2026-08-01T00:17:14Z,closed,exp9_stop_loss,1.1904,-9.3304,-48.4900
bot_lab,KXWTAMATCH-26JUL31ZAKZAR-ZAR,Will Renata Zarazua win the Zakharova vs Zarazua: Quarterfinal match?,NO,56,52.0000,30.0000,2026-08-01T00:05:06Z,2026-08-01T00:17:14Z,closed,exp9_stop_loss,1.8016,-14.1216,-48.4900
bot_lab2,KXWTAMATCH-26JUL31ZAKZAR-ZAR,Will Renata Zarazua win the Zakharova vs Zarazua: Quarterfinal match?,NO,37,49.0000,23.0000,2026-07-31T23:49:39Z,2026-08-01T00:22:21Z,closed,exp9_stop_loss,1.1059,-10.7259,-59.1600
bot_hold,KXWTAMATCH-26JUL31EALSVI-EAL,Will Alexandra Eala win the Eala vs Svitolina: Quarterfinal match?,NO,16,50.0000,0.0000,2026-07-31T23:27:14Z,2026-08-01T00:56:56Z,settled,settled,0.2800,-8.2800,-103.5000
bot_hold,KXWTAMATCH-26JUL31ZAKZAR-ZAR,Will Renata Zarazua win the Zakharova vs Zarazua: Quarterfinal match?,NO,37,52.0000,0.0000,2026-08-01T00:05:06Z,2026-08-01T01:02:00Z,settled,settled,0.6465,-19.8865,-103.3600
bot,KXWTAMATCH-26JUL31VIDVOL-VOL,Will Katie Volynets win the Vidmanova vs Volynets: Quarterfinal match?,YES,16,61.0000,37.0000,2026-07-31T07:15:41Z,2026-08-01T02:05:10Z,closed,exp9_stop_loss,0.5275,-4.3675,-44.7500
bot_lab,KXWTAMATCH-26JUL31VIDVOL-VOL,Will Katie Volynets win the Vidmanova vs Volynets: Quarterfinal match?,YES,66,54.0000,35.0000,2026-08-01T01:38:11Z,2026-08-01T02:13:50Z,closed,exp9_stop_loss,2.1987,-14.7387,-41.3500
bot_hold,KXWTAMATCH-26JUL31VIDVOL-VOL,Will Katie Volynets win the Vidmanova vs Volynets: Quarterfinal match?,YES,16,61.0000,0.0000,2026-07-31T07:15:41Z,2026-08-01T03:49:45Z,settled,settled,0.2664,-10.0264,-102.7300
bot_lab,KXATPMATCH-26JUL31WONGEA-WON,Will Coleman Wong win the Wong vs Gea: Semifinal match?,NO,57,59.0000,99.0000,2026-07-31T06:01:05Z,2026-08-01T04:29:41Z,closed,exp9b_take_profit,0.0395,22.7605,67.6800
bot_hold,KXATPMATCH-26JUL31WONGEA-WON,Will Coleman Wong win the Wong vs Gea: Semifinal match?,NO,38,59.0000,100.0000,2026-07-31T06:01:05Z,2026-08-01T04:31:50Z,settled,settled,,15.5800,69.4900
bot,KXATPMATCH-26JUL31WONGEA-WON,Will Coleman Wong win the Wong vs Gea: Semifinal match?,NO,38,59.0000,100.0000,2026-07-31T06:01:04Z,2026-08-01T04:31:50Z,settled,settled,,15.5800,69.4900
bot_lab2,KXATPMATCH-26AUG01NORSHA-SHA,Will Denis Shapovalov win the Norrie vs Shapovalov: Semifinal match?,NO,36,42.0000,21.0000,2026-08-01T05:01:37Z,2026-08-01T05:38:10Z,closed,exp9_stop_loss,1.0320,-8.5920,-56.8300
bot,KXWTAMATCH-26AUG01LIUKAL-LIU,Will Kristina Liutova win the Liutova vs Kalieva: Semifinal match?,YES,32,52.0000,32.0000,2026-08-01T18:21:56Z,2026-08-01T18:56:00Z,closed,exp9_stop_loss,1.0465,-7.4465,-44.7500
bot_lab,KXWTAMATCH-26AUG01LIUKAL-LIU,Will Kristina Liutova win the Liutova vs Kalieva: Semifinal match?,YES,48,52.0000,32.0000,2026-08-01T18:21:57Z,2026-08-01T18:56:00Z,closed,exp9_stop_loss,1.5698,-11.1698,-44.7500
bot_lab,KXWTAMATCH-26AUG01PEGSHN-SHN,Will Diana Shnaider win the Pegula vs Shnaider: Semifinal match?,NO,62,60.0000,97.0000,2026-08-01T18:16:11Z,2026-08-01T19:17:14Z,closed,exp9b_take_profit,1.1679,21.7721,58.5300
bot_lab2,KXWTAMATCH-26AUG01LIUKAL-LIU,Will Kristina Liutova win the Liutova vs Kalieva: Semifinal match?,YES,39,47.0000,90.0000,2026-08-01T18:47:16Z,2026-08-01T19:23:20Z,closed,exp9b_take_profit,0.9257,15.8443,86.4400
bot,KXWTAMATCH-26AUG01PEGSHN-SHN,Will Diana Shnaider win the Pegula vs Shnaider: Semifinal match?,NO,42,60.0000,100.0000,2026-08-01T18:16:10Z,2026-08-01T19:46:57Z,settled,settled,0.7056,16.0944,63.8700
bot_hold,KXWTAMATCH-26AUG01PEGSHN-SHN,Will Diana Shnaider win the Pegula vs Shnaider: Semifinal match?,NO,42,60.0000,100.0000,2026-08-01T18:16:11Z,2026-08-01T19:46:58Z,settled,settled,0.7056,16.0944,63.8700
bot_hold,KXWTAMATCH-26AUG01LIUKAL-LIU,Will Kristina Liutova win the Liutova vs Kalieva: Semifinal match?,YES,32,52.0000,100.0000,2026-08-01T18:21:56Z,2026-08-01T19:57:02Z,settled,settled,0.5591,14.8009,88.9500
bot_lab2,KXWTAMATCH-26AUG01OSAEAL-OSA,Will Naomi Osaka win the Osaka vs Eala: Semifinal match?,NO,33,35.0000,39.0000,2026-08-01T05:42:09Z,2026-08-01T20:03:00Z,closed,exp9_model_shift,1.0750,0.2450,2.1200
bot_lab2,KXATPMATCH-26AUG01NAKFRI-NAK,Will Brandon Nakashima win the Nakashima vs Fritz: Semifinal match?,YES,38,37.0000,34.0000,2026-08-01T07:54:08Z,2026-08-01T22:47:10Z,closed,exp9_model_shift,1.2169,-2.3569,-16.7600
bot_chalk,KXATPMATCH-26AUG01NAKFRI-FRI,Will Taylor Fritz win the Nakashima vs Fritz: Semifinal match?,YES,30,82.0000,100.0000,2026-08-01T23:15:12Z,2026-08-02T00:36:46Z,settled,settled,0.3100,5.0900,20.6900
bot_lab2,KXATPMATCH-26AUG01GEASHA-SHA,Will Denis Shapovalov win the Gea vs Shapovalov: Final match?,NO,37,35.0000,88.0000,2026-08-02T03:29:43Z,2026-08-02T04:31:18Z,closed,exp9b_take_profit,0.8627,18.7473,144.7700
bot_hold,KXWTAMATCH-26AUG02RAKWIL-RAK,Will Kamilla Rakhimova win the Rakhimova vs Williams: Round Of 128 match?,YES,33,76.0000,100.0000,2026-08-01T21:12:09Z,2026-08-04T02:48:32Z,settled,settled,0.4213,7.4987,29.9000
bot_lab2,KXATPMATCH-26AUG01GALKOP-GAL,Will Alexis Galarneau win the Galarneau vs Kopriva: Round Of 128 match?,NO,38,49.0000,100.0000,2026-08-01T18:31:40Z,2026-08-04T02:48:32Z,settled,settled,0.6647,18.7153,100.5100
bot_lab2,KXWTAMATCH-26AUG02LIUVID-VID,Will Darja Vidmanova win the Liutova vs Vidmanova: Final match?,NO,35,49.0000,100.0000,2026-08-02T05:02:20Z,2026-08-04T02:48:32Z,settled,settled,0.6123,17.2377,100.5100
bot_lab,KXATPMATCH-26AUG01VALSHA-SHA,Will Juncheng Shang win the Vallejo vs Shang: Round Of 128 match?,YES,41,59.0000,100.0000,2026-08-01T21:05:37Z,2026-08-04T02:48:32Z,settled,settled,0.6943,16.1157,66.6200
bot_chalk,KXWTAMATCH-26AUG02RAKWIL-RAK,Will Kamilla Rakhimova win the Rakhimova vs Williams: Round Of 128 match?,YES,32,76.0000,100.0000,2026-08-01T21:12:09Z,2026-08-04T02:48:32Z,settled,settled,0.4086,7.2714,29.9000
bot,KXWTAMATCH-26AUG02BIRGOL-GOL,Will Viktorija Golubic win the Birrell vs Golubic: Round Of 128 match?,NO,32,51.0000,0.0000,2026-08-01T20:50:18Z,2026-08-04T02:48:33Z,settled,settled,0.5598,-16.8798,-103.4300
bot,KXWTAMATCH-26AUG02RAKWIL-RAK,Will Kamilla Rakhimova win the Rakhimova vs Williams: Round Of 128 match?,YES,33,76.0000,100.0000,2026-08-01T21:12:09Z,2026-08-04T02:48:33Z,settled,settled,0.4213,7.4987,29.9000
bot,KXATPMATCH-26AUG01GALKOP-KOP,Will Vit Kopriva win the Galarneau vs Kopriva: Round Of 128 match?,YES,37,53.0000,100.0000,2026-08-01T09:13:05Z,2026-08-04T02:48:33Z,settled,settled,0.6452,16.7448,85.3900
bot_lab,KXATPMATCH-26AUG01MICSTR-MIC,Will Alex Michelsen win the Michelsen vs Struff: Round Of 128 match?,YES,52,71.0000,100.0000,2026-08-01T01:32:28Z,2026-08-04T02:48:33Z,settled,settled,0.7495,14.3305,38.8200
bot_lab2,KXWTAMATCH-26AUG02KALBON-BON,Will Anna Bondar win the Kalinina vs Bondar: Round Of 128 match?,YES,31,38.0000,100.0000,2026-08-02T10:03:01Z,2026-08-04T02:48:33Z,settled,settled,0.5113,18.7087,158.8200
bot_lab,KXATPMATCH-26AUG01GALKOP-KOP,Will Vit Kopriva win the Galarneau vs Kopriva: Round Of 128 match?,YES,55,53.0000,100.0000,2026-08-01T09:13:05Z,2026-08-04T02:48:33Z,settled,settled,0.9590,24.8910,85.3900
bot_lab,KXWTAMATCH-26AUG02BIRGOL-GOL,Will Viktorija Golubic win the Birrell vs Golubic: Round Of 128 match?,NO,47,51.0000,0.0000,2026-08-01T20:50:18Z,2026-08-04T02:48:33Z,settled,settled,0.8222,-24.7922,-103.4300
bot,KXATPMATCH-26AUG01VALSHA-SHA,Will Juncheng Shang win the Vallejo vs Shang: Round Of 128 match?,YES,27,59.0000,100.0000,2026-08-01T21:05:37Z,2026-08-04T02:48:33Z,settled,settled,0.4572,10.6128,66.6200
bot_hold,KXATPMATCH-26AUG01GALKOP-KOP,Will Vit Kopriva win the Galarneau vs Kopriva: Round Of 128 match?,YES,37,53.0000,100.0000,2026-08-01T09:13:05Z,2026-08-04T02:48:33Z,settled,settled,0.6452,16.7448,85.3900
bot_hold,KXATPMATCH-26AUG01MICSTR-MIC,Will Alex Michelsen win the Michelsen vs Struff: Round Of 128 match?,YES,34,71.0000,100.0000,2026-08-01T01:32:28Z,2026-08-04T02:48:33Z,settled,settled,0.4900,9.3700,38.8200
bot_hold,KXWTAMATCH-26AUG02BIRGOL-GOL,Will Viktorija Golubic win the Birrell vs Golubic: Round Of 128 match?,NO,32,51.0000,0.0000,2026-08-01T20:50:18Z,2026-08-04T02:48:33Z,settled,settled,0.5598,-16.8798,-103.4300
bot,KXATPMATCH-26AUG01MICSTR-MIC,Will Alex Michelsen win the Michelsen vs Struff: Round Of 128 match?,YES,34,71.0000,100.0000,2026-08-01T01:32:28Z,2026-08-04T02:48:33Z,settled,settled,0.4900,9.3700,38.8200
bot_hold,KXATPMATCH-26AUG01VALSHA-SHA,Will Juncheng Shang win the Vallejo vs Shang: Round Of 128 match?,YES,27,59.0000,100.0000,2026-08-01T21:05:37Z,2026-08-04T02:48:33Z,settled,settled,0.4572,10.6128,66.6200
bot_lab2,KXATPMATCH-26AUG02VUKALT-ALT,Will Daniel Altmaier win the Vukic vs Altmaier: Round Of 128 match?,YES,29,48.0000,77.0000,2026-08-02T05:33:03Z,2026-08-04T02:53:55Z,closed,exp9b_take_profit,0.8662,7.5438,54.1900
bot_lab,KXATPMATCH-26AUG02VUKALT-VUK,Will Aleksandar Vukic win the Vukic vs Altmaier: Round Of 128 match?,NO,39,51.0000,77.0000,2026-08-02T05:25:09Z,2026-08-04T02:53:55Z,closed,exp9b_take_profit,1.1657,8.9743,45.1200
bot,KXWTAMATCH-26AUG02WANKAS-WAN,Will Xinyu Wang win the Wang vs Kasatkina: Round Of 128 match?,NO,20,61.0000,37.0000,2026-08-04T02:50:05Z,2026-08-04T02:55:10Z,closed,exp9_stop_loss,0.6594,-5.4594,-44.7500
bot_lab,KXWTAMATCH-26AUG02WANKAS-KAS,Will Daria Kasatkina win the Wang vs Kasatkina: Round Of 128 match?,YES,61,56.0000,78.0000,2026-08-04T03:21:06Z,2026-08-04T03:23:25Z,closed,exp9b_take_profit,1.7848,11.6352,34.0600
bot_lab2,KXATPMATCH-26AUG01MAJMON-MON,Will Gael Monfils win the Majchrzak vs Monfils: Round Of 128 match?,YES,37,27.0000,80.0000,2026-08-01T09:21:40Z,2026-08-04T03:30:59Z,closed,exp9b_take_profit,0.9249,18.6851,187.0400
bot_hold,KXWTAMATCH-26AUG02WANKAS-WAN,Will Xinyu Wang win the Wang vs Kasatkina: Round Of 128 match?,NO,20,61.0000,100.0000,2026-08-04T02:50:05Z,2026-08-04T03:36:39Z,settled,settled,0.3331,7.4669,61.2000
bot_lab,KXATPMATCH-26AUG01BAEBEL-BAE,Will Sebastian Baez win the Baez vs Bellucci: Round Of 128 match?,YES,61,50.0000,79.0000,2026-08-01T13:47:58Z,2026-08-04T15:49:32Z,closed,exp9b_take_profit,1.7759,15.9141,52.1800
bot_lab2,KXATPMATCH-26AUG01BAEBEL-BAE,Will Sebastian Baez win the Baez vs Bellucci: Round Of 128 match?,YES,37,48.0000,79.0000,2026-08-01T11:12:20Z,2026-08-04T15:49:32Z,closed,exp9b_take_profit,1.0762,10.3938,58.5200
bot_lab2,KXATPMATCH-26AUG03WALBRO-BRO,Will Jenson Brooksby win the Walton vs Brooksby: Round Of 128 match?,NO,37,45.0000,22.0000,2026-08-04T02:50:05Z,2026-08-04T15:52:13Z,closed,exp9_stop_loss,1.0854,-9.5954,-57.6300
bot,KXATPMATCH-26AUG01BAEBEL-BAE,Will Sebastian Baez win the Baez vs Bellucci: Round Of 128 match?,YES,41,50.0000,98.0000,2026-08-01T13:47:58Z,2026-08-04T16:17:44Z,closed,exp9_take_profit,0.7738,18.9062,92.2300
bot,KXATPMATCH-26AUG03CHATIR-TIR,Will Thiago Agustin Tirante win the Chan vs Tirante: Round Of 128 match?,YES,31,74.0000,41.0000,2026-08-04T02:50:05Z,2026-08-04T16:27:28Z,closed,exp9_stop_loss,0.9424,-11.1724,-48.7000
bot_hold,KXATPMATCH-26AUG01BAEBEL-BAE,Will Sebastian Baez win the Baez vs Bellucci: Round Of 128 match?,YES,41,50.0000,100.0000,2026-08-01T13:47:58Z,2026-08-04T16:31:32Z,settled,settled,0.7175,19.7825,96.5000
bot_lab,KXATPMATCH-26AUG03CHATIR-TIR,Will Thiago Agustin Tirante win the Chan vs Tirante: Round Of 128 match?,YES,56,67.0000,74.0000,2026-08-04T16:05:52Z,2026-08-04T16:53:52Z,closed,exp9b_take_profit,1.6209,2.2991,6.1300
bot_hold,KXATPMATCH-26AUG03CHATIR-TIR,Will Thiago Agustin Tirante win the Chan vs Tirante: Round Of 128 match?,YES,31,74.0000,100.0000,2026-08-04T02:50:05Z,2026-08-04T17:12:09Z,settled,settled,0.4175,7.6425,33.3200
bot,KXATPMATCH-26AUG01SVASHA-SHA,Will Denis Shapovalov win the Svajda vs Shapovalov: Round Of 128 match?,YES,16,56.0000,74.0000,2026-08-04T17:07:29Z,2026-08-04T17:15:54Z,closed,exp9_take_profit,0.4915,2.3885,26.6600
bot_lab2,KXWTAMATCH-26AUG04VEKGOL-VEK,Will Donna Vekic win the Vekic vs Golubic: Round Of 64 match?,NO,42,44.0000,69.0000,2026-08-04T03:05:41Z,2026-08-04T17:22:49Z,closed,exp9b_take_profit,1.3533,9.1467,49.5000
bot_lab,KXATPMATCH-26AUG01MERDRA-MER,Will Daniel Merida win the Merida vs Draxl: Round Of 128 match?,YES,65,58.0000,36.0000,2026-08-04T02:50:05Z,2026-08-04T17:29:57Z,closed,exp9_stop_loss,2.1567,-16.4567,-43.6500
bot,KXATPMATCH-26AUG01MERDRA-MER,Will Daniel Merida win the Merida vs Draxl: Round Of 128 match?,YES,43,58.0000,36.0000,2026-08-04T02:50:05Z,2026-08-04T17:29:58Z,closed,exp9_stop_loss,1.4267,-10.8867,-43.6500
bot_lab2,KXATPMATCH-26AUG01SVASHA-SVA,Will Zachary Svajda win the Svajda vs Shapovalov: Round Of 128 match?,YES,39,27.0000,72.0000,2026-08-04T17:23:05Z,2026-08-04T18:35:38Z,closed,exp9b_take_profit,1.0885,16.4615,156.3300
bot_lab,KXWTAMATCH-26AUG04KOSSEB-SEB,Will Katherine Sebov win the Kostyuk vs Sebov: Round Of 64 match?,NO,48,78.0000,97.0000,2026-08-04T18:56:43Z,2026-08-04T19:35:58Z,closed,exp9b_take_profit,0.6744,8.4456,22.5600
bot_lab2,KXWTAMATCH-26AUG04CHWGIB-CHW,Will Maja Chwalinska win the Chwalinska vs Gibson: Round Of 64 match?,YES,43,36.0000,18.0000,2026-08-04T19:27:25Z,2026-08-04T19:43:41Z,closed,exp9_stop_loss,1.1378,-8.8778,-57.3500
bot_lab,KXATPMATCH-26AUG01MPEVAN-VAN,Will Botic Van de Zandschulp win the Mpetshi Perricard vs Van de Zandschulp: Round Of 128 match?,YES,49,50.0000,69.0000,2026-08-01T19:02:46Z,2026-08-04T19:45:50Z,closed,exp9b_take_profit,1.5912,7.7188,31.5100
bot,KXATPMATCH-26AUG01ATMDRA-DRA,Will Jack Draper win the Atmane vs Draper: Round Of 128 match?,YES,39,64.0000,39.0000,2026-08-01T06:35:27Z,2026-08-04T19:46:42Z,closed,exp9_stop_loss,1.2785,-11.0285,-44.1800
bot_lab2,KXATPMATCH-26AUG01MPEVAN-VAN,Will Botic Van de Zandschulp win the Mpetshi Perricard vs Van de Zandschulp: Round Of 128 match?,NO,36,29.0000,28.0000,2026-08-04T19:42:49Z,2026-08-04T20:00:55Z,closed,exp9_model_shift,1.0269,-1.3869,-13.2800
bot,KXWTAMATCH-26AUG04KOSSEB-SEB,Will Katherine Sebov win the Kostyuk vs Sebov: Round Of 64 match?,NO,32,78.0000,100.0000,2026-08-04T18:56:42Z,2026-08-04T20:07:00Z,settled,settled,0.3844,6.6556,26.6700
bot_chalk,KXWTAMATCH-26AUG04KOSSEB-SEB,Will Katherine Sebov win the Kostyuk vs Sebov: Round Of 64 match?,NO,31,78.0000,100.0000,2026-08-04T18:56:43Z,2026-08-04T20:07:00Z,settled,settled,0.3724,6.4476,26.6700
bot_hold,KXATPMATCH-26AUG01MERDRA-MER,Will Daniel Merida win the Merida vs Draxl: Round Of 128 match?,YES,43,58.0000,100.0000,2026-08-04T02:50:05Z,2026-08-04T20:07:01Z,settled,settled,0.7332,17.3268,69.4700
bot_hold,KXWTAMATCH-26AUG04KOSSEB-SEB,Will Katherine Sebov win the Kostyuk vs Sebov: Round Of 64 match?,NO,32,78.0000,100.0000,2026-08-04T18:56:43Z,2026-08-04T20:07:01Z,settled,settled,0.3844,6.6556,26.6700
bot,KXATPMATCH-26AUG01MPEVAN-VAN,Will Botic Van de Zandschulp win the Mpetshi Perricard vs Van de Zandschulp: Round Of 128 match?,YES,32,50.0000,82.0000,2026-08-01T19:02:46Z,2026-08-04T20:10:44Z,closed,exp9_take_profit,0.8906,9.3494,58.4300
bot_lab,KXATPMATCH-26AUG01ATMDRA-DRA,Will Jack Draper win the Atmane vs Draper: Round Of 128 match?,YES,59,64.0000,65.0000,2026-08-01T06:35:28Z,2026-08-04T20:15:11Z,closed,exp9b_take_profit,1.8912,-1.3012,-3.4500
bot_lab2,KXWTAMATCH-26AUG04RUSPOT-RUS,Will Elena-Gabriela Ruse win the Ruse vs Potapova: Round Of 64 match?,NO,42,41.0000,94.0000,2026-08-04T19:58:21Z,2026-08-04T20:56:48Z,closed,exp9b_take_profit,0.8770,21.3830,124.1800
bot_hold,KXATPMATCH-26AUG01ATMDRA-DRA,Will Jack Draper win the Atmane vs Draper: Round Of 128 match?,YES,39,64.0000,0.0000,2026-08-01T06:35:28Z,2026-08-04T21:07:03Z,settled,settled,0.6290,-25.5890,-102.5200
bot_lab,KXATPMATCH-26AUG03MOCMAR-MAR,Will Fabian Marozsan win the Mochizuki vs Marozsan: Round Of 128 match?,YES,60,62.0000,93.0000,2026-08-04T02:50:05Z,2026-08-04T21:25:36Z,closed,exp9b_take_profit,1.2629,17.3371,46.6100
bot_lab,KXATPMATCH-26AUG03SHARUB-RUB,Will Andrey Rublev win the Shang vs Rublev: Round Of 64 match?,YES,66,57.0000,62.0000,2026-08-04T21:18:51Z,2026-08-04T21:28:57Z,closed,exp9b_take_profit,2.2209,1.0791,2.8700
bot,KXATPMATCH-26AUG03MOCMAR-MAR,Will Fabian Marozsan win the Mochizuki vs Marozsan: Round Of 128 match?,YES,40,62.0000,97.0000,2026-08-04T02:50:05Z,2026-08-04T21:32:43Z,closed,exp9_take_profit,0.7412,13.2588,53.4600
bot,KXATPMATCH-26AUG03SHARUB-RUB,Will Andrey Rublev win the Shang vs Rublev: Round Of 64 match?,YES,44,57.0000,33.0000,2026-08-04T21:18:51Z,2026-08-04T21:37:21Z,closed,exp9_stop_loss,1.4359,-11.9959,-47.8300
bot_hold,KXATPMATCH-26AUG01MPEVAN-VAN,Will Botic Van de Zandschulp win the Mpetshi Perricard vs Van de Zandschulp: Round Of 128 match?,YES,32,50.0000,100.0000,2026-08-01T19:02:46Z,2026-08-04T21:42:25Z,settled,settled,0.5600,15.4400,96.5000
bot_hold,KXATPMATCH-26AUG03MOCMAR-MAR,Will Fabian Marozsan win the Mochizuki vs Marozsan: Round Of 128 match?,YES,40,62.0000,100.0000,2026-08-04T02:50:05Z,2026-08-04T22:02:17Z,settled,settled,0.6597,14.5403,58.6300
bot_hold,KXATPMATCH-26AUG03SHARUB-RUB,Will Andrey Rublev win the Shang vs Rublev: Round Of 64 match?,YES,44,57.0000,0.0000,2026-08-04T21:18:51Z,2026-08-04T23:12:37Z,settled,settled,0.7549,-25.8349,-103.0100
bot_chalk,KXWTAMATCH-26AUG04KALKES-KAL,Will Anna Kalinskaya win the Kalinskaya vs Kessler: Round Of 64 match?,YES,32,76.0000,49.0000,2026-08-04T22:21:09Z,2026-08-04T23:59:16Z,closed,exp9_stop_loss,0.9684,-9.6084,-39.5100
bot,KXWTAMATCH-26AUG04KALKES-KAL,Will Anna Kalinskaya win the Kalinskaya vs Kessler: Round Of 64 match?,YES,33,76.0000,45.0000,2026-08-04T22:21:09Z,2026-08-04T23:59:43Z,closed,exp9_stop_loss,0.9930,-11.2230,-44.7500
bot_lab2,KXWTAMATCH-26AUG04RAKSIN-SIN,Will Katerina Siniakova win the Rakhimova vs Siniakova: Round Of 64 match?,YES,31,43.0000,11.0000,2026-08-04T23:54:50Z,2026-08-05T00:04:07Z,closed,exp9_stop_loss,0.7443,-10.6643,-80.0000
bot_lab,KXWTAMATCH-26AUG04KALKES-KAL,Will Anna Kalinskaya win the Kalinskaya vs Kessler: Round Of 64 match?,YES,49,76.0000,82.0000,2026-08-04T22:21:09Z,2026-08-05T00:39:56Z,closed,exp9b_take_profit,1.1319,1.8081,4.8600
bot,KXWTAMATCH-26AUG04SABUCH-UCH,Will Moyuka Uchijima win the Sabalenka vs Uchijima: Round Of 64 match?,NO,28,88.0000,100.0000,2026-08-04T23:23:36Z,2026-08-05T00:42:07Z,settled,settled,0.2070,3.1530,12.8000
bot_hold,KXWTAMATCH-26AUG04SABUCH-UCH,Will Moyuka Uchijima win the Sabalenka vs Uchijima: Round Of 64 match?,NO,28,88.0000,100.0000,2026-08-04T23:23:36Z,2026-08-05T00:42:08Z,settled,settled,0.2070,3.1530,12.8000
bot_hold,KXWTAMATCH-26AUG04KALKES-KAL,Will Anna Kalinskaya win the Kalinskaya vs Kessler: Round Of 64 match?,YES,33,76.0000,100.0000,2026-08-04T22:21:09Z,2026-08-05T00:52:31Z,settled,settled,0.4213,7.4987,29.9000
bot_lab2,KXATPMATCH-26AUG04TIACIL-TIA,Will Frances Tiafoe win the Tiafoe vs Cilic: Round Of 64 match?,NO,38,29.0000,9.0000,2026-08-05T00:41:56Z,2026-08-05T00:56:40Z,closed,exp9_stop_loss,0.7656,-8.3656,-75.9100
bot_lab2,KXWTAMATCH-26AUG04TAUBAR-TAU,Will Clara Tauson win the Tauson vs Bartunkova: Round Of 64 match?,NO,36,37.0000,72.0000,2026-08-05T00:57:32Z,2026-08-05T01:31:07Z,closed,exp9b_take_profit,1.0954,11.5046,86.3700
bot_lab,KXATPMATCH-26AUG04COBHAN-HAN,Will Yannick Hanfmann win the Cobolli vs Hanfmann: Round Of 64 match?,NO,51,50.0000,44.0000,2026-08-05T01:59:36Z,2026-08-05T02:07:37Z,closed,exp9_model_shift,1.7721,-4.8321,-18.9500
bot,KXATPMATCH-26AUG04COBHAN-HAN,Will Yannick Hanfmann win the Cobolli vs Hanfmann: Round Of 64 match?,NO,34,50.0000,44.0000,2026-08-05T01:59:35Z,2026-08-05T02:07:37Z,closed,exp9_model_shift,1.1814,-3.2214,-18.9500
bot_lab2,KXATPMATCH-26AUG04COBHAN-COB,Will Flavio Cobolli win the Cobolli vs Hanfmann: Round Of 64 match?,NO,36,29.0000,56.0000,2026-08-04T05:09:38Z,2026-08-05T02:08:54Z,closed,exp9b_take_profit,1.1398,8.5802,82.1900
bot_lab2,KXATPMATCH-26AUG04DARDIA-DAR,Will Luciano Darderi win the Darderi vs Diallo: Round Of 64 match?,YES,29,46.0000,96.0000,2026-08-04T12:43:38Z,2026-08-05T02:53:08Z,closed,exp9b_take_profit,0.5823,13.9177,104.3300
bot_hold,KXATPMATCH-26AUG04COBHAN-HAN,Will Yannick Hanfmann win the Cobolli vs Hanfmann: Round Of 64 match?,NO,34,50.0000,0.0000,2026-08-05T01:59:35Z,2026-08-05T04:02:25Z,settled,settled,0.5950,-17.5950,-103.5000
bot,KXATPMATCH-26AUG04VACNAV-VAC,Will Valentin Vacherot win the Vacherot vs Navone: Round Of 64 match?,YES,38,61.0000,63.0000,2026-08-04T06:27:21Z,2026-08-05T15:13:48Z,closed,exp9_model_shift,1.2528,-0.4928,-2.1300
bot_lab,KXATPMATCH-26AUG04VACNAV-VAC,Will Valentin Vacherot win the Vacherot vs Navone: Round Of 64 match?,YES,57,61.0000,63.0000,2026-08-04T06:27:21Z,2026-08-05T15:13:48Z,closed,exp9b_take_profit,1.8793,-0.7393,-2.1300
bot_lab2,KXATPMATCH-26AUG04BORETC-BOR,Will Nuno Borges win the Borges vs Etcheverry: Round Of 64 match?,NO,41,39.0000,19.0000,2026-08-04T08:32:05Z,2026-08-05T15:37:13Z,closed,exp9_stop_loss,1.1245,-9.3245,-58.3100
bot,KXATPMATCH-26AUG04KECRIN-RIN,Will Arthur Rinderknech win the Kecmanovic vs Rinderknech: Round Of 64 match?,YES,16,51.0000,31.0000,2026-08-04T16:21:16Z,2026-08-05T17:14:30Z,closed,exp9_stop_loss,0.5195,-3.7195,-45.5800
bot_hold,KXATPMATCH-26AUG04VACNAV-VAC,Will Valentin Vacherot win the Vacherot vs Navone: Round Of 64 match?,YES,38,61.0000,0.0000,2026-08-04T06:27:21Z,2026-08-05T17:16:57Z,settled,settled,0.6328,-23.8128,-102.7300
bot_lab,KXWTAMATCH-26AUG04PEGFRE-PEG,Will Jessica Pegula win the Pegula vs Frech: Round Of 64 match?,YES,50,75.0000,77.0000,2026-08-05T17:08:53Z,2026-08-05T17:44:53Z,closed,exp9b_take_profit,1.2762,-0.2762,-0.7400
bot,KXATPMATCH-26AUG05SVAFIL-FIL,Will Arthur Fils win the Svajda vs Fils: Round Of 64 match?,YES,23,77.0000,48.0000,2026-08-05T00:26:25Z,2026-08-05T17:44:55Z,closed,exp9_stop_loss,0.6870,-7.3570,-41.5400
bot_lab,KXATPMATCH-26AUG05SVAFIL-SVA,Will Zachary Svajda win the Svajda vs Fils: Round Of 64 match?,NO,51,73.0000,87.0000,2026-08-05T16:21:11Z,2026-08-05T18:20:58Z,closed,exp9b_take_profit,1.1074,6.0326,16.2000
bot,KXWTAMATCH-26AUG04PEGFRE-PEG,Will Jessica Pegula win the Pegula vs Frech: Round Of 64 match?,YES,33,75.0000,98.0000,2026-08-05T17:08:53Z,2026-08-05T18:39:30Z,closed,exp9_take_profit,0.4784,7.1116,28.7300
bot_chalk,KXWTAMATCH-26AUG04PEGFRE-PEG,Will Jessica Pegula win the Pegula vs Frech: Round Of 64 match?,YES,33,75.0000,98.0000,2026-08-05T17:08:53Z,2026-08-05T18:39:30Z,closed,exp9_take_profit,0.4784,7.1116,28.7300
bot,KXATPMATCH-26AUG05BROSHE-SHE,Will Ben Shelton win the Brooksby vs Shelton: Round Of 64 match?,YES,29,72.0000,98.0000,2026-08-05T17:42:14Z,2026-08-05T18:58:30Z,closed,exp9_take_profit,0.4490,7.0910,33.9600
bot_lab,KXATPMATCH-26AUG05BROSHE-SHE,Will Ben Shelton win the Brooksby vs Shelton: Round Of 64 match?,YES,54,69.0000,98.0000,2026-08-05T18:29:29Z,2026-08-05T18:58:30Z,closed,exp9b_take_profit,0.8826,14.7774,39.6600
bot_hold,KXATPMATCH-26AUG05BROSHE-SHE,Will Ben Shelton win the Brooksby vs Shelton: Round Of 64 match?,YES,29,72.0000,100.0000,2026-08-05T17:42:20Z,2026-08-05T19:11:43Z,settled,settled,0.4092,7.7108,36.9300
bot_lab2,KXATPMATCH-26AUG04KECRIN-RIN,Will Arthur Rinderknech win the Kecmanovic vs Rinderknech: Round Of 64 match?,NO,47,29.0000,73.0000,2026-08-05T17:42:20Z,2026-08-05T19:18:58Z,closed,exp9b_take_profit,1.3259,19.3541,142.0000
bot_hold,KXATPMATCH-26AUG05SVAFIL-FIL,Will Arthur Fils win the Svajda vs Fils: Round Of 64 match?,YES,23,77.0000,100.0000,2026-08-05T00:26:26Z,2026-08-05T19:21:42Z,settled,settled,0.2851,5.0049,28.2600
bot_lab2,KXATPMATCH-26AUG05HURTAB-TAB,Will Alejandro Tabilo win the Hurkacz vs Tabilo: Round Of 64 match?,YES,34,37.0000,61.0000,2026-08-05T19:15:38Z,2026-08-05T19:25:42Z,closed,exp9b_take_profit,1.1210,7.0390,55.9500
bot_lab,KXWTAMATCH-26AUG04ANDPLI-PLI,Will Karolina Pliskova win the Andreeva vs Pliskova: Round Of 64 match?,NO,46,82.0000,93.0000,2026-08-05T18:44:54Z,2026-08-05T19:33:24Z,closed,exp9b_take_profit,0.6849,4.3751,11.6000
bot_lab,KXATPMATCH-26AUG05TIRFRI-TIR,Will Thiago Agustin Tirante win the Tirante vs Fritz: Round Of 64 match?,NO,56,67.0000,46.0000,2026-08-05T19:46:34Z,2026-08-05T19:54:35Z,closed,exp9_model_shift,1.8404,-13.6004,-36.2500
bot,KXATPMATCH-26AUG05TIRFRI-TIR,Will Thiago Agustin Tirante win the Tirante vs Fritz: Round Of 64 match?,NO,37,67.0000,46.0000,2026-08-05T19:46:34Z,2026-08-05T19:54:35Z,closed,exp9_model_shift,1.2160,-8.9860,-36.2500
bot_lab2,KXWTAMATCH-26AUG04KORNAV-NAV,Will Emma Navarro win the Korneeva vs Navarro: Round Of 64 match?,NO,39,47.0000,95.0000,2026-08-04T08:32:05Z,2026-08-05T20:06:43Z,closed,exp9b_take_profit,0.8097,17.9103,97.7100
bot_hold,KXATPMATCH-26AUG04KECRIN-RIN,Will Arthur Rinderknech win the Kecmanovic vs Rinderknech: Round Of 64 match?,YES,16,51.0000,100.0000,2026-08-04T16:36:37Z,2026-08-05T20:11:38Z,settled,settled,0.2799,7.5601,92.6500
bot_chalk,KXWTAMATCH-26AUG04ANDPLI-PLI,Will Karolina Pliskova win the Andreeva vs Pliskova: Round Of 64 match?,NO,30,82.0000,100.0000,2026-08-05T18:44:54Z,2026-08-05T20:17:06Z,settled,settled,0.3100,5.0900,20.6900
bot,KXWTAMATCH-26AUG04ANDPLI-PLI,Will Karolina Pliskova win the Andreeva vs Pliskova: Round Of 64 match?,NO,30,82.0000,100.0000,2026-08-05T18:44:54Z,2026-08-05T20:17:22Z,settled,settled,0.3100,5.0900,20.6900
bot,KXWTAMATCH-26AUG04KORNAV-NAV,Will Emma Navarro win the Korneeva vs Navarro: Round Of 64 match?,NO,15,56.0000,100.0000,2026-08-05T19:15:37Z,2026-08-05T20:36:40Z,settled,settled,0.2587,6.3413,75.4900
bot_hold,KXWTAMATCH-26AUG04KORNAV-NAV,Will Emma Navarro win the Korneeva vs Navarro: Round Of 64 match?,NO,15,56.0000,100.0000,2026-08-05T19:15:38Z,2026-08-05T20:36:40Z,settled,settled,0.2587,6.3413,75.4900
bot_hold,KXATPMATCH-26AUG05TIRFRI-TIR,Will Thiago Agustin Tirante win the Tirante vs Fritz: Round Of 64 match?,NO,37,67.0000,0.0000,2026-08-05T19:46:34Z,2026-08-05T20:36:40Z,settled,settled,0.5726,-25.3626,-102.3100
bot,KXATPMATCH-26AUG05COLPOP-POP,Will Alexei Popyrin win the Collignon vs Popyrin: Round Of 64 match?,NO,20,63.0000,39.0000,2026-08-05T00:10:30Z,2026-08-05T20:40:33Z,closed,exp9_stop_loss,0.6594,-5.4594,-43.3300
bot_lab2,KXWTAMATCH-26AUG04MERBON-MER,Will Elise Mertens win the Mertens vs Bondar: Round Of 64 match?,NO,44,26.0000,31.0000,2026-08-04T03:05:42Z,2026-08-05T21:00:16Z,closed,exp9_model_shift,1.2514,0.9486,8.2900
bot_lab2,KXWTAMATCH-26AUG05SAKSON-SON,Will Zeynep Sonmez win the Sakkari vs Sonmez: Round Of 64 match?,YES,39,33.0000,16.0000,2026-08-05T20:32:49Z,2026-08-05T21:00:30Z,closed,exp9_stop_loss,0.9705,-7.6005,-59.0600
bot_lab,KXATPMATCH-26AUG05COLPOP-COL,Will Raphael Collignon win the Collignon vs Popyrin: Round Of 64 match?,YES,45,60.0000,8.0000,2026-08-05T18:13:47Z,2026-08-05T21:27:05Z,closed,exp9_model_shift,0.9878,-24.3878,-90.3300
bot,KXATPMATCH-26AUG05ZVEGRI-ZVE,Will Alexander Zverev win the Zverev vs Griekspoor: Round Of 64 match?,YES,30,84.0000,42.0000,2026-08-05T00:41:56Z,2026-08-05T21:29:27Z,closed,exp9_stop_loss,0.7938,-13.3938,-53.1500
bot_chalk,KXATPMATCH-26AUG05ZVEGRI-GRI,Will Tallon Griekspoor win the Zverev vs Griekspoor: Round Of 64 match?,NO,31,80.0000,41.0000,2026-08-05T02:46:58Z,2026-08-05T21:29:28Z,closed,exp9_stop_loss,0.8721,-12.9621,-52.2700
bot_hold,KXATPMATCH-26AUG05COLPOP-POP,Will Alexei Popyrin win the Collignon vs Popyrin: Round Of 64 match?,NO,20,63.0000,0.0000,2026-08-05T00:10:30Z,2026-08-05T21:42:05Z,settled,settled,0.3263,-12.9263,-102.5900
bot_lab,KXATPMATCH-26AUG05ZVEGRI-GRI,Will Tallon Griekspoor win the Zverev vs Griekspoor: Round Of 64 match?,NO,47,80.0000,12.0000,2026-08-05T02:46:59Z,2026-08-05T21:43:26Z,closed,exp9_model_shift,0.8738,-32.8338,-87.3200
bot_lab2,KXATPMATCH-26AUG05MICCER-MIC,Will Alex Michelsen win the Michelsen vs Cerundolo: Round Of 64 match?,NO,32,38.0000,25.0000,2026-08-04T15:50:25Z,2026-08-05T21:53:36Z,closed,exp9_model_shift,0.9477,-5.1077,-42.0000
bot_hold,KXATPMATCH-26AUG05JODMOU-MOU,Will Corentin Moutet win the Jodar vs Moutet: Round Of 64 match?,NO,21,74.0000,100.0000,2026-08-05T04:51:30Z,2026-08-05T22:02:32Z,settled,settled,0.2828,5.1772,33.3200
bot_hold,KXATPMATCH-26AUG05ZVEGRI-ZVE,Will Alexander Zverev win the Zverev vs Griekspoor: Round Of 64 match?,YES,30,84.0000,0.0000,2026-08-05T00:57:32Z,2026-08-05T22:07:06Z,settled,settled,0.2822,-25.4822,-101.1200
bot_lab2,KXATPMATCH-26AUG05KHAATM-KHA,Will Karen Khachanov win the Khachanov vs Atmane: Round Of 64 match?,NO,40,32.0000,28.0000,2026-08-05T22:28:01Z,2026-08-05T22:29:50Z,closed,exp9_model_shift,1.1738,-2.7738,-21.6700
bot,KXATPMATCH-26AUG05MARARN-MAR,Will Fabian Marozsan win the Marozsan vs Arnaldi: Round Of 64 match?,YES,18,52.0000,32.0000,2026-08-05T22:11:41Z,2026-08-05T22:44:06Z,closed,exp9_stop_loss,0.5887,-4.1887,-44.7500
bot,KXWTAMATCH-26AUG04MERBON-MER,Will Elise Mertens win the Mertens vs Bondar: Round Of 64 match?,YES,16,52.0000,28.0000,2026-08-05T22:59:32Z,2026-08-05T23:03:37Z,closed,exp9_stop_loss,0.5054,-4.3454,-52.2300
bot_hold,KXWTAMATCH-26AUG04MERBON-MER,Will Elise Mertens win the Mertens vs Bondar: Round Of 64 match?,YES,16,52.0000,100.0000,2026-08-05T22:59:32Z,2026-08-05T23:32:25Z,settled,settled,0.2796,7.4004,88.9500
bot_lab2,KXATPMATCH-26AUG05HUMMER-MER,Will Daniel Merida win the Humbert vs Merida: Round Of 64 match?,YES,39,29.0000,66.0000,2026-08-05T02:46:59Z,2026-08-05T23:42:11Z,closed,exp9b_take_profit,1.1747,13.2553,117.2000
bot,KXATPMATCH-26AUG05MEDVAN-MED,Will Daniil Medvedev win the Medvedev vs Van de Zandschulp: Round Of 64 match?,YES,31,74.0000,44.0000,2026-08-05T02:15:29Z,2026-08-05T23:43:34Z,closed,exp9_stop_loss,0.9522,-10.2522,-44.6900
bot_chalk,KXWTAMATCH-26AUG05NOSMCC-NOS,Will Linda Noskova win the Noskova vs McNally: Round Of 64 match?,YES,34,73.0000,44.0000,2026-08-05T23:32:32Z,2026-08-05T23:43:53Z,closed,exp9_stop_loss,1.0555,-10.9155,-43.9800
bot,KXWTAMATCH-26AUG05NOSMCC-NOS,Will Linda Noskova win the Noskova vs McNally: Round Of 64 match?,YES,32,77.0000,44.0000,2026-08-04T20:13:55Z,2026-08-05T23:43:53Z,closed,exp9_stop_loss,0.9486,-11.5086,-46.7100
bot_hold,KXATPMATCH-26AUG05MARARN-MAR,Will Fabian Marozsan win the Marozsan vs Arnaldi: Round Of 64 match?,YES,18,52.0000,0.0000,2026-08-05T22:11:41Z,2026-08-06T00:06:31Z,settled,settled,0.3145,-9.6745,-103.3600
bot_lab,KXWTAMATCH-26AUG05NOSMCC-NOS,Will Linda Noskova win the Noskova vs McNally: Round Of 64 match?,YES,51,73.0000,3.0000,2026-08-05T23:32:35Z,2026-08-06T00:18:58Z,closed,exp9_model_shift,0.8075,-36.5075,-98.0600
bot_hold,KXWTAMATCH-26AUG05NOSMCC-NOS,Will Linda Noskova win the Noskova vs McNally: Round Of 64 match?,YES,32,77.0000,0.0000,2026-08-04T20:13:56Z,2026-08-06T00:29:08Z,settled,settled,0.3967,-25.0367,-101.6100
bot_hold,KXATPMATCH-26AUG05MEDVAN-VAN,Will Botic Van de Zandschulp win the Medvedev vs Van de Zandschulp: Round Of 64 match?,NO,38,66.0000,0.0000,2026-08-05T23:15:17Z,2026-08-06T00:51:49Z,settled,settled,0.5969,-25.6769,-102.3800
bot_lab,KXATPMATCH-26AUG05MEDVAN-VAN,Will Botic Van de Zandschulp win the Medvedev vs Van de Zandschulp: Round Of 64 match?,NO,57,66.0000,0.0000,2026-08-05T23:15:18Z,2026-08-06T00:51:49Z,settled,settled,0.8954,-38.5154,-102.3800
bot_lab,KXATPMATCH-26AUG05TIEMON-MON,Will Gael Monfils win the Tien vs Monfils: Round Of 64 match?,NO,46,66.0000,80.0000,2026-08-06T01:25:05Z,2026-08-06T01:44:24Z,closed,exp9b_take_profit,1.2378,5.2022,17.1400
bot,KXATPMATCH-26AUG05TIEMON-MON,Will Gael Monfils win the Tien vs Monfils: Round Of 64 match?,NO,31,66.0000,40.0000,2026-08-06T01:25:04Z,2026-08-06T02:32:00Z,closed,exp9_stop_loss,1.0077,-9.0677,-44.3200
bot_hold,KXATPMATCH-26AUG05TIEMON-MON,Will Gael Monfils win the Tien vs Monfils: Round Of 64 match?,NO,31,66.0000,100.0000,2026-08-06T01:25:05Z,2026-08-06T03:21:40Z,settled,settled,0.4869,10.0531,49.1400
bot_lab2,KXWTAMATCH-26AUG06GIBALE-GIB,Will Talia Gibson win the Gibson vs Alexandrova: Round Of 32 match?,YES,31,42.0000,18.0000,2026-08-05T22:11:41Z,2026-08-06T16:37:35Z,closed,exp9_stop_loss,0.8489,-8.2889,-63.6600
bot_lab,KXATPMATCH-26AUG06NAVFIL-NAV,Will Mariano Navone win the Navone vs Fils: Round Of 32 match?,NO,54,70.0000,76.0000,2026-08-05T22:11:41Z,2026-08-06T18:01:41Z,closed,exp9b_take_profit,1.4833,1.7567,4.6500
bot,KXATPMATCH-26AUG06NAVFIL-NAV,Will Mariano Navone win the Navone vs Fils: Round Of 32 match?,NO,36,70.0000,88.0000,2026-08-05T22:11:41Z,2026-08-06T18:35:48Z,closed,exp9_take_profit,0.7953,5.6847,22.5600
bot_hold,KXATPMATCH-26AUG06NAVFIL-NAV,Will Mariano Navone win the Navone vs Fils: Round Of 32 match?,NO,36,70.0000,100.0000,2026-08-05T22:11:41Z,2026-08-06T19:22:50Z,settled,settled,0.5292,10.2708,40.7600
bot_lab,KXWTAMATCH-26AUG06KOSKEY-KOS,Will Marta Kostyuk win the Kostyuk vs Keys: Round Of 32 match?,YES,60,56.0000,93.0000,2026-08-05T22:59:32Z,2026-08-06T21:36:39Z,closed,exp9b_take_profit,1.3083,20.8917,62.1800
bot_hold,KXWTAMATCH-26AUG06KOSKEY-KOS,Will Marta Kostyuk win the Kostyuk vs Keys: Round Of 32 match?,YES,40,56.0000,100.0000,2026-08-05T22:59:32Z,2026-08-06T22:17:03Z,settled,settled,0.6899,16.9101,75.4900
bot,KXWTAMATCH-26AUG06KOSKEY-KOS,Will Marta Kostyuk win the Kostyuk vs Keys: Round Of 32 match?,YES,40,56.0000,100.0000,2026-08-05T22:59:32Z,2026-08-06T22:17:23Z,settled,settled,0.6899,16.9101,75.4900
bot_lab2,KXWTAMATCH-26AUG06BARANI-BAR,Will Nikola Bartunkova win the Bartunkova vs Anisimova: Round Of 32 match?,YES,33,34.0000,28.0000,2026-08-06T16:52:38Z,2026-08-06T23:00:03Z,closed,exp9_model_shift,0.9841,-2.9641,-26.4200
bot_lab2,KXWTAMATCH-26AUG06JOVKOR-JOV,Will Iva Jovic win the Jovic vs Korneeva: Round Of 32 match?,NO,32,36.0000,90.0000,2026-08-06T04:54:25Z,2026-08-07T16:34:30Z,closed,exp9b_take_profit,0.7177,16.5623,143.7700
bot_lab3,KXWTAMATCH-26AUG06JOVKOR-JOV,Will Iva Jovic win the Jovic vs Korneeva: Round Of 32 match?,NO,40,34.0000,90.0000,2026-08-07T03:31:06Z,2026-08-07T16:34:30Z,closed,exp9b_take_profit,0.8803,21.5197,158.2300
bot_chalk,KXWTAMATCH-26AUG07ANDFER-FER,Will Leylah Fernandez win the Andreeva vs Fernandez: Round Of 32 match?,NO,35,70.0000,45.0000,2026-08-06T16:52:38Z,2026-08-07T18:57:40Z,closed,exp9_stop_loss,1.1209,-9.8709,-40.2900
bot,KXWTAMATCH-26AUG07ANDFER-FER,Will Leylah Fernandez win the Andreeva vs Fernandez: Round Of 32 match?,NO,35,72.0000,45.0000,2026-08-06T16:21:43Z,2026-08-07T18:57:40Z,closed,exp9_stop_loss,1.1003,-10.5503,-41.8700
bot_lab2,KXWTAMATCH-26AUG07JOISAM-JOI,Will Maya Joint win the Joint vs Samsonova: Round Of 32 match?,YES,35,35.0000,20.0000,2026-08-06T16:21:44Z,2026-08-07T19:16:42Z,closed,exp9_model_shift,0.9494,-6.1994,-50.6100
bot_lab,KXWTAMATCH-26AUG07ANDFER-FER,Will Leylah Fernandez win the Andreeva vs Fernandez: Round Of 32 match?,NO,52,72.0000,4.0000,2026-08-06T16:21:44Z,2026-08-07T19:32:12Z,closed,exp9_model_shift,0.8736,-36.2336,-96.7800
bot_hold,KXWTAMATCH-26AUG07ANDFER-FER,Will Leylah Fernandez win the Andreeva vs Fernandez: Round Of 32 match?,NO,35,72.0000,0.0000,2026-08-06T16:21:44Z,2026-08-07T20:01:42Z,settled,settled,0.4939,-25.6939,-101.9600
bot_lab,KXATPMATCH-26AUG07VANHUR-HUR,Will Hubert Hurkacz win the Van de Zandschulp vs Hurkacz: Round Of 32 match?,YES,51,51.0000,70.0000,2026-08-07T21:09:37Z,2026-08-07T21:42:10Z,closed,exp9b_take_profit,1.6418,8.0482,30.9400
bot,KXATPMATCH-26AUG07VANHUR-HUR,Will Hubert Hurkacz win the Van de Zandschulp vs Hurkacz: Round Of 32 match?,YES,34,51.0000,26.0000,2026-08-07T21:09:37Z,2026-08-07T21:49:34Z,closed,exp9_stop_loss,1.0527,-9.5527,-55.0900
bot_hold,KXATPMATCH-26AUG07VANHUR-HUR,Will Hubert Hurkacz win the Van de Zandschulp vs Hurkacz: Round Of 32 match?,YES,34,51.0000,0.0000,2026-08-07T21:09:37Z,2026-08-07T22:06:14Z,settled,settled,0.5948,-17.9348,-103.4300
bot_lab3,KXWTAMATCH-26AUG07JOISAM-SAM,Will Liudmila Samsonova win the Joint vs Samsonova: Round Of 32 match?,NO,40,33.0000,0.0000,2026-08-07T03:31:06Z,2026-08-07T22:06:14Z,settled,settled,0.6191,-13.8191,-104.6900
bot,KXWTAMATCH-26AUG06TOWBEN-TOW,Will Taylor Townsend win the Townsend vs Bencic: Round Of 32 match?,NO,25,65.0000,40.0000,2026-08-07T23:59:07Z,2026-08-08T00:22:20Z,closed,exp9_stop_loss,0.8181,-7.0681,-43.5000
bot,KXWTAMATCH-26AUG07MCCEAL-MCC,Will Caty McNally win the McNally vs Eala: Round Of 32 match?,NO,18,69.0000,58.0000,2026-08-06T16:52:37Z,2026-08-08T00:48:17Z,closed,exp9_model_shift,0.5764,-2.5564,-20.5800
bot_lab2,KXATPMATCH-26AUG07TIEPAU-TIE,Will Learner Tien win the Tien vs Paul: Round Of 32 match?,NO,36,40.0000,18.0000,2026-08-08T02:02:07Z,2026-08-08T02:11:29Z,closed,exp9_stop_loss,0.9768,-8.8968,-61.7800
bot_lab,KXWTAMATCH-26AUG06TOWBEN-BEN,Will Belinda Bencic win the Townsend vs Bencic: Round Of 32 match?,YES,62,60.0000,65.0000,2026-08-08T00:45:13Z,2026-08-08T02:13:04Z,closed,exp9b_take_profit,2.0290,1.0710,2.8800
bot_lab3,KXATPMATCH-26AUG07TIEPAU-TIE,Will Learner Tien win the Tien vs Paul: Round Of 32 match?,NO,36,40.0000,0.0000,2026-08-08T02:02:07Z,2026-08-08T02:51:17Z,settled,settled,0.6048,-15.0048,-104.2000
bot_hold,KXWTAMATCH-26AUG06TOWBEN-TOW,Will Taylor Townsend win the Townsend vs Bencic: Round Of 32 match?,NO,25,65.0000,100.0000,2026-08-07T23:59:08Z,2026-08-08T03:21:19Z,settled,settled,0.3981,8.3519,51.4000
bot_hold,KXWTAMATCH-26AUG07MCCEAL-MCC,Will Caty McNally win the McNally vs Eala: Round Of 32 match?,NO,18,69.0000,100.0000,2026-08-06T16:52:38Z,2026-08-08T03:36:19Z,settled,settled,0.2695,5.3105,42.7600
bot_lab2,KXATPMATCH-26AUG08BORDAR-BOR,Will Nuno Borges win the Borges vs Darderi: Round Of 16 match?,NO,37,35.0000,40.0000,2026-08-08T18:30:17Z,2026-08-08T18:33:52Z,closed,exp9_model_shift,1.2108,0.6392,4.9400
bot_lab3,KXATPMATCH-26AUG08BORDAR-BOR,Will Nuno Borges win the Borges vs Darderi: Round Of 16 match?,NO,37,35.0000,100.0000,2026-08-08T18:30:18Z,2026-08-08T19:07:52Z,settled,settled,0.5892,23.4608,181.1600
bot_chalk,KXWTAMATCH-26AUG08SABALE-ALE,Will Ekaterina Alexandrova win the Sabalenka vs Alexandrova: Round Of 16 match?,NO,34,73.0000,47.0000,2026-08-08T23:52:26Z,2026-08-09T00:11:49Z,closed,exp9_stop_loss,1.0620,-9.9020,-39.9000
bot,KXWTAMATCH-26AUG08SABALE-ALE,Will Ekaterina Alexandrova win the Sabalenka vs Alexandrova: Round Of 16 match?,NO,34,73.0000,42.0000,2026-08-08T23:52:26Z,2026-08-09T00:12:14Z,closed,exp9_stop_loss,1.0489,-11.5889,-46.6900
bot_lab,KXWTAMATCH-26AUG08SABALE-ALE,Will Ekaterina Alexandrova win the Sabalenka vs Alexandrova: Round Of 16 match?,NO,51,73.0000,77.0000,2026-08-08T23:52:26Z,2026-08-09T00:57:45Z,closed,exp9b_take_profit,1.3358,0.7042,1.8900
bot_hold,KXWTAMATCH-26AUG08SABALE-ALE,Will Ekaterina Alexandrova win the Sabalenka vs Alexandrova: Round Of 16 match?,NO,34,73.0000,0.0000,2026-08-08T23:52:26Z,2026-08-09T01:46:14Z,settled,settled,0.4691,-25.2891,-101.8900
bot,KXWTAMATCH-26AUG09SAMRYB-SAM,Will Liudmila Samsonova win the Samsonova vs Rybakina: Round Of 16 match?,NO,22,75.0000,46.0000,2026-08-09T05:00:57Z,2026-08-09T17:22:44Z,closed,exp9_stop_loss,0.6713,-7.0513,-42.7400
bot,KXATPMATCH-26AUG09TIETIR-TIR,Will Thiago Agustin Tirante win the Tien vs Tirante: Round Of 16 match?,NO,37,61.0000,51.0000,2026-08-09T18:19:58Z,2026-08-09T18:22:14Z,closed,exp9_model_shift,1.2634,-4.9634,-21.9900
bot_lab,KXATPMATCH-26AUG09TIETIR-TIR,Will Thiago Agustin Tirante win the Tien vs Tirante: Round Of 16 match?,NO,55,61.0000,51.0000,2026-08-09T18:19:59Z,2026-08-09T18:22:14Z,closed,exp9_model_shift,1.8780,-7.3780,-21.9900
bot_lab,KXWTAMATCH-26AUG09SAMRYB-RYB,Will Elena Rybakina win the Samsonova vs Rybakina: Round Of 16 match?,YES,54,69.0000,72.0000,2026-08-09T16:47:38Z,2026-08-09T19:13:21Z,closed,exp9b_take_profit,1.5705,0.0495,0.1300
bot_hold,KXWTAMATCH-26AUG09SAMRYB-SAM,Will Liudmila Samsonova win the Samsonova vs Rybakina: Round Of 16 match?,NO,22,75.0000,100.0000,2026-08-09T05:00:58Z,2026-08-09T19:36:04Z,settled,settled,0.2888,5.2112,31.5800
bot_hold,KXATPMATCH-26AUG09TIETIR-TIR,Will Thiago Agustin Tirante win the Tien vs Tirante: Round Of 16 match?,NO,37,61.0000,100.0000,2026-08-09T18:19:59Z,2026-08-09T20:10:58Z,settled,settled,0.6162,13.8138,61.2000
bot,KXATPMATCH-26AUG10JODFIL-JOD,Will Rafael Jodar win the Jodar vs Fils: Quarterfinal match?,NO,14,50.0000,27.0000,2026-08-09T17:33:44Z,2026-08-11T18:31:20Z,closed,exp9_stop_loss,0.4382,-3.6582,-52.2600
bot_lab2,KXATPMATCH-26AUG10JODFIL-JOD,Will Rafael Jodar win the Jodar vs Fils: Quarterfinal match?,NO,31,43.0000,23.0000,2026-08-10T22:14:04Z,2026-08-11T18:37:12Z,closed,exp9_model_shift,0.9162,-7.1162,-53.3800
bot_hold,KXATPMATCH-26AUG10JODFIL-JOD,Will Rafael Jodar win the Jodar vs Fils: Quarterfinal match?,NO,14,50.0000,0.0000,2026-08-09T17:33:44Z,2026-08-11T21:07:39Z,settled,settled,0.2450,-7.2450,-103.5000
bot_lab3,KXATPMATCH-26AUG10JODFIL-JOD,Will Rafael Jodar win the Jodar vs Fils: Quarterfinal match?,NO,31,43.0000,0.0000,2026-08-10T22:14:04Z,2026-08-11T21:07:39Z,settled,settled,0.5319,-13.8619,-103.9900
bot,KXATPMATCH-26AUG11MENSHE-SHE,Will Ben Shelton win the Mensik vs Shelton: Quarterfinal match?,YES,29,78.0000,97.0000,2026-08-11T22:44:22Z,2026-08-11T23:08:02Z,closed,exp9_take_profit,0.4074,5.1026,22.5600
bot_hold,KXATPMATCH-26AUG11MENSHE-SHE,Will Ben Shelton win the Mensik vs Shelton: Quarterfinal match?,YES,29,78.0000,100.0000,2026-08-11T22:44:24Z,2026-08-11T23:27:11Z,settled,settled,0.3483,6.0317,26.6700
bot_lab2,KXATPMATCH-26AUG12TIESHE-TIE,Will Learner Tien win the Tien vs Shelton: Semifinal match?,YES,33,35.0000,33.0000,2026-08-12T14:59:18Z,2026-08-13T00:46:49Z,closed,exp9_model_shift,1.0362,-1.6962,-14.6900
bot,KXWTAMATCH-26AUG12SVISWI-SWI,Will Iga Swiatek win the Svitolina vs Swiatek: Semifinal match?,YES,23,56.0000,35.0000,2026-08-13T01:21:17Z,2026-08-13T01:45:39Z,closed,exp9_stop_loss,0.7630,-5.5930,-43.4200
bot_lab3,KXATPMATCH-26AUG12TIESHE-TIE,Will Learner Tien win the Tien vs Shelton: Semifinal match?,YES,33,35.0000,0.0000,2026-08-12T14:59:18Z,2026-08-13T02:07:12Z,settled,settled,0.5255,-12.0755,-104.5500
bot_lab,KXWTAMATCH-26AUG12SVISWI-SWI,Will Iga Swiatek win the Svitolina vs Swiatek: Semifinal match?,YES,59,52.0000,30.0000,2026-08-13T01:54:23Z,2026-08-13T02:12:05Z,closed,exp9_stop_loss,1.8981,-14.8781,-48.4900
bot_lab2,KXWTAMATCH-26AUG12SVISWI-SWI,Will Iga Swiatek win the Svitolina vs Swiatek: Semifinal match?,YES,38,49.0000,24.0000,2026-08-13T01:37:21Z,2026-08-13T02:19:43Z,closed,exp9_stop_loss,1.1499,-10.6499,-57.2000
bot_lab3,KXWTAMATCH-26AUG12SVISWI-SWI,Will Iga Swiatek win the Svitolina vs Swiatek: Semifinal match?,YES,38,49.0000,77.0000,2026-08-13T01:37:22Z,2026-08-13T02:30:33Z,closed,exp9b_take_profit,1.1358,9.5042,51.0400
bot_hold,KXWTAMATCH-26AUG12SVISWI-SWI,Will Iga Swiatek win the Svitolina vs Swiatek: Semifinal match?,YES,23,56.0000,100.0000,2026-08-13T01:21:19Z,2026-08-13T02:42:05Z,settled,settled,0.3967,9.7233,75.4900
bot_lab2,KXWTAMATCH-26AUG12GAURYB-RYB,Will Elena Rybakina win the Gauff vs Rybakina: Semifinal match?,YES,35,39.0000,39.0000,2026-08-13T03:03:44Z,2026-08-13T03:05:02Z,closed,exp9_model_shift,1.1658,-1.1658,-8.5400
bot_lab3,KXWTAMATCH-26AUG12GAURYB-RYB,Will Elena Rybakina win the Gauff vs Rybakina: Semifinal match?,YES,35,39.0000,93.0000,2026-08-13T03:03:45Z,2026-08-13T04:54:19Z,closed,exp9b_take_profit,0.7424,18.1576,133.0200
bot,KXWTAMATCH-26AUG12RAKBIR-RAK,Will Kamilla Rakhimova win the Rakhimova vs Birrell: Round Of 128 match?,NO,17,51.0000,29.0000,2026-08-13T09:16:16Z,2026-08-13T15:20:59Z,closed,exp9_stop_loss,0.5424,-4.2824,-49.3900
bot_lab2,KXWTAMATCH-26AUG12KASSON-KAS,Will Daria Kasatkina win the Kasatkina vs Sonmez: Round Of 128 match?,NO,31,42.0000,21.0000,2026-08-12T23:07:28Z,2026-08-13T15:30:26Z,closed,exp9_stop_loss,0.8886,-7.3986,-56.8200
bot_hold,KXWTAMATCH-26AUG12RAKBIR-RAK,Will Kamilla Rakhimova win the Rakhimova vs Birrell: Round Of 128 match?,NO,17,51.0000,0.0000,2026-08-13T09:16:16Z,2026-08-13T16:37:20Z,settled,settled,0.2974,-8.9674,-103.4300
bot_lab3,KXWTAMATCH-26AUG12KASSON-KAS,Will Daria Kasatkina win the Kasatkina vs Sonmez: Round Of 128 match?,NO,31,42.0000,48.0000,2026-08-12T23:07:28Z,2026-08-13T16:51:48Z,closed,exp9b_take_profit,1.0702,0.7898,6.0700
bot_lab2,KXATPMATCH-26AUG12UGOKEC-UGO,Will Camilo Ugo Carabelli win the Ugo Carabelli vs Kecmanovic: Round Of 128 match?,YES,42,25.0000,21.0000,2026-08-13T17:40:19Z,2026-08-13T20:28:11Z,closed,exp9_model_shift,1.0390,-2.7190,-25.9000
bot_lab,KXATPMATCH-26AUG12SHAMAN-MAN,Will Adrian Mannarino win the Shapovalov vs Mannarino: Round Of 128 match?,NO,64,59.0000,67.0000,2026-08-12T05:51:24Z,2026-08-13T20:34:06Z,closed,exp9b_take_profit,2.0742,3.0458,8.0700
bot_lab2,KXWTAMATCH-26AUG12BUCUDV-BUC,Will Cristina Bucsa win the Bucsa vs Udvardy: Round Of 128 match?,NO,38,40.0000,19.0000,2026-08-13T06:21:37Z,2026-08-13T21:10:51Z,closed,exp9_stop_loss,1.0478,-9.0278,-59.3900
bot,KXATPMATCH-26AUG12NAVCOL-NAV,Will Mariano Navone win the Navone vs Collignon: Round Of 128 match?,NO,15,55.0000,53.0000,2026-08-13T21:02:48Z,2026-08-13T21:13:50Z,closed,exp9_model_shift,0.5215,-0.8215,-9.9600
bot,KXATPMATCH-26AUG12SHAMAN-MAN,Will Adrian Mannarino win the Shapovalov vs Mannarino: Round Of 128 match?,NO,19,65.0000,98.0000,2026-08-12T04:36:33Z,2026-08-13T21:28:57Z,closed,exp9_take_profit,0.3287,5.9413,48.1100
bot_hold,KXATPMATCH-26AUG12SHAMAN-MAN,Will Adrian Mannarino win the Shapovalov vs Mannarino: Round Of 128 match?,NO,19,65.0000,100.0000,2026-08-12T04:36:35Z,2026-08-13T21:36:01Z,settled,settled,0.3026,6.3474,51.4000
bot_lab3,KXWTAMATCH-26AUG12BUCUDV-BUC,Will Cristina Bucsa win the Bucsa vs Udvardy: Round Of 128 match?,NO,38,40.0000,52.0000,2026-08-13T06:21:38Z,2026-08-13T21:44:51Z,closed,exp9b_take_profit,1.3023,3.2577,21.4300
bot_lab3,KXATPMATCH-26AUG12UGOKEC-UGO,Will Camilo Ugo Carabelli win the Ugo Carabelli vs Kecmanovic: Round Of 128 match?,YES,42,25.0000,0.0000,2026-08-13T17:40:21Z,2026-08-13T21:57:52Z,settled,settled,0.5513,-11.0513,-105.2500
bot_lab2,KXWTAMATCH-26AUG13SWIRYB-SWI,Will Iga Swiatek win the Swiatek vs Rybakina: Final match?,NO,35,42.0000,30.0000,2026-08-13T05:48:33Z,2026-08-13T22:15:15Z,closed,exp9_model_shift,1.1113,-5.3113,-36.1300
bot_hold,KXATPMATCH-26AUG12NAVCOL-NAV,Will Mariano Navone win the Navone vs Collignon: Round Of 128 match?,NO,15,55.0000,0.0000,2026-08-13T21:02:48Z,2026-08-13T22:51:42Z,settled,settled,0.2599,-8.5099,-103.1500
bot_lab2,KXATPMATCH-26AUG12FUCATM-FUC,Will Marton Fucsovics win the Fucsovics vs Atmane: Round Of 128 match?,YES,40,31.0000,15.0000,2026-08-12T06:33:48Z,2026-08-13T23:02:55Z,closed,exp9_stop_loss,0.9559,-7.3559,-59.3200
bot_lab3,KXWTAMATCH-26AUG13SWIRYB-SWI,Will Iga Swiatek win the Swiatek vs Rybakina: Final match?,NO,35,42.0000,0.0000,2026-08-13T05:48:34Z,2026-08-13T23:31:42Z,settled,settled,0.5968,-15.2968,-104.0600
bot_lab3,KXATPMATCH-26AUG12FUCATM-FUC,Will Marton Fucsovics win the Fucsovics vs Atmane: Round Of 128 match?,YES,40,31.0000,0.0000,2026-08-12T06:33:53Z,2026-08-13T23:52:01Z,settled,settled,0.5989,-12.9989,-104.8300
bot_lab,KXATPMATCH-26AUG13SHENAK-SHE,Will Ben Shelton win the Shelton vs Nakashima: Final match?,YES,45,84.0000,86.0000,2026-08-14T00:40:59Z,2026-08-14T00:41:21Z,closed,exp9b_take_profit,0.8027,0.0973,0.2600
bot_chalk,KXATPMATCH-26AUG13SHENAK-SHE,Will Ben Shelton win the Shelton vs Nakashima: Final match?,YES,29,84.0000,98.0000,2026-08-14T00:40:58Z,2026-08-14T01:38:43Z,closed,exp9_take_profit,0.3126,3.7474,15.3800
bot_lab3,KXATPMATCH-26AUG12HIJMON-MON,Will Gael Monfils win the Hijikata vs Monfils: Round Of 128 match?,NO,35,30.0000,41.0000,2026-08-14T01:58:46Z,2026-08-14T02:05:27Z,closed,exp9b_take_profit,1.1072,2.7428,26.1200
bot_lab2,KXATPMATCH-26AUG12HIJMON-MON,Will Gael Monfils win the Hijikata vs Monfils: Round Of 128 match?,NO,35,30.0000,41.0000,2026-08-14T01:58:45Z,2026-08-14T02:05:27Z,closed,exp9b_take_profit,1.1072,2.7428,26.1200
bot_lab2,KXATPMATCH-26AUG12SVABEL-SVA,Will Zachary Svajda win the Svajda vs Bellucci: Round Of 128 match?,NO,47,26.0000,19.0000,2026-08-14T03:00:55Z,2026-08-14T03:02:40Z,closed,exp9_model_shift,1.1393,-4.4293,-36.2500
bot_lab3,KXATPMATCH-26AUG12SVABEL-SVA,Will Zachary Svajda win the Svajda vs Bellucci: Round Of 128 match?,NO,47,26.0000,84.0000,2026-08-14T03:00:56Z,2026-08-14T04:21:30Z,closed,exp9b_take_profit,1.0752,26.1848,214.2800
bot_chalk,KXWTAMATCH-26AUG12MCCKES-MCC,Will Caty McNally win the McNally vs Kessler: Round Of 128 match?,YES,35,71.0000,100.0000,2026-08-14T04:18:44Z,2026-08-14T05:11:49Z,settled,settled,0.5045,9.6455,38.8100
bot_lab2,KXATPMATCH-26AUG14WONALT-WON,Will Coleman Wong win the Wong vs Altmaier: Round Of 128 match?,NO,37,35.0000,21.0000,2026-08-14T15:20:07Z,2026-08-14T15:28:33Z,closed,exp9_model_shift,1.0189,-6.1989,-47.8700
bot_lab2,KXWTAMATCH-26AUG12BOUBON-BOU,Will Jessica Bouzas Maneiro win the Bouzas Maneiro vs Bondar: Round Of 128 match?,NO,38,42.0000,21.0000,2026-08-12T14:59:18Z,2026-08-14T15:49:11Z,closed,exp9_stop_loss,1.0893,-9.0693,-56.8300
bot_lab,KXWTAMATCH-26AUG12SNISTA-STA,Will Yuliia Starodubtseva win the Snigur vs Starodubtseva: Round Of 128 match?,NO,59,64.0000,80.0000,2026-08-13T04:56:59Z,2026-08-14T15:49:31Z,closed,exp9b_take_profit,1.6124,7.8276,20.7300
bot,KXWTAMATCH-26AUG12SNISTA-STA,Will Yuliia Starodubtseva win the Snigur vs Starodubtseva: Round Of 128 match?,NO,39,64.0000,92.0000,2026-08-13T04:56:59Z,2026-08-14T16:11:01Z,closed,exp9_take_profit,0.8299,10.0901,40.4300
bot_chalk,KXWTAMATCH-26AUG12BEJPLI-PLI,Will Karolina Pliskova win the Bejlek vs Pliskova: Round Of 128 match?,NO,34,73.0000,97.0000,2026-08-14T15:20:07Z,2026-08-14T16:11:01Z,closed,exp9_take_profit,0.5384,7.6216,30.7100
bot_lab2,KXWTAMATCH-26AUG14BARCHA-CHA,Will Alina Charaeva win the Bartunkova vs Charaeva: Round Of 128 match?,NO,40,47.0000,47.0000,2026-08-14T16:42:14Z,2026-08-14T16:42:29Z,closed,exp9_model_shift,1.3950,-1.3950,-7.4200
bot_lab,KXWTAMATCH-26AUG14SAWBLI-BLI,Will Anna Blinkova win the Sawangkaew vs Blinkova: Round Of 128 match?,NO,51,51.0000,76.0000,2026-08-14T01:27:40Z,2026-08-14T16:48:49Z,closed,exp9b_take_profit,1.5433,11.2067,43.0900
bot_lab3,KXWTAMATCH-26AUG12BOUBON-BOU,Will Jessica Bouzas Maneiro win the Bouzas Maneiro vs Bondar: Round Of 128 match?,NO,38,42.0000,0.0000,2026-08-12T14:59:18Z,2026-08-14T16:57:03Z,settled,settled,0.6480,-16.6080,-104.0600
bot_hold,KXWTAMATCH-26AUG12SNISTA-STA,Will Yuliia Starodubtseva win the Snigur vs Starodubtseva: Round Of 128 match?,NO,39,64.0000,100.0000,2026-08-13T04:56:59Z,2026-08-14T17:02:32Z,settled,settled,0.6290,13.4110,53.7300
bot_lab2,KXATPMATCH-26AUG14HANVAN-VAN,Will Luca Van Assche win the Hanfmann vs Van Assche: Round Of 128 match?,YES,37,31.0000,21.0000,2026-08-14T16:58:06Z,2026-08-14T17:05:04Z,closed,exp9_model_shift,0.9837,-4.6837,-40.8300
bot_lab3,KXATPMATCH-26AUG14WONALT-WON,Will Coleman Wong win the Wong vs Altmaier: Round Of 128 match?,NO,37,35.0000,85.0000,2026-08-14T15:20:07Z,2026-08-14T17:13:52Z,closed,exp9b_take_profit,0.9194,17.5806,135.7600
bot_lab3,KXWTAMATCH-26AUG14BARCHA-CHA,Will Alina Charaeva win the Bartunkova vs Charaeva: Round Of 128 match?,NO,40,47.0000,80.0000,2026-08-14T16:42:14Z,2026-08-14T17:15:11Z,closed,exp9b_take_profit,1.1455,12.0545,64.1200
bot,KXATPMATCH-26AUG12ROYTSI-TSI,Will Stefanos Tsitsipas win the Royer vs Tsitsipas: Round Of 128 match?,YES,26,77.0000,99.0000,2026-08-12T14:59:18Z,2026-08-14T17:17:15Z,closed,exp9_take_profit,0.3403,5.3797,26.8700
bot_chalk,KXATPMATCH-26AUG12ROYTSI-TSI,Will Stefanos Tsitsipas win the Royer vs Tsitsipas: Round Of 128 match?,YES,35,71.0000,99.0000,2026-08-14T15:20:07Z,2026-08-14T17:17:18Z,closed,exp9_take_profit,0.5288,9.2712,37.3100
bot_hold,KXATPMATCH-26AUG12ROYTSI-TSI,Will Stefanos Tsitsipas win the Royer vs Tsitsipas: Round Of 128 match?,YES,26,77.0000,100.0000,2026-08-12T14:59:18Z,2026-08-14T17:21:45Z,settled,settled,0.3223,5.6577,28.2600
bot_lab2,KXWTAMATCH-26AUG12JOIKOR-KOR,Will Tamara Korpatsch win the Joint vs Korpatsch: Round Of 128 match?,YES,37,30.0000,15.0000,2026-08-13T21:02:48Z,2026-08-14T17:22:03Z,closed,exp9_stop_loss,0.8741,-6.4241,-57.8700
bot_lab,KXWTAMATCH-26AUG14ARAWIL-ARA,Will Emiliana Arango win the Arango vs Williams: Round Of 128 match?,YES,54,69.0000,96.0000,2026-08-13T23:54:21Z,2026-08-14T18:20:10Z,closed,exp9b_take_profit,0.9537,13.6263,36.5700
bot_lab2,KXATPMATCH-26AUG14WOLDUC-DUC,Will James Duckworth win the Wolf vs Duckworth: Round Of 128 match?,YES,42,37.0000,47.0000,2026-08-13T23:54:21Z,2026-08-14T18:29:58Z,closed,exp9_model_shift,1.4177,2.7823,17.9000
bot_lab3,KXWTAMATCH-26AUG12JOIKOR-KOR,Will Tamara Korpatsch win the Joint vs Korpatsch: Round Of 128 match?,YES,37,30.0000,58.0000,2026-08-13T21:02:48Z,2026-08-14T18:30:14Z,closed,exp9b_take_profit,1.1748,9.1852,82.7500
bot_lab3,KXATPMATCH-26AUG14HANVAN-VAN,Will Luca Van Assche win the Hanfmann vs Van Assche: Round Of 128 match?,YES,37,31.0000,0.0000,2026-08-14T16:58:06Z,2026-08-14T18:32:33Z,settled,settled,0.5540,-12.0240,-104.8300
bot,KXWTAMATCH-26AUG14ARAWIL-ARA,Will Emiliana Arango win the Arango vs Williams: Round Of 128 match?,YES,36,69.0000,100.0000,2026-08-13T23:54:19Z,2026-08-14T18:52:27Z,settled,settled,0.5390,10.6210,42.7600
bot_chalk,KXWTAMATCH-26AUG14ARAWIL-WIL,Will Venus Williams win the Arango vs Williams: Round Of 128 match?,NO,35,70.0000,100.0000,2026-08-14T04:34:26Z,2026-08-14T18:52:28Z,settled,settled,0.5145,9.9855,40.7600
bot_hold,KXWTAMATCH-26AUG14ARAWIL-ARA,Will Emiliana Arango win the Arango vs Williams: Round Of 128 match?,YES,36,69.0000,100.0000,2026-08-13T23:54:21Z,2026-08-14T18:52:28Z,settled,settled,0.5390,10.6210,42.7600
bot_lab2,KXATPMATCH-26AUG14LAJCER-LAJ,Will Mark Lajal win the Lajal vs Cerundolo: Round Of 128 match?,YES,29,47.0000,36.0000,2026-08-14T18:49:34Z,2026-08-14T19:00:13Z,closed,exp9_model_shift,0.9734,-4.1634,-30.5500
bot_lab3,KXATPMATCH-26AUG14WOLDUC-DUC,Will James Duckworth win the Wolf vs Duckworth: Round Of 128 match?,YES,42,37.0000,79.0000,2026-08-13T23:54:21Z,2026-08-14T19:17:13Z,closed,exp9b_take_profit,1.1730,16.4670,105.9700
bot_lab2,KXWTAMATCH-26AUG12KALOLI-KAL,Will Elvina Kalieva win the Kalieva vs Oliynykova: Round Of 128 match?,NO,42,33.0000,29.0000,2026-08-12T06:06:54Z,2026-08-14T19:18:09Z,closed,exp9_model_shift,1.2553,-2.9353,-21.1800
bot_lab3,KXWTAMATCH-26AUG12KALOLI-KAL,Will Elvina Kalieva win the Kalieva vs Oliynykova: Round Of 128 match?,NO,42,33.0000,78.0000,2026-08-12T06:06:54Z,2026-08-14T20:04:52Z,closed,exp9b_take_profit,1.1545,17.7455,128.0300
bot_lab2,KXATPMATCH-26AUG12BORKOK-BOR,Will Nuno Borges win the Borges vs Kokkinakis: Round Of 128 match?,NO,32,36.0000,85.0000,2026-08-12T18:44:21Z,2026-08-14T20:10:24Z,closed,exp9b_take_profit,0.8017,14.8783,129.1500
bot_lab3,KXATPMATCH-26AUG12BORKOK-BOR,Will Nuno Borges win the Borges vs Kokkinakis: Round Of 128 match?,NO,32,36.0000,85.0000,2026-08-12T18:44:22Z,2026-08-14T20:10:24Z,closed,exp9b_take_profit,0.8017,14.8783,129.1500
bot_lab3,KXATPMATCH-26AUG14LAJCER-LAJ,Will Mark Lajal win the Lajal vs Cerundolo: Round Of 128 match?,YES,29,47.0000,0.0000,2026-08-14T18:49:35Z,2026-08-14T20:16:22Z,settled,settled,0.5057,-14.1357,-103.7100
bot,KXATPMATCH-26AUG14MEDTRU-TRU,Will Marco Trungelliti win the Medjedovic vs Trungelliti: Round Of 128 match?,NO,38,66.0000,64.0000,2026-08-14T19:05:16Z,2026-08-14T21:04:37Z,closed,exp9_model_shift,1.2098,-1.9698,-7.8500
bot_lab,KXATPMATCH-26AUG14MEDTRU-TRU,Will Marco Trungelliti win the Medjedovic vs Trungelliti: Round Of 128 match?,NO,56,67.0000,54.0000,2026-08-14T18:33:42Z,2026-08-14T21:17:47Z,closed,exp9_model_shift,1.8404,-9.1204,-24.3100
bot_lab,KXATPMATCH-26AUG14WALMEJ-WAL,Will Adam Walton win the Walton vs Mejia: Round Of 128 match?,YES,61,61.0000,82.0000,2026-08-14T02:14:18Z,2026-08-14T21:31:29Z,closed,exp9b_take_profit,1.6461,11.1639,30.0000
bot_lab3,KXATPMATCH-26AUG14MARZHE-MAR,Will Fabian Marozsan win the Marozsan vs Zheng: Round Of 128 match?,NO,39,39.0000,46.0000,2026-08-14T21:43:25Z,2026-08-14T21:48:20Z,closed,exp9b_take_profit,1.3276,1.4024,9.2200
bot_lab2,KXATPMATCH-26AUG14MARZHE-MAR,Will Fabian Marozsan win the Marozsan vs Zheng: Round Of 128 match?,NO,39,39.0000,46.0000,2026-08-14T21:43:25Z,2026-08-14T21:48:20Z,closed,exp9b_take_profit,1.3276,1.4024,9.2200
bot_lab,KXATPMATCH-26AUG12MERCIL-MER,Will Daniel Merida win the Merida vs Cilic: Round Of 128 match?,YES,74,51.0000,32.0000,2026-08-12T05:33:57Z,2026-08-14T22:47:43Z,closed,exp9_stop_loss,2.4217,-16.4817,-43.6700
bot,KXATPMATCH-26AUG12MERCIL-MER,Will Daniel Merida win the Merida vs Cilic: Round Of 128 match?,YES,49,51.0000,31.0000,2026-08-12T05:33:56Z,2026-08-14T22:48:07Z,closed,exp9_stop_loss,1.5909,-11.3909,-45.5800
bot_hold,KXATPMATCH-26AUG14MEDTRU-TRU,Will Marco Trungelliti win the Medjedovic vs Trungelliti: Round Of 128 match?,NO,38,66.0000,0.0000,2026-08-14T19:05:17Z,2026-08-14T23:02:04Z,settled,settled,0.5969,-25.6769,-102.3800
bot_lab,KXWTAMATCH-26AUG12PUTSAM-SAM,Will Liudmila Samsonova win the Putintseva vs Samsonova: Round Of 128 match?,YES,50,55.0000,75.0000,2026-08-14T22:58:17Z,2026-08-14T23:23:46Z,closed,exp9b_take_profit,1.5226,8.4774,30.8300
bot,KXWTAMATCH-26AUG12PUTSAM-SAM,Will Liudmila Samsonova win the Putintseva vs Samsonova: Round Of 128 match?,YES,34,55.0000,99.0000,2026-08-14T22:58:16Z,2026-08-15T00:02:56Z,closed,exp9_take_profit,0.6127,14.3473,76.7200
bot_hold,KXATPMATCH-26AUG12MERCIL-MER,Will Daniel Merida win the Merida vs Cilic: Round Of 128 match?,YES,49,51.0000,100.0000,2026-08-12T05:33:57Z,2026-08-15T00:06:38Z,settled,settled,0.8572,23.1528,92.6500
bot_lab2,KXWTAMATCH-26AUG14KENLYS-LYS,Will Eva Lys win the Kenin vs Lys: Round Of 128 match?,NO,46,26.0000,35.0000,2026-08-15T01:30:23Z,2026-08-15T01:30:33Z,closed,exp9_model_shift,1.3521,2.7879,23.3100
bot_lab,KXATPMATCH-26AUG12KOVKHA-KOV,Will Aleksandar Kovacevic win the Kovacevic vs Khachanov: Round Of 128 match?,NO,54,69.0000,84.0000,2026-08-12T15:47:03Z,2026-08-15T02:09:02Z,closed,exp9b_take_profit,1.3165,6.7835,18.2100
bot_lab3,KXWTAMATCH-26AUG14KENLYS-LYS,Will Eva Lys win the Kenin vs Lys: Round Of 128 match?,NO,46,26.0000,72.0000,2026-08-15T01:30:25Z,2026-08-15T02:11:28Z,closed,exp9b_take_profit,1.2687,19.8913,166.3200
bot,KXATPMATCH-26AUG12KOVKHA-KHA,Will Karen Khachanov win the Kovacevic vs Khachanov: Round Of 128 match?,YES,33,70.0000,30.0000,2026-08-12T14:59:18Z,2026-08-15T03:17:00Z,closed,exp9_stop_loss,0.9702,-14.1702,-61.3400
bot_hold,KXATPMATCH-26AUG12KOVKHA-KHA,Will Karen Khachanov win the Kovacevic vs Khachanov: Round Of 128 match?,YES,33,70.0000,0.0000,2026-08-12T14:59:18Z,2026-08-15T03:46:27Z,settled,settled,0.4851,-23.5851,-102.1000
bot,KXATPMATCH-26AUG15KECCOB-COB,Will Flavio Cobolli win the Kecmanovic vs Cobolli: Round Of 64 match?,YES,44,53.0000,56.0000,2026-08-14T17:29:43Z,2026-08-15T15:19:36Z,closed,exp9_model_shift,1.5261,-0.2061,-0.8800
bot_lab,KXATPMATCH-26AUG15KECCOB-COB,Will Flavio Cobolli win the Kecmanovic vs Cobolli: Round Of 64 match?,YES,65,53.0000,56.0000,2026-08-14T16:58:05Z,2026-08-15T15:19:36Z,closed,exp9_model_shift,2.2545,-0.3045,-0.8800
bot_lab,KXWTAMATCH-26AUG15EALRUS-RUS,Will Elena-Gabriela Ruse win the Eala vs Ruse: Round Of 64 match?,NO,49,67.0000,72.0000,2026-08-14T21:43:22Z,2026-08-15T15:22:40Z,closed,exp9b_take_profit,1.4499,1.0001,3.0500
bot,KXWTAMATCH-26AUG15EALRUS-RUS,Will Elena-Gabriela Ruse win the Eala vs Ruse: Round Of 64 match?,NO,32,67.0000,85.0000,2026-08-15T03:58:06Z,2026-08-15T15:36:06Z,closed,exp9_take_profit,0.7809,4.9791,23.2200
bot_lab2,KXATPMATCH-26AUG15BLONAV-NAV,Will Mariano Navone win the Blockx vs Navone: Round Of 64 match?,YES,49,28.0000,10.0000,2026-08-15T15:32:26Z,2026-08-15T16:01:16Z,closed,exp9_stop_loss,1.0002,-9.8202,-71.5800
bot_hold,KXWTAMATCH-26AUG15EALRUS-RUS,Will Elena-Gabriela Ruse win the Eala vs Ruse: Round Of 64 match?,NO,32,67.0000,100.0000,2026-08-15T03:58:07Z,2026-08-15T17:42:09Z,settled,settled,0.4953,10.0647,46.9400
bot_lab,KXWTAMATCH-26AUG14ZHADAY-ZHA,Will Shuai Zhang win the Zhang vs Day: Round Of 128 match?,NO,63,52.0000,27.0000,2026-08-14T15:51:43Z,2026-08-15T18:02:25Z,closed,exp9_stop_loss,1.9699,-17.7199,-54.0900
bot,KXWTAMATCH-26AUG14ZHADAY-DAY,Will Kayla Day win the Zhang vs Day: Round Of 128 match?,YES,42,52.0000,26.0000,2026-08-14T16:25:36Z,2026-08-15T18:02:25Z,closed,exp9_stop_loss,1.2995,-12.2195,-55.9500
bot,KXATPMATCH-26AUG15VALVAC-VAL,Will Adolfo Daniel Vallejo win the Vallejo vs Vacherot: Round Of 64 match?,NO,37,67.0000,48.0000,2026-08-15T15:48:07Z,2026-08-15T18:07:35Z,closed,exp9_model_shift,1.2191,-8.2491,-33.2800
bot_lab3,KXWTAMATCH-26AUG15BUCCHW-BUC,Will Cristina Bucsa win the Bucsa vs Chwalinska: Round Of 64 match?,NO,34,49.0000,97.0000,2026-08-15T03:13:14Z,2026-08-15T18:09:01Z,closed,exp9b_take_profit,0.6641,15.6559,93.9700
bot_lab2,KXWTAMATCH-26AUG15BUCCHW-BUC,Will Cristina Bucsa win the Bucsa vs Chwalinska: Round Of 64 match?,NO,34,49.0000,97.0000,2026-08-15T03:13:14Z,2026-08-15T18:09:01Z,closed,exp9b_take_profit,0.6641,15.6559,93.9700
bot_lab,KXWTAMATCH-26AUG15BUCCHW-CHW,Will Maja Chwalinska win the Bucsa vs Chwalinska: Round Of 64 match?,YES,62,50.0000,97.0000,2026-08-15T03:13:13Z,2026-08-15T18:09:01Z,closed,exp9b_take_profit,1.2113,27.9287,90.0900
bot_lab3,KXATPMATCH-26AUG15BLONAV-NAV,Will Mariano Navone win the Blockx vs Navone: Round Of 64 match?,YES,49,28.0000,0.0000,2026-08-15T15:32:26Z,2026-08-15T18:12:26Z,settled,settled,0.6915,-14.4115,-105.0400
bot_lab,KXATPMATCH-26AUG15VALVAC-VAL,Will Adolfo Daniel Vallejo win the Vallejo vs Vacherot: Round Of 64 match?,NO,56,67.0000,38.0000,2026-08-15T15:32:26Z,2026-08-15T18:22:43Z,closed,exp9_model_shift,1.7903,-18.0303,-48.0600
bot_chalk,KXWTAMATCH-26AUG15SHNMAR-MAR,Will Tatjana Maria win the Shnaider vs Maria: Round Of 64 match?,NO,32,76.0000,80.0000,2026-08-14T16:08:50Z,2026-08-15T18:38:49Z,closed,exp9_take_profit,0.7670,0.5130,2.1100
bot,KXWTAMATCH-26AUG15SHNMAR-SHN,Will Diana Shnaider win the Shnaider vs Maria: Round Of 64 match?,YES,32,77.0000,80.0000,2026-08-14T21:11:08Z,2026-08-15T18:38:49Z,closed,exp9_model_shift,0.7551,0.2049,0.8300
bot_lab,KXWTAMATCH-26AUG15SHNMAR-SHN,Will Diana Shnaider win the Shnaider vs Maria: Round Of 64 match?,YES,49,77.0000,80.0000,2026-08-14T21:26:52Z,2026-08-15T18:38:49Z,closed,exp9b_take_profit,1.1563,0.3137,0.8300
bot_hold,KXWTAMATCH-26AUG14ZHADAY-ZHA,Will Shuai Zhang win the Zhang vs Day: Round Of 128 match?,NO,42,52.0000,0.0000,2026-08-14T17:29:43Z,2026-08-15T18:41:52Z,settled,settled,0.7338,-22.5738,-103.3600
bot_hold,KXATPMATCH-26AUG15KECCOB-COB,Will Flavio Cobolli win the Kecmanovic vs Cobolli: Round Of 64 match?,YES,44,53.0000,100.0000,2026-08-14T17:13:49Z,2026-08-15T18:47:13Z,settled,settled,0.7672,19.9128,85.3900
bot_lab,KXATPMATCH-26AUG15DJOTIR-TIR,Will Thiago Agustin Tirante win the Djokovic vs Tirante: Round Of 64 match?,NO,50,75.0000,89.0000,2026-08-15T18:40:42Z,2026-08-15T18:55:28Z,closed,exp9b_take_profit,0.9990,6.0010,16.0000
bot_hold,KXATPMATCH-26AUG15VALVAC-VAL,Will Adolfo Daniel Vallejo win the Vallejo vs Vacherot: Round Of 64 match?,NO,38,66.0000,0.0000,2026-08-15T17:52:53Z,2026-08-15T19:11:42Z,settled,settled,0.5969,-25.6769,-102.3800
bot_lab2,KXWTAMATCH-26AUG15OSTFRE-FRE,Will Magdalena Frech win the Ostapenko vs Frech: Round Of 64 match?,NO,35,45.0000,22.0000,2026-08-15T18:56:27Z,2026-08-15T19:15:19Z,closed,exp9_stop_loss,1.0268,-9.0768,-57.6300
bot,KXATPMATCH-26AUG15DJOTIR-TIR,Will Thiago Agustin Tirante win the Djokovic vs Tirante: Round Of 64 match?,NO,32,78.0000,47.0000,2026-08-15T18:08:43Z,2026-08-15T19:50:14Z,closed,exp9_stop_loss,0.9424,-10.8624,-43.5200
bot_chalk,KXATPMATCH-26AUG15DJOTIR-TIR,Will Thiago Agustin Tirante win the Djokovic vs Tirante: Round Of 64 match?,NO,33,75.0000,47.0000,2026-08-15T18:40:42Z,2026-08-15T19:50:14Z,closed,exp9_stop_loss,1.0085,-10.2485,-41.4100
bot_hold,KXWTAMATCH-26AUG15SHNMAR-MAR,Will Tatjana Maria win the Shnaider vs Maria: Round Of 64 match?,NO,32,77.0000,100.0000,2026-08-14T23:16:40Z,2026-08-15T20:07:44Z,settled,settled,0.3967,6.9633,28.2600
bot,KXATPMATCH-26AUG15HALDE-DE,Will Alex de Minaur win the Halys vs de Minaur: Round Of 64 match?,YES,37,62.0000,37.0000,2026-08-15T20:01:46Z,2026-08-15T20:09:17Z,closed,exp9_stop_loss,1.2139,-10.4639,-45.6100
bot_lab3,KXWTAMATCH-26AUG15OSTFRE-FRE,Will Magdalena Frech win the Ostapenko vs Frech: Round Of 64 match?,NO,35,45.0000,0.0000,2026-08-15T18:56:27Z,2026-08-15T20:26:23Z,settled,settled,0.6064,-16.3564,-103.8500
bot,KXATPMATCH-26AUG15DARHIJ-HIJ,Will Rinky Hijikata win the Darderi vs Hijikata: Round Of 64 match?,NO,15,61.0000,45.0000,2026-08-15T20:18:16Z,2026-08-15T20:56:06Z,closed,exp9_model_shift,0.5097,-2.9097,-31.8000
bot_lab,KXATPMATCH-26AUG15HALDE-DE,Will Alex de Minaur win the Halys vs de Minaur: Round Of 64 match?,YES,56,62.0000,63.0000,2026-08-15T20:01:46Z,2026-08-15T20:57:37Z,closed,exp9b_take_profit,1.8374,-1.2774,-3.6800
bot_lab3,KXWTAMATCH-26AUG15CIRBAR-CIR,Will Sorana Cirstea win the Cirstea vs Bartunkova: Round Of 64 match?,YES,36,43.0000,96.0000,2026-08-15T20:01:46Z,2026-08-15T21:18:18Z,closed,exp9b_take_profit,0.7145,18.3655,118.6400
bot_lab2,KXWTAMATCH-26AUG15CIRBAR-CIR,Will Sorana Cirstea win the Cirstea vs Bartunkova: Round Of 64 match?,YES,36,43.0000,96.0000,2026-08-15T20:01:46Z,2026-08-15T21:18:19Z,closed,exp9b_take_profit,0.7145,18.3655,118.6400
bot_lab,KXATPMATCH-26AUG15PAUHUR-PAU,Will Tommy Paul win the Paul vs Hurkacz: Round Of 64 match?,YES,42,54.0000,62.0000,2026-08-15T09:01:26Z,2026-08-15T21:26:32Z,closed,exp9_model_shift,1.4230,1.9370,8.5400
bot_lab2,KXATPMATCH-26AUG15ATMETC-ATM,Will Terence Atmane win the Atmane vs Etcheverry: Round Of 64 match?,NO,37,39.0000,26.0000,2026-08-15T05:10:53Z,2026-08-15T21:29:04Z,closed,exp9_model_shift,1.1145,-5.9245,-41.0600
bot,KXATPMATCH-26AUG15PAUHUR-HUR,Will Hubert Hurkacz win the Paul vs Hurkacz: Round Of 64 match?,NO,36,52.0000,70.0000,2026-08-15T15:32:25Z,2026-08-15T21:37:44Z,closed,exp9_model_shift,1.1582,5.3218,28.4300
bot_hold,KXATPMATCH-26AUG15DARHIJ-HIJ,Will Rinky Hijikata win the Darderi vs Hijikata: Round Of 64 match?,NO,15,61.0000,0.0000,2026-08-15T19:12:23Z,2026-08-15T21:46:33Z,settled,settled,0.2498,-9.3998,-102.7300
bot_hold,KXATPMATCH-26AUG15HALDE-HAL,Will Quentin Halys win the Halys vs de Minaur: Round Of 64 match?,NO,43,58.0000,100.0000,2026-08-15T21:57:49Z,2026-08-15T22:17:25Z,settled,settled,0.7332,17.3268,69.4700
bot_lab3,KXATPMATCH-26AUG15ATMETC-ATM,Will Terence Atmane win the Atmane vs Etcheverry: Round Of 64 match?,NO,37,39.0000,0.0000,2026-08-15T05:10:54Z,2026-08-15T23:01:24Z,settled,settled,0.6162,-15.0462,-104.2700
bot_lab2,KXATPMATCH-26AUG15PAUHUR-PAU,Will Tommy Paul win the Paul vs Hurkacz: Round Of 64 match?,NO,40,26.0000,74.0000,2026-08-15T22:29:40Z,2026-08-15T23:28:41Z,closed,exp9b_take_profit,1.0774,18.1226,174.2600
bot_lab3,KXATPMATCH-26AUG15PAUHUR-PAU,Will Tommy Paul win the Paul vs Hurkacz: Round Of 64 match?,NO,40,26.0000,74.0000,2026-08-15T22:29:41Z,2026-08-15T23:28:41Z,closed,exp9b_take_profit,1.0774,18.1226,174.2600
bot_lab,KXATPMATCH-26AUG15FERDUC-FER,Will Arthur Fery win the Fery vs Duckworth: Round Of 64 match?,YES,45,50.0000,46.0000,2026-08-15T22:45:41Z,2026-08-15T23:29:11Z,closed,exp9_model_shift,1.5700,-3.3700,-14.9800
bot_lab2,KXATPMATCH-26AUG15FERDUC-FER,Will Arthur Fery win the Fery vs Duckworth: Round Of 64 match?,YES,32,47.0000,46.0000,2026-08-15T21:42:02Z,2026-08-15T23:29:11Z,closed,exp9_model_shift,1.1144,-1.4344,-9.5400
bot,KXATPMATCH-26AUG15JODSHA-SHA,Will Denis Shapovalov win the Jodar vs Shapovalov: Round Of 64 match?,NO,20,69.0000,43.0000,2026-08-15T23:17:14Z,2026-08-15T23:37:27Z,closed,exp9_stop_loss,0.6426,-5.8426,-42.3400
bot,KXATPMATCH-26AUG15FERDUC-FER,Will Arthur Fery win the Fery vs Duckworth: Round Of 64 match?,YES,22,52.0000,40.0000,2026-08-15T18:08:44Z,2026-08-15T23:45:45Z,closed,exp9_model_shift,0.7540,-3.3940,-29.6700
bot_lab3,KXATPMATCH-26AUG15FERDUC-FER,Will Arthur Fery win the Fery vs Duckworth: Round Of 64 match?,YES,32,47.0000,75.0000,2026-08-15T21:42:02Z,2026-08-16T00:01:14Z,closed,exp9b_take_profit,0.9780,7.9820,53.0700
bot_hold,KXATPMATCH-26AUG15PAUHUR-PAU,Will Tommy Paul win the Paul vs Hurkacz: Round Of 64 match?,YES,32,53.0000,100.0000,2026-08-15T18:56:27Z,2026-08-16T00:06:02Z,settled,settled,0.5580,14.4820,85.3900
bot_hold,KXATPMATCH-26AUG15FERDUC-FER,Will Arthur Fery win the Fery vs Duckworth: Round Of 64 match?,YES,22,52.0000,100.0000,2026-08-15T18:56:27Z,2026-08-16T00:11:47Z,settled,settled,0.3844,10.1756,88.9500
bot_lab,KXATPMATCH-26AUG15LEHBER-LEH,Will Jiri Lehecka win the Lehecka vs Berrettini: Round Of 64 match?,YES,75,50.0000,73.0000,2026-08-16T00:21:42Z,2026-08-16T00:25:35Z,closed,exp9b_take_profit,2.3473,14.9027,39.7400
bot,KXATPMATCH-26AUG15LEHBER-LEH,Will Jiri Lehecka win the Lehecka vs Berrettini: Round Of 64 match?,YES,50,50.0000,97.0000,2026-08-16T00:21:41Z,2026-08-16T00:45:08Z,closed,exp9_take_profit,0.9769,22.5231,90.0900
bot_lab,KXATPMATCH-26AUG15JODSHA-SHA,Will Denis Shapovalov win the Jodar vs Shapovalov: Round Of 64 match?,NO,60,63.0000,65.0000,2026-08-16T00:55:19Z,2026-08-16T01:02:03Z,closed,exp9b_take_profit,1.9345,-0.7345,-1.9400
bot_hold,KXATPMATCH-26AUG15LEHBER-LEH,Will Jiri Lehecka win the Lehecka vs Berrettini: Round Of 64 match?,YES,50,50.0000,100.0000,2026-08-16T00:21:42Z,2026-08-16T01:02:06Z,settled,settled,0.8750,24.1250,96.5000
bot,KXATPMATCH-26AUG15HANFIL-HAN,Will Yannick Hanfmann win the Hanfmann vs Fils: Round Of 64 match?,NO,30,75.0000,89.0000,2026-08-15T18:40:33Z,2026-08-16T01:09:57Z,closed,exp9_take_profit,0.5994,3.6006,16.0000
bot_hold,KXATPMATCH-26AUG15HANFIL-HAN,Will Yannick Hanfmann win the Hanfmann vs Fils: Round Of 64 match?,NO,25,76.0000,100.0000,2026-08-16T00:21:42Z,2026-08-16T01:52:13Z,settled,settled,0.3192,5.6808,29.9000
bot_hold,KXATPMATCH-26AUG15JODSHA-SHA,Will Denis Shapovalov win the Jodar vs Shapovalov: Round Of 64 match?,NO,20,69.0000,100.0000,2026-08-15T23:17:14Z,2026-08-16T02:11:22Z,settled,settled,0.2995,5.9005,42.7600
bot,KXWTAMATCH-26AUG15STETAU-TAU,Will Clara Tauson win the Stearns vs Tauson: Round Of 64 match?,YES,41,61.0000,38.0000,2026-08-16T01:59:22Z,2026-08-16T02:19:43Z,closed,exp9_stop_loss,1.3590,-10.7890,-43.1400
bot_lab,KXWTAMATCH-26AUG15STETAU-TAU,Will Clara Tauson win the Stearns vs Tauson: Round Of 64 match?,YES,61,61.0000,7.0000,2026-08-16T01:59:22Z,2026-08-16T02:49:32Z,closed,exp9_model_shift,1.2938,-34.2338,-92.0000
bot_hold,KXWTAMATCH-26AUG15STETAU-TAU,Will Clara Tauson win the Stearns vs Tauson: Round Of 64 match?,YES,41,61.0000,100.0000,2026-08-16T01:59:22Z,2026-08-16T03:21:27Z,settled,settled,0.6828,15.3072,61.2000
bot_lab,KXATPMATCH-26AUG15ZVENOR-ZVE,Will Alexander Zverev win the Zverev vs Norrie: Round Of 64 match?,YES,54,69.0000,70.0000,2026-08-16T03:56:39Z,2026-08-16T04:50:34Z,closed,exp9b_take_profit,1.6023,-1.0623,-2.8500
bot,KXATPMATCH-26AUG15ZVENOR-ZVE,Will Alexander Zverev win the Zverev vs Norrie: Round Of 64 match?,YES,36,69.0000,74.0000,2026-08-16T03:56:39Z,2026-08-16T05:47:06Z,closed,exp9_model_shift,1.0238,0.7762,3.1200
bot_chalk,KXATPMATCH-26AUG15ZVENOR-ZVE,Will Alexander Zverev win the Zverev vs Norrie: Round Of 64 match?,YES,35,71.0000,75.0000,2026-08-16T05:52:50Z,2026-08-16T05:55:33Z,closed,exp9_model_shift,0.9639,0.4361,1.7500
bot_hold,KXATPMATCH-26AUG15ZVENOR-ZVE,Will Alexander Zverev win the Zverev vs Norrie: Round Of 64 match?,YES,36,69.0000,100.0000,2026-08-16T03:56:39Z,2026-08-16T06:21:56Z,settled,settled,0.5390,10.6210,42.7600
bot_lab,KXWTAMATCH-26AUG15TOWRYB-RYB,Will Elena Rybakina win the Townsend vs Rybakina: Round Of 64 match?,YES,51,74.0000,86.0000,2026-08-15T00:21:22Z,2026-08-16T15:23:06Z,closed,exp9b_take_profit,1.1167,5.0033,13.2600
bot_lab,KXATPMATCH-26AUG16TRUMED-TRU,Will Marco Trungelliti win the Trungelliti vs Medvedev: Round Of 64 match?,NO,47,79.0000,82.0000,2026-08-16T15:25:26Z,2026-08-16T15:31:45Z,closed,exp9b_take_profit,1.0314,0.3786,1.0200
bot_lab,KXWTAMATCH-26AUG16WANVEK-WAN,Will Xinyu Wang win the Wang vs Vekic: Round Of 64 match?,NO,71,53.0000,74.0000,2026-08-16T15:41:03Z,2026-08-16T15:49:45Z,closed,exp9b_take_profit,2.1942,12.7158,33.7900
bot_lab2,KXWTAMATCH-26AUG16TJEGOL-TJE,Will Janice Tjen win the Tjen vs Golubic: Round Of 64 match?,NO,37,46.0000,21.0000,2026-08-16T01:59:22Z,2026-08-16T16:19:29Z,closed,exp9_stop_loss,1.0731,-10.3231,-60.6500
bot,KXWTAMATCH-26AUG15TOWRYB-RYB,Will Elena Rybakina win the Townsend vs Rybakina: Round Of 64 match?,YES,34,74.0000,97.0000,2026-08-15T00:21:19Z,2026-08-16T16:22:38Z,closed,exp9_take_profit,0.5272,7.2928,28.9900
bot_hold,KXWTAMATCH-26AUG15TOWRYB-RYB,Will Elena Rybakina win the Townsend vs Rybakina: Round Of 64 match?,YES,34,74.0000,100.0000,2026-08-15T00:21:22Z,2026-08-16T16:32:31Z,settled,settled,0.4579,8.3821,33.3200
bot_lab2,KXWTAMATCH-26AUG15SNIKEY-SNI,Will Daria Snigur win the Snigur vs Keys: Round Of 64 match?,YES,45,31.0000,29.0000,2026-08-14T18:33:42Z,2026-08-16T16:39:15Z,closed,exp9_model_shift,1.3224,-2.2224,-15.9300
bot_lab2,KXWTAMATCH-26AUG15KREBEJ-KRE,Will Barbora Krejcikova win the Krejcikova vs Bejlek: Round Of 64 match?,YES,42,40.0000,15.0000,2026-08-16T15:25:26Z,2026-08-16T16:51:45Z,closed,exp9_stop_loss,1.0805,-11.5805,-68.9300
bot,KXATPMATCH-26AUG16TRUMED-TRU,Will Marco Trungelliti win the Trungelliti vs Medvedev: Round Of 64 match?,NO,30,84.0000,97.0000,2026-08-16T13:35:52Z,2026-08-16T16:52:52Z,closed,exp9_take_profit,0.3433,3.5567,14.1100
bot_chalk,KXATPMATCH-26AUG16TRUMED-TRU,Will Marco Trungelliti win the Trungelliti vs Medvedev: Round Of 64 match?,NO,31,79.0000,97.0000,2026-08-16T15:25:25Z,2026-08-16T16:52:52Z,closed,exp9_take_profit,0.4231,5.1569,21.0600
bot_lab3,KXWTAMATCH-26AUG15KREBEJ-KRE,Will Barbora Krejcikova win the Krejcikova vs Bejlek: Round Of 64 match?,YES,42,40.0000,0.0000,2026-08-16T15:25:26Z,2026-08-16T17:01:28Z,settled,settled,0.7056,-17.5056,-104.2000
bot_hold,KXATPMATCH-26AUG16TRUMED-TRU,Will Marco Trungelliti win the Trungelliti vs Medvedev: Round Of 64 match?,NO,30,84.0000,100.0000,2026-08-16T13:35:53Z,2026-08-16T17:07:04Z,settled,settled,0.2822,4.5178,17.9300
bot_lab,KXATPMATCH-26AUG16RINCER-CER,Will Juan Manuel Cerundolo win the Rinderknech vs Cerundolo: Round Of 64 match?,NO,51,62.0000,75.0000,2026-08-16T02:48:26Z,2026-08-16T17:08:40Z,closed,exp9b_take_profit,1.5105,5.1195,16.1900
bot_lab3,KXWTAMATCH-26AUG16TJEGOL-TJE,Will Janice Tjen win the Tjen vs Golubic: Round Of 64 match?,NO,37,46.0000,56.0000,2026-08-16T01:59:22Z,2026-08-16T17:14:34Z,closed,exp9b_take_profit,1.2816,2.4184,14.2100
bot,KXATPMATCH-26AUG16FONVAN-VAN,Will Botic Van de Zandschulp win the Fonseca vs Van de Zandschulp: Round Of 64 match?,NO,25,68.0000,89.0000,2026-08-16T16:59:45Z,2026-08-16T17:43:36Z,closed,exp9_take_profit,0.5521,4.6979,27.6300
bot_lab3,KXWTAMATCH-26AUG15SNIKEY-SNI,Will Daria Snigur win the Snigur vs Keys: Round Of 64 match?,YES,45,31.0000,0.0000,2026-08-14T18:33:42Z,2026-08-16T18:41:41Z,settled,settled,0.6738,-14.6238,-104.8300
bot_lab2,KXWTAMATCH-26AUG16ZHAANN-ANN,Will Ann Li win the Zhang vs Li: Round Of 64 match?,NO,34,34.0000,16.0000,2026-08-15T23:33:17Z,2026-08-16T18:55:36Z,closed,exp9_stop_loss,0.8540,-6.9740,-60.3300
bot,KXATPMATCH-26AUG16RINCER-RIN,Will Arthur Rinderknech win the Rinderknech vs Cerundolo: Round Of 64 match?,YES,26,64.0000,29.0000,2026-08-16T00:55:18Z,2026-08-16T19:56:22Z,closed,exp9_stop_loss,0.7940,-9.8940,-59.4600
bot_lab2,KXATPMATCH-26AUG16BORCER-CER,Will Francisco Cerundolo win the Borges vs Cerundolo: Round Of 64 match?,YES,37,47.0000,7.0000,2026-08-16T00:38:47Z,2026-08-16T19:56:23Z,closed,exp9_stop_loss,0.8138,-15.6138,-89.7900
bot_lab3,KXWTAMATCH-26AUG16ZHAANN-ANN,Will Ann Li win the Zhang vs Li: Round Of 64 match?,NO,34,34.0000,0.0000,2026-08-15T23:33:18Z,2026-08-16T20:02:17Z,settled,settled,0.5341,-12.0941,-104.6200
bot_hold,KXATPMATCH-26AUG16RINCER-RIN,Will Arthur Rinderknech win the Rinderknech vs Cerundolo: Round Of 64 match?,YES,26,64.0000,0.0000,2026-08-16T01:11:22Z,2026-08-16T22:45:42Z,settled,settled,0.4193,-17.0593,-102.5200
bot_hold,KXWTAMATCH-26AUG15SINBOU-BOU,Will Jessica Bouzas Maneiro win the Siniakova vs Bouzas Maneiro: Round Of 64 match?,NO,14,50.0000,100.0000,2026-08-15T20:18:16Z,2026-08-16T22:45:43Z,settled,settled,0.2450,6.7550,96.5000
bot,KXWTAMATCH-26AUG15SINBOU-BOU,Will Jessica Bouzas Maneiro win the Siniakova vs Bouzas Maneiro: Round Of 64 match?,NO,14,50.0000,100.0000,2026-08-15T21:08:36Z,2026-08-16T22:45:43Z,settled,settled,0.2450,6.7550,96.5000
bot_lab3,KXATPMATCH-26AUG16BORCER-CER,Will Francisco Cerundolo win the Borges vs Cerundolo: Round Of 64 match?,YES,37,47.0000,0.0000,2026-08-16T00:38:50Z,2026-08-16T22:45:44Z,settled,settled,0.6452,-18.0352,-103.7100
bot,KXATPMATCH-26AUG16SHEFAR-SHE,Will Ben Shelton win the Shelton vs Faria: Round Of 64 match?,YES,32,78.0000,67.0000,2026-08-16T23:14:57Z,2026-08-16T23:38:03Z,closed,exp9_model_shift,0.8797,-4.3997,-17.6300
bot_lab,KXWTAMATCH-26AUG16GAUSAM-SAM,Will Liudmila Samsonova win the Gauff vs Samsonova: Round Of 64 match?,NO,57,66.0000,67.0000,2026-08-17T01:05:09Z,2026-08-17T01:05:20Z,closed,exp9b_take_profit,1.7776,-1.2076,-3.2100
bot_hold,KXATPMATCH-26AUG16SHEFAR-SHE,Will Ben Shelton win the Shelton vs Faria: Round Of 64 match?,YES,32,78.0000,0.0000,2026-08-16T23:14:58Z,2026-08-17T01:31:42Z,settled,settled,0.3844,-25.3444,-101.5400
bot,KXWTAMATCH-26AUG16GAUSAM-SAM,Will Liudmila Samsonova win the Gauff vs Samsonova: Round Of 64 match?,NO,38,66.0000,97.0000,2026-08-17T01:05:09Z,2026-08-17T01:35:55Z,closed,exp9_take_profit,0.6743,11.1057,44.2800
bot_hold,KXWTAMATCH-26AUG16GAUSAM-SAM,Will Liudmila Samsonova win the Gauff vs Samsonova: Round Of 64 match?,NO,38,66.0000,100.0000,2026-08-17T01:05:09Z,2026-08-17T01:46:13Z,settled,settled,0.5969,12.3231,49.1400
bot,KXATPMATCH-26AUG16SONTIA-TIA,Will Frances Tiafoe win the Sonego vs Tiafoe: Round Of 64 match?,YES,15,61.0000,97.0000,2026-08-16T07:50:38Z,2026-08-17T03:08:33Z,closed,exp9_take_profit,0.2804,5.1196,55.9500
bot_hold,KXATPMATCH-26AUG16SONTIA-TIA,Will Frances Tiafoe win the Sonego vs Tiafoe: Round Of 64 match?,YES,15,61.0000,100.0000,2026-08-16T07:50:38Z,2026-08-17T03:26:20Z,settled,settled,0.2498,5.6002,61.2000
bot_lab2,KXWTAMATCH-26AUG17PARBOI-PAR,Will Diane Parry win the Parry vs Boisson: Round Of 32 match?,YES,43,30.0000,23.0000,2026-08-17T15:35:24Z,2026-08-17T15:46:41Z,closed,exp9_model_shift,1.1652,-4.1752,-32.3700
bot_lab,KXWTAMATCH-26AUG17SWISAK-SWI,Will Iga Swiatek win the Swiatek vs Sakkari: Round Of 32 match?,YES,53,71.0000,72.0000,2026-08-17T15:35:24Z,2026-08-17T16:27:22Z,closed,exp9b_take_profit,1.5118,-0.9818,-2.6100
bot_hold,KXATPMATCH-26AUG17JODTAB-TAB,Will Alejandro Tabilo win the Jodar vs Tabilo: Round Of 32 match?,NO,19,68.0000,100.0000,2026-08-17T03:54:18Z,2026-08-18T02:27:15Z,settled,settled,0.2894,5.7906,44.8200
bot_lab,KXWTAMATCH-26AUG17NOSTAU-NOS,Will Linda Noskova win the Noskova vs Tauson: Round Of 32 match?,YES,54,69.0000,100.0000,2026-08-16T15:56:59Z,2026-08-18T02:27:15Z,settled,settled,0.8085,15.9315,42.7600
bot_hold,KXWTAMATCH-26AUG17CIRKAL-KAL,Will Anna Kalinskaya win the Cirstea vs Kalinskaya: Round Of 32 match?,NO,16,51.0000,100.0000,2026-08-17T06:50:08Z,2026-08-18T02:27:16Z,settled,settled,0.2799,7.5601,92.6500
bot,KXWTAMATCH-26AUG17CIRKAL-KAL,Will Anna Kalinskaya win the Cirstea vs Kalinskaya: Round Of 32 match?,NO,16,51.0000,100.0000,2026-08-17T06:50:08Z,2026-08-18T02:27:16Z,settled,settled,0.2799,7.5601,92.6500
bot_hold,KXWTAMATCH-26AUG17PARBOI-PAR,Will Diane Parry win the Parry vs Boisson: Round Of 32 match?,NO,16,51.0000,0.0000,2026-08-17T07:53:16Z,2026-08-18T02:27:16Z,settled,settled,0.2799,-8.4399,-103.4300
bot_hold,KXWTAMATCH-26AUG17SWISAK-SWI,Will Iga Swiatek win the Swiatek vs Sakkari: Round Of 32 match?,YES,35,71.0000,100.0000,2026-08-17T15:35:24Z,2026-08-18T02:27:16Z,settled,settled,0.5045,9.6455,38.8100
bot_chalk,KXWTAMATCH-26AUG17SWISAK-SWI,Will Iga Swiatek win the Swiatek vs Sakkari: Round Of 32 match?,YES,35,71.0000,100.0000,2026-08-17T15:35:24Z,2026-08-18T02:27:16Z,settled,settled,0.5045,9.6455,38.8100
bot_lab3,KXWTAMATCH-26AUG17PARBOI-PAR,Will Diane Parry win the Parry vs Boisson: Round Of 32 match?,YES,43,30.0000,100.0000,2026-08-17T15:35:24Z,2026-08-18T02:27:16Z,settled,settled,0.6321,29.4679,228.4300
bot,KXATPMATCH-26AUG17JODTAB-TAB,Will Alejandro Tabilo win the Jodar vs Tabilo: Round Of 32 match?,NO,19,68.0000,100.0000,2026-08-17T03:54:17Z,2026-08-18T02:27:16Z,settled,settled,0.2894,5.7906,44.8200
bot,KXWTAMATCH-26AUG17SWISAK-SWI,Will Iga Swiatek win the Swiatek vs Sakkari: Round Of 32 match?,YES,35,71.0000,100.0000,2026-08-17T15:35:21Z,2026-08-18T02:27:16Z,settled,settled,0.5045,9.6455,38.8100
bot,KXWTAMATCH-26AUG17PARBOI-PAR,Will Diane Parry win the Parry vs Boisson: Round Of 32 match?,NO,16,51.0000,0.0000,2026-08-17T07:53:16Z,2026-08-18T02:27:16Z,settled,settled,0.2799,-8.4399,-103.4300
bot_hold,KXWTAMATCH-26AUG17NOSTAU-NOS,Will Linda Noskova win the Noskova vs Tauson: Round Of 32 match?,YES,36,69.0000,100.0000,2026-08-16T16:44:05Z,2026-08-18T02:27:16Z,settled,settled,0.5390,10.6210,42.7600
bot,KXWTAMATCH-26AUG17NOSTAU-NOS,Will Linda Noskova win the Noskova vs Tauson: Round Of 32 match?,YES,36,69.0000,100.0000,2026-08-16T16:28:25Z,2026-08-18T02:27:16Z,settled,settled,0.5390,10.6210,42.7600
bot,KXATPMATCH-26AUG17PAUVAL-VAL,Will Adolfo Daniel Vallejo win the Paul vs Vallejo: Round Of 32 match?,NO,33,75.0000,45.0000,2026-08-18T03:11:58Z,2026-08-18T03:20:38Z,closed,exp9_stop_loss,1.0048,-10.9048,-44.0600
bot_lab,KXATPMATCH-26AUG17PAUVAL-VAL,Will Adolfo Daniel Vallejo win the Paul vs Vallejo: Round Of 32 match?,NO,50,75.0000,27.0000,2026-08-18T03:11:59Z,2026-08-18T03:39:48Z,closed,exp9_model_shift,1.3462,-25.3462,-67.5900
bot_hold,KXATPMATCH-26AUG17PAUVAL-VAL,Will Adolfo Daniel Vallejo win the Paul vs Vallejo: Round Of 32 match?,NO,33,75.0000,100.0000,2026-08-18T03:11:59Z,2026-08-18T08:08:43Z,settled,settled,0.4331,7.8169,31.5800
bot_lab,KXATPMATCH-26AUG18NAKMED-NAK,Will Brandon Nakashima win the Nakashima vs Medvedev: Round Of 32 match?,NO,47,79.0000,92.0000,2026-08-18T19:58:54Z,2026-08-18T20:41:32Z,closed,exp9b_take_profit,0.7879,5.3221,14.3300
bot_chalk,KXATPMATCH-26AUG18NAKMED-NAK,Will Brandon Nakashima win the Nakashima vs Medvedev: Round Of 32 match?,NO,31,79.0000,97.0000,2026-08-18T19:58:52Z,2026-08-18T20:42:24Z,closed,exp9_take_profit,0.4231,5.1569,21.0600
bot_lab,KXWTAMATCH-26AUG18KOSSTE-STE,Will Sloane Stephens win the Kostyuk vs Stephens: Round Of 32 match?,NO,50,75.0000,97.0000,2026-08-18T19:27:13Z,2026-08-18T20:47:25Z,closed,exp9b_take_profit,0.7582,10.2418,27.3100
bot_chalk,KXWTAMATCH-26AUG18KOSSTE-STE,Will Sloane Stephens win the Kostyuk vs Stephens: Round Of 32 match?,NO,33,75.0000,100.0000,2026-08-18T19:27:10Z,2026-08-18T20:51:20Z,settled,settled,0.4331,7.8169,31.5800
bot_lab2,KXWTAMATCH-26AUG18BEJALE-ALE,Will Ekaterina Alexandrova win the Bejlek vs Alexandrova: Round Of 32 match?,NO,39,34.0000,32.0000,2026-08-18T21:18:50Z,2026-08-18T21:39:17Z,closed,exp9_model_shift,1.2066,-1.9866,-14.9800
bot_lab3,KXWTAMATCH-26AUG18BEJALE-ALE,Will Ekaterina Alexandrova win the Bejlek vs Alexandrova: Round Of 32 match?,NO,39,34.0000,79.0000,2026-08-18T21:18:50Z,2026-08-18T22:42:00Z,closed,exp9b_take_profit,1.0655,16.4845,124.3200
bot,KXWTAMATCH-26AUG19NOSANI-NOS,Will Linda Noskova win the Noskova vs Anisimova: Round Of 16 match?,YES,24,53.0000,7.0000,2026-08-18T18:05:24Z,2026-08-19T21:29:19Z,closed,exp9_stop_loss,0.5279,-11.5679,-90.9400
bot_hold,KXATPMATCH-26AUG18TIETIA-TIE,Will Learner Tien win the Tien vs Tiafoe: Round Of 32 match?,YES,14,53.0000,0.0000,2026-08-18T09:09:58Z,2026-08-19T21:29:23Z,settled,settled,0.2441,-7.6641,-103.2900
bot,KXATPMATCH-26AUG18TIETIA-TIE,Will Learner Tien win the Tien vs Tiafoe: Round Of 32 match?,YES,14,53.0000,0.0000,2026-08-18T09:09:57Z,2026-08-19T21:30:35Z,settled,settled,0.2441,-7.6641,-103.2900
bot_hold,KXWTAMATCH-26AUG18SABWAN-WAN,Will Xinyu Wang win the Sabalenka vs Wang: Round Of 32 match?,NO,28,90.0000,100.0000,2026-08-18T18:21:11Z,2026-08-19T21:30:35Z,settled,settled,0.1764,2.6236,10.4100
bot_lab2,KXATPMATCH-26AUG19TIRMEN-MEN,Will Jakub Mensik win the Tirante vs Mensik: Round Of 16 match?,NO,43,34.0000,100.0000,2026-08-18T18:52:47Z,2026-08-19T21:30:35Z,settled,settled,0.6754,27.7046,189.5000
bot_lab3,KXATPMATCH-26AUG19TIRMEN-MEN,Will Jakub Mensik win the Tirante vs Mensik: Round Of 16 match?,NO,43,34.0000,100.0000,2026-08-18T18:52:48Z,2026-08-19T21:30:35Z,settled,settled,0.6754,27.7046,189.5000
bot,KXWTAMATCH-26AUG18SABWAN-WAN,Will Xinyu Wang win the Sabalenka vs Wang: Round Of 32 match?,NO,28,90.0000,100.0000,2026-08-18T18:21:10Z,2026-08-19T21:30:35Z,settled,settled,0.1764,2.6236,10.4100
bot_hold,KXWTAMATCH-26AUG19NOSANI-NOS,Will Linda Noskova win the Noskova vs Anisimova: Round Of 16 match?,YES,24,53.0000,0.0000,2026-08-18T18:05:33Z,2026-08-19T21:42:14Z,settled,settled,0.4185,-13.1385,-103.2900
bot_lab,KXWTAMATCH-26AUG19KEYWAN-KEY,Will Madison Keys win the Keys vs Wang: Round Of 16 match?,YES,47,80.0000,96.0000,2026-08-18T18:52:47Z,2026-08-20T00:41:54Z,closed,exp9b_take_profit,0.6527,6.8673,18.2600
bot_chalk,KXWTAMATCH-26AUG19KEYWAN-KEY,Will Madison Keys win the Keys vs Wang: Round Of 16 match?,YES,31,78.0000,100.0000,2026-08-18T19:08:44Z,2026-08-20T01:01:42Z,settled,settled,0.3724,6.4476,26.6700
bot,KXWTAMATCH-26AUG19KEYWAN-KEY,Will Madison Keys win the Keys vs Wang: Round Of 16 match?,YES,31,80.0000,100.0000,2026-08-18T18:52:46Z,2026-08-20T01:01:42Z,settled,settled,0.3472,5.8528,23.6000
bot_hold,KXWTAMATCH-26AUG19KEYWAN-KEY,Will Madison Keys win the Keys vs Wang: Round Of 16 match?,YES,31,80.0000,100.0000,2026-08-18T18:52:46Z,2026-08-20T01:01:42Z,settled,settled,0.3472,5.8528,23.6000
bot_lab2,KXATPMATCH-26AUG19FARMUS-FAR,Will Jaime Faria win the Faria vs Musetti: Round Of 16 match?,YES,54,26.0000,17.0000,2026-08-19T22:00:02Z,2026-08-20T01:35:25Z,closed,exp9_model_shift,1.2607,-6.1207,-43.5900
bot_lab,KXATPMATCH-26AUG19FRIOCO-FRI,Will Taylor Fritz win the Fritz vs O'Connell: Round Of 16 match?,YES,46,82.0000,98.0000,2026-08-18T18:52:47Z,2026-08-20T01:49:17Z,closed,exp9b_take_profit,0.5384,6.8216,18.0800
bot_chalk,KXATPMATCH-26AUG19FRIOCO-FRI,Will Taylor Fritz win the Fritz vs O'Connell: Round Of 16 match?,YES,30,82.0000,100.0000,2026-08-18T18:52:47Z,2026-08-20T02:09:59Z,settled,settled,0.3100,5.0900,20.6900
bot,KXATPMATCH-26AUG19FRIOCO-FRI,Will Taylor Fritz win the Fritz vs O'Connell: Round Of 16 match?,YES,30,82.0000,100.0000,2026-08-18T18:52:46Z,2026-08-20T02:09:59Z,settled,settled,0.3100,5.0900,20.6900
bot_hold,KXATPMATCH-26AUG19FRIOCO-FRI,Will Taylor Fritz win the Fritz vs O'Connell: Round Of 16 match?,YES,30,82.0000,100.0000,2026-08-18T18:52:46Z,2026-08-20T02:09:59Z,settled,settled,0.3100,5.0900,20.6900
bot_lab3,KXATPMATCH-26AUG19FARMUS-FAR,Will Jaime Faria win the Faria vs Musetti: Round Of 16 match?,YES,54,26.0000,0.0000,2026-08-19T22:00:03Z,2026-08-20T02:41:53Z,settled,settled,0.7273,-14.7673,-105.1800
bot,KXWTAMATCH-26AUG20ANIPEG-ANI,Amanda Anisimova wins,NO,18,59.0000,55.0000,2026-08-20T00:40:00Z,2026-08-20T17:19:58Z,closed,exp9_model_shift,0.6167,-1.3367,-12.5900
bot_lab,KXWTAMATCH-26AUG20ANIPEG-PEG,Jessica Pegula wins,YES,55,51.0000,60.0000,2026-08-20T17:11:58Z,2026-08-20T17:20:26Z,closed,exp9b_take_profit,1.8861,3.0639,10.9200
bot_lab2,KXWTAMATCH-26AUG20ANIPEG-PEG,Jessica Pegula wins,NO,44,26.0000,11.0000,2026-08-20T17:43:17Z,2026-08-20T18:38:09Z,closed,exp9_stop_loss,0.8941,-7.4941,-65.5100
bot_hold,KXWTAMATCH-26AUG20ANIPEG-ANI,Amanda Anisimova wins,NO,18,59.0000,100.0000,2026-08-20T00:40:01Z,2026-08-20T23:13:40Z,settled,settled,0.3048,7.0752,66.6200
bot_lab3,KXWTAMATCH-26AUG20ANIPEG-PEG,Jessica Pegula wins,NO,44,26.0000,0.0000,2026-08-20T17:43:17Z,2026-08-20T23:13:40Z,settled,settled,0.5926,-12.0326,-105.1800
bot_lab2,KXWTAMATCH-26AUG20SWIRYB-RYB,Elena Rybakina wins,YES,31,40.0000,38.0000,2026-08-20T00:40:04Z,2026-08-20T23:15:35Z,closed,exp9_model_shift,1.0321,-1.6521,-13.3200
bot_lab3,KXWTAMATCH-26AUG20SWIRYB-RYB,Elena Rybakina wins,YES,31,40.0000,0.0000,2026-08-20T00:40:04Z,2026-08-20T23:55:52Z,settled,settled,0.5208,-12.9208,-104.2000
bot_lab,KXATPMATCH-26AUG20TIRFIL-TIR,Thiago Agustin Tirante wins,NO,53,71.0000,75.0000,2026-08-21T00:49:10Z,2026-08-21T00:49:40Z,closed,exp9b_take_profit,1.4595,0.6605,1.7600
bot,KXATPMATCH-26AUG20TIRFIL-TIR,Thiago Agustin Tirante wins,NO,24,75.0000,87.0000,2026-08-20T05:32:02Z,2026-08-21T01:08:37Z,closed,exp9_take_profit,0.5050,2.3750,13.1900
bot_hold,KXATPMATCH-26AUG20TIRFIL-TIR,Thiago Agustin Tirante wins,NO,24,75.0000,100.0000,2026-08-20T05:32:02Z,2026-08-21T01:52:01Z,settled,settled,0.3150,5.6850,31.5800
bot_lab4,KXITFMATCH-26AUG21JUHPOP-JUH,Kristijan Juhas wins,NO,38,49.0000,0.0000,2026-08-21T08:14:00Z,2026-08-21T09:22:18Z,settled,settled,0.6647,-19.2847,-103.5700
bot_lab4,KXITFMATCH-26AUG21DERKIS-KIS,Dimitar Kisimov wins,YES,35,44.0000,67.0000,2026-08-21T07:58:19Z,2026-08-21T10:35:49Z,closed,exp9b_take_profit,1.1454,6.9046,44.8400
bot_lab4,KXITFMATCH-26AUG21BATSCI-BAT,Tudor Batin wins,YES,32,49.0000,62.0000,2026-08-21T09:15:57Z,2026-08-21T10:51:00Z,closed,exp9b_take_profit,1.0875,3.0725,19.6000
bot_lab4,KXITFMATCH-26AUG21DOMLAV-LAV,Giuseppe La Vela wins,YES,42,30.0000,0.0000,2026-08-21T10:34:47Z,2026-08-21T11:02:13Z,settled,settled,0.6174,-13.2174,-104.9000
bot_lab4,KXITFMATCH-26AUG21TENMIL-TEN,Fermin Tenti wins,NO,37,43.0000,87.0000,2026-08-21T09:15:57Z,2026-08-21T11:13:43Z,closed,exp9b_take_profit,0.9277,15.3523,96.4900
bot_lab4,KXITFMATCH-26AUG21HALTOR-TOR,Davide Tortora wins,YES,33,37.0000,0.0000,2026-08-21T10:34:47Z,2026-08-21T11:56:46Z,settled,settled,0.5385,-12.7485,-104.4100
bot_lab4,KXITFMATCH-26AUG21WASFAU-FAU,Romain Faucon wins,NO,46,30.0000,73.0000,2026-08-21T13:11:19Z,2026-08-21T15:21:47Z,closed,exp9b_take_profit,1.3109,18.4691,133.8300
bot_lab,KXWTAMATCH-26AUG21BEJKEY-KEY,Madison Keys wins,YES,41,51.0000,82.0000,2026-08-21T19:34:00Z,2026-08-21T19:40:24Z,closed,exp9b_take_profit,1.1408,11.5692,55.3300
bot,KXWTAMATCH-26AUG21BEJKEY-KEY,Madison Keys wins,YES,27,51.0000,26.0000,2026-08-21T19:34:00Z,2026-08-21T19:44:38Z,closed,exp9_stop_loss,0.8359,-7.5859,-55.0900
bot_hold,KXWTAMATCH-26AUG21BEJKEY-KEY,Madison Keys wins,YES,27,51.0000,0.0000,2026-08-21T19:34:00Z,2026-08-21T19:51:50Z,settled,settled,0.4723,-14.2423,-103.4300
bot_lab4,KXITFMATCH-26AUG21MITDEL-DEL,Matthew Dellavedova wins,YES,37,46.0000,91.0000,2026-08-21T19:34:00Z,2026-08-22T04:03:47Z,closed,exp9b_take_profit,0.8555,15.7945,92.8000
bot_lab4,KXITFMATCH-26AUG22GUNMIL-MIL,Iannis Miletich wins,YES,36,31.0000,80.0000,2026-08-21T20:51:25Z,2026-08-22T08:53:57Z,closed,exp9b_take_profit,0.9422,16.6978,149.6200
bot_lab4,KXITFMATCH-26AUG21SENBIE-SEN,Nicola Senn wins,YES,32,36.0000,0.0000,2026-08-21T20:51:26Z,2026-08-22T09:41:28Z,settled,settled,0.5161,-12.0361,-104.4800
bot_lab4,KXITFMATCH-26AUG22BORHAL-BOR,Leo Borg wins,YES,44,36.0000,80.0000,2026-08-22T08:53:46Z,2026-08-22T09:44:01Z,closed,exp9b_take_profit,1.2024,18.1576,114.6300
bot_lab4,KXITFMATCH-26AUG20LOPPER-LOP,Carlos Lopez Montagud wins,NO,39,35.0000,73.0000,2026-08-21T17:28:55Z,2026-08-22T09:47:00Z,closed,exp9b_take_profit,1.1592,13.6608,100.0800
bot_lab4,KXITFMATCH-26AUG22MARCOL-MAR,Goncalo Marques wins,NO,46,31.0000,0.0000,2026-08-22T11:29:32Z,2026-08-22T12:06:14Z,settled,settled,0.6888,-14.9488,-104.8300
bot_lab4,KXITFMATCH-26AUG20MARORA-ORA,Giovanni Oradini wins,YES,37,28.0000,76.0000,2026-08-21T18:47:20Z,2026-08-22T12:19:20Z,closed,exp9b_take_profit,0.9945,16.7655,161.8300
bot_lab4,KXITFMATCH-26AUG22BIEHAN-BIE,Tymur Bieldiugin wins,YES,41,27.0000,0.0000,2026-08-22T13:18:07Z,2026-08-22T15:26:15Z,settled,settled,0.5657,-11.6357,-105.1100
bot_lab,KXATPMATCH-26AUG22HERMIY-MIY,Kenta Miyoshi (b. 2004) wins,YES,59,53.0000,32.0000,2026-08-22T08:53:19Z,2026-08-22T15:28:35Z,closed,exp9_stop_loss,1.9275,-14.3175,-45.7900
bot,KXATPMATCH-26AUG22HERMIY-MIY,Kenta Miyoshi (b. 2004) wins,YES,39,53.0000,32.0000,2026-08-22T08:53:18Z,2026-08-22T15:28:35Z,closed,exp9_stop_loss,1.2740,-9.4640,-45.7900
bot_lab,KXATPMATCH-26AUG22BALPOW-POW,Luca Pow wins,NO,56,67.0000,84.0000,2026-08-22T15:37:08Z,2026-08-22T15:59:04Z,closed,exp9b_take_profit,1.3935,8.1265,21.6600
bot,KXATPMATCH-26AUG22BALPOW-POW,Luca Pow wins,NO,27,71.0000,97.0000,2026-08-22T09:24:42Z,2026-08-22T16:32:12Z,closed,exp9_take_profit,0.4442,6.5758,34.3000
bot_lab4,KXITFMATCH-26AUG22VANFAU-VAN,Martin VAN DER MEERSCHEN wins,NO,31,39.0000,84.0000,2026-08-22T09:09:02Z,2026-08-22T16:35:50Z,closed,exp9b_take_profit,0.8078,13.1422,108.7000
bot_hold,KXATPMATCH-26AUG22BALPOW-POW,Luca Pow wins,NO,27,71.0000,100.0000,2026-08-22T09:24:43Z,2026-08-22T17:02:20Z,settled,settled,0.3892,7.4408,38.8100
bot_hold,KXATPMATCH-26AUG22HERMIY-MIY,Kenta Miyoshi (b. 2004) wins,YES,39,53.0000,0.0000,2026-08-22T08:53:19Z,2026-08-22T17:21:27Z,settled,settled,0.6800,-21.3500,-103.2900
bot_lab4,KXITFMATCH-26AUG22NAGMAS-MAS,Daniel Masur wins,NO,30,45.0000,50.0000,2026-08-22T15:52:35Z,2026-08-22T17:24:46Z,closed,exp9b_take_profit,1.0448,0.4552,3.3700
bot,KXATPMATCH-26AUG22GORPOL-GOR,Sebastian Gorzny wins,YES,17,57.0000,72.0000,2026-08-22T08:53:18Z,2026-08-22T17:34:26Z,closed,exp9_take_profit,0.5316,2.0184,20.8300
bot_lab2,KXATPMATCH-26AUG22GORPOL-POL,Marc Polmans wins,YES,45,25.0000,12.0000,2026-08-22T17:41:04Z,2026-08-22T17:57:06Z,closed,exp9_stop_loss,0.9232,-6.7732,-60.2100
bot_lab3,KXATPMATCH-26AUG22GORPOL-POL,Marc Polmans wins,YES,45,25.0000,39.0000,2026-08-22T17:41:04Z,2026-08-22T18:21:33Z,closed,exp9b_take_profit,1.3400,4.9600,44.0900
bot,KXATPMATCH-26AUG22SHESEG-SEG,Ryan Seggerman wins,NO,37,65.0000,57.0000,2026-08-22T08:53:18Z,2026-08-22T18:35:04Z,closed,exp9_model_shift,1.2240,-4.1840,-17.4000
bot_lab,KXATPMATCH-26AUG22SHESEG-SEG,Ryan Seggerman wins,NO,55,65.0000,57.0000,2026-08-22T08:53:19Z,2026-08-22T18:35:04Z,closed,exp9_model_shift,1.8195,-6.2195,-17.4000
bot_hold,KXATPMATCH-26AUG22GORPOL-GOR,Sebastian Gorzny wins,YES,17,57.0000,100.0000,2026-08-22T08:53:19Z,2026-08-22T19:25:07Z,settled,settled,0.2917,7.0183,72.4300
bot_lab4,KXITFMATCH-26AUG22ORAWEI-ORA,Giovanni Oradini wins,YES,39,29.0000,0.0000,2026-08-22T18:43:20Z,2026-08-22T19:25:07Z,settled,settled,0.5621,-11.8721,-104.9700
bot,KXATPMATCH-26AUG22COBFIL-FIL,Arthur Fils wins,YES,19,68.0000,100.0000,2026-08-22T18:39:00Z,2026-08-22T19:39:08Z,settled,settled,0.2894,5.7906,44.8200
bot_lab3,KXWTAMATCH-26AUG22UDVARA-UDV,Panna Udvardy wins,YES,39,43.0000,59.0000,2026-08-22T10:58:23Z,2026-08-22T19:39:36Z,closed,exp9b_take_profit,1.3295,4.9105,29.2800
bot_lab2,KXWTAMATCH-26AUG22UDVARA-UDV,Panna Udvardy wins,YES,39,43.0000,59.0000,2026-08-22T10:58:23Z,2026-08-22T19:39:36Z,closed,exp9b_take_profit,1.3295,4.9105,29.2800
bot_lab,KXWTAMATCH-26AUG22BONJAC-BON,Anna Bondar wins,YES,47,66.0000,100.0000,2026-08-22T11:13:53Z,2026-08-23T03:54:37Z,settled,settled,0.7383,15.2417,49.1400
bot,KXWTAMATCH-26AUG22TARTIM-TIM,Maria Timofeeva wins,NO,38,65.0000,0.0000,2026-08-22T16:39:09Z,2026-08-23T03:54:52Z,settled,settled,0.6051,-25.3051,-102.4500
bot_hold,KXWTAMATCH-26AUG22TARTIM-TIM,Maria Timofeeva wins,NO,38,65.0000,0.0000,2026-08-22T17:25:35Z,2026-08-23T03:54:52Z,settled,settled,0.6051,-25.3051,-102.4500
bot,KXWTAMATCH-26AUG22LIAKRA-KRA,Sinja Kraus wins,YES,36,70.0000,0.0000,2026-08-22T15:37:07Z,2026-08-23T03:54:52Z,settled,settled,0.5292,-25.7292,-102.1000
bot_lab,KXWTAMATCH-26AUG22TARTIM-TIM,Maria Timofeeva wins,NO,55,68.0000,0.0000,2026-08-22T10:26:56Z,2026-08-23T03:54:52Z,settled,settled,0.8378,-38.2378,-102.2400
bot,KXWTAMATCH-26AUG22BONJAC-BON,Anna Bondar wins,YES,23,68.0000,100.0000,2026-08-22T17:41:03Z,2026-08-23T03:54:52Z,settled,settled,0.3503,7.0097,44.8200
bot_hold,KXWTAMATCH-26AUG22JOIHIN-JOI,Maya Joint wins,YES,27,94.0000,100.0000,2026-08-22T08:53:19Z,2026-08-23T03:54:52Z,settled,settled,0.1066,1.5134,5.9600
bot,KXWTAMATCH-26AUG22JOIHIN-JOI,Maya Joint wins,YES,27,94.0000,100.0000,2026-08-22T08:53:18Z,2026-08-23T03:54:52Z,settled,settled,0.1066,1.5134,5.9600
bot_hold,KXWTAMATCH-26AUG22BONJAC-BON,Anna Bondar wins,YES,23,68.0000,100.0000,2026-08-22T19:41:18Z,2026-08-23T03:54:52Z,settled,settled,0.3503,7.0097,44.8200
bot_lab4,KXITFMATCH-26AUG22VILAGU-AGU,Joaquin Aguilar Cardozo wins,NO,36,43.0000,0.0000,2026-08-22T17:41:04Z,2026-08-23T03:54:53Z,settled,settled,0.6177,-16.0977,-103.9900
bot_hold,KXATPMATCH-26AUG22SHESEG-SEG,Ryan Seggerman wins,NO,37,65.0000,100.0000,2026-08-22T08:53:19Z,2026-08-23T03:54:53Z,settled,settled,0.5892,12.3608,51.4000
bot_lab,KXWTAMATCH-26AUG22LIAKRA-KRA,Sinja Kraus wins,YES,53,71.0000,0.0000,2026-08-22T10:42:50Z,2026-08-23T03:54:53Z,settled,settled,0.7639,-38.3939,-102.0300
bot_chalk,KXWTAMATCH-26AUG22LIAKRA-KRA,Sinja Kraus wins,YES,35,71.0000,0.0000,2026-08-22T10:42:39Z,2026-08-23T03:54:53Z,settled,settled,0.5045,-25.3545,-102.0300
bot_hold,KXWTAMATCH-26AUG22LIAKRA-KRA,Sinja Kraus wins,YES,36,70.0000,0.0000,2026-08-22T17:10:12Z,2026-08-23T03:54:53Z,settled,settled,0.5292,-25.7292,-102.1000
bot_lab4,KXITFMATCH-26AUG23KISJUH-JUH,Kristijan Juhas wins,YES,48,29.0000,0.0000,2026-08-23T10:06:25Z,2026-08-23T10:36:51Z,settled,settled,0.6918,-14.6118,-104.9700
bot_lab2,KXATPMATCH-26AUG23BALGOR-GOR,Sebastian Gorzny wins,NO,42,41.0000,16.0000,2026-08-23T17:21:49Z,2026-08-23T18:04:40Z,closed,exp9_stop_loss,1.1063,-11.6063,-67.4000
bot_lab,KXATPMATCH-26AUG23GREROT-ROT,Mees Rottgering wins,YES,59,50.0000,96.0000,2026-08-23T17:21:48Z,2026-08-23T18:36:43Z,closed,exp9b_take_profit,1.1911,25.9489,87.9600
bot_lab3,KXATPMATCH-26AUG23BALGOR-GOR,Sebastian Gorzny wins,NO,42,41.0000,72.0000,2026-08-23T17:21:49Z,2026-08-23T18:47:09Z,closed,exp9b_take_profit,1.3039,11.7161,68.0400
bot_lab,KXATPMATCH-26AUG23HERVAN-VAN,Quinn Vandecasteele wins,NO,44,55.0000,27.0000,2026-08-23T18:54:36Z,2026-08-23T19:00:25Z,closed,exp9_stop_loss,1.3694,-13.6894,-56.5700
bot_lab2,KXATPMATCH-26AUG23MPEBRO-MPE,Giovanni Mpetshi Perricard wins,YES,34,37.0000,18.0000,2026-08-23T18:54:37Z,2026-08-23T19:19:44Z,closed,exp9_stop_loss,0.9061,-7.3661,-58.5500
bot_lab3,KXATPMATCH-26AUG23MPEBRO-MPE,Giovanni Mpetshi Perricard wins,YES,34,37.0000,0.0000,2026-08-23T18:54:37Z,2026-08-23T20:18:46Z,settled,settled,0.5548,-13.1348,-104.4100
bot_lab2,KXATPMATCH-26AUG23COMYIB-YIB,Yibing Wu wins,NO,36,35.0000,64.0000,2026-08-23T06:12:58Z,2026-08-23T20:47:23Z,closed,exp9b_take_profit,1.1539,9.2861,73.7000
bot_lab3,KXATPMATCH-26AUG23COMYIB-YIB,Yibing Wu wins,NO,36,35.0000,64.0000,2026-08-23T06:12:58Z,2026-08-23T20:47:23Z,closed,exp9b_take_profit,1.1539,9.2861,73.7000
bot_lab3,KXWTAMATCH-26AUG23UDVVID-VID,Darja Vidmanova wins,NO,45,34.0000,0.0000,2026-08-23T16:04:11Z,2026-08-24T04:12:29Z,settled,settled,0.7069,-16.0069,-104.6200
bot_hold,KXWTAMATCH-26AUG23TIMRAK-RAK,Kamilla Rakhimova wins,YES,15,59.0000,0.0000,2026-08-23T08:01:17Z,2026-08-24T04:12:48Z,settled,settled,0.2540,-9.1040,-102.8700
bot_lab,KXATPMATCH-26AUG23CARVAL-CAR,Pablo Carreno Busta wins,YES,40,53.0000,0.0000,2026-08-23T06:43:49Z,2026-08-24T04:12:48Z,settled,settled,0.6975,-21.8975,-103.2900
bot_hold,KXWTAMATCH-26AUG23BONLIA-BON,Anna Bondar wins,YES,36,69.0000,100.0000,2026-08-23T09:50:57Z,2026-08-24T04:12:48Z,settled,settled,0.5390,10.6210,42.7600
bot_chalk,KXWTAMATCH-26AUG23BONLIA-LIA,En-Shuo Liang wins,NO,35,71.0000,100.0000,2026-08-23T11:08:35Z,2026-08-24T04:12:49Z,settled,settled,0.5045,9.6455,38.8100
bot,KXWTAMATCH-26AUG23TIMRAK-RAK,Kamilla Rakhimova wins,YES,15,59.0000,0.0000,2026-08-23T08:01:16Z,2026-08-24T04:12:49Z,settled,settled,0.2540,-9.1040,-102.8700
bot_lab3,KXWTAMATCH-26AUG23JOIPUT-PUT,Yulia Putintseva wins,NO,29,45.0000,100.0000,2026-08-23T16:04:11Z,2026-08-24T04:12:49Z,settled,settled,0.5024,15.4476,118.3700
bot_lab,KXWTAMATCH-26AUG23JOIPUT-JOI,Maya Joint wins,YES,39,51.0000,100.0000,2026-08-23T03:55:58Z,2026-08-24T04:12:49Z,settled,settled,0.6822,18.4278,92.6500
bot_lab2,KXWTAMATCH-26AUG23UDVVID-VID,Darja Vidmanova wins,NO,45,34.0000,0.0000,2026-08-23T16:04:11Z,2026-08-24T04:12:49Z,settled,settled,0.7069,-16.0069,-104.6200
bot_lab2,KXWTAMATCH-26AUG23JOIPUT-PUT,Yulia Putintseva wins,NO,29,45.0000,100.0000,2026-08-23T16:04:11Z,2026-08-24T04:12:50Z,settled,settled,0.5024,15.4476,118.3700
bot,KXATPMATCH-26AUG23FILTIA-TIA,Frances Tiafoe wins,NO,27,66.0000,100.0000,2026-08-23T03:55:58Z,2026-08-24T04:12:50Z,settled,settled,0.4241,8.7559,49.1400
bot,KXATPMATCH-26AUG23CARVAL-VAL,Adolfo Daniel Vallejo wins,NO,17,55.0000,0.0000,2026-08-23T03:55:58Z,2026-08-24T04:12:50Z,settled,settled,0.2945,-9.6445,-103.1500
bot_hold,KXATPMATCH-26AUG23FILTIA-TIA,Frances Tiafoe wins,NO,27,66.0000,100.0000,2026-08-23T03:55:58Z,2026-08-24T04:12:50Z,settled,settled,0.4241,8.7559,49.1400
bot_hold,KXWTAMATCH-26AUG23JOIPUT-JOI,Maya Joint wins,YES,26,51.0000,100.0000,2026-08-23T03:55:58Z,2026-08-24T04:12:50Z,settled,settled,0.4548,12.2852,92.6500
bot_hold,KXATPMATCH-26AUG23CARVAL-VAL,Adolfo Daniel Vallejo wins,NO,17,55.0000,0.0000,2026-08-23T03:55:58Z,2026-08-24T04:12:50Z,settled,settled,0.2945,-9.6445,-103.1500
bot_lab,KXWTAMATCH-26AUG23BONLIA-BON,Anna Bondar wins,YES,54,69.0000,100.0000,2026-08-23T09:50:57Z,2026-08-24T04:12:50Z,settled,settled,0.8085,15.9315,42.7600
bot,KXWTAMATCH-26AUG23BONLIA-BON,Anna Bondar wins,YES,36,69.0000,100.0000,2026-08-23T09:50:54Z,2026-08-24T04:12:50Z,settled,settled,0.5390,10.6210,42.7600
bot,KXWTAMATCH-26AUG23JOIPUT-JOI,Maya Joint wins,YES,26,51.0000,100.0000,2026-08-23T03:55:58Z,2026-08-24T04:12:50Z,settled,settled,0.4548,12.2852,92.6500
bot_lab4,KXITFMATCH-26AUG24MUNDEK-DEK,Michiel De Krom wins,NO,36,36.0000,55.0000,2026-08-24T04:13:47Z,2026-08-24T12:46:26Z,closed,exp9b_take_profit,1.2043,5.6357,43.4900
bot_lab2,KXWTAMATCH-26AUG24MASSHY-SHY,Iryna Shymanovich wins,YES,34,32.0000,64.0000,2026-08-24T05:49:55Z,2026-08-24T16:01:41Z,closed,exp9b_take_profit,1.0663,9.8137,90.2000
bot_lab3,KXWTAMATCH-26AUG24MASSHY-SHY,Iryna Shymanovich wins,YES,34,32.0000,64.0000,2026-08-24T05:49:55Z,2026-08-24T16:01:41Z,closed,exp9b_take_profit,1.0663,9.8137,90.2000
bot,KXATPMATCH-26AUG24ALTCOM-ALT,Daniel Altmaier wins,YES,30,50.0000,100.0000,2026-08-24T04:13:47Z,2026-08-25T05:27:49Z,settled,settled,0.5250,14.4750,96.5000
bot_lab2,KXATPMATCH-26AUG24GUEHOL-HOL,August Holmgren wins,NO,30,43.0000,100.0000,2026-08-24T04:13:47Z,2026-08-25T05:27:51Z,settled,settled,0.5147,16.5853,128.5700
bot_hold,KXATPMATCH-26AUG24ALTCOM-ALT,Daniel Altmaier wins,YES,30,50.0000,100.0000,2026-08-24T04:13:47Z,2026-08-25T05:27:51Z,settled,settled,0.5250,14.4750,96.5000
bot_hold,KXWTAMATCH-26AUG24LIUWAT-LIU,Claire Liu wins,YES,40,63.0000,0.0000,2026-08-24T04:13:47Z,2026-08-25T05:27:51Z,settled,settled,0.6527,-25.8527,-102.5900
bot_lab3,KXATPMATCH-26AUG24PINSVA-PIN,Jack Pinnington Jones wins,YES,33,39.0000,100.0000,2026-08-24T05:03:23Z,2026-08-25T05:27:51Z,settled,settled,0.5495,19.5805,152.1400
bot_lab,KXWTAMATCH-26AUG24LIUWAT-LIU,Claire Liu wins,YES,60,63.0000,0.0000,2026-08-24T04:13:47Z,2026-08-25T05:27:51Z,settled,settled,0.9790,-38.7790,-102.5900
bot,KXWTAMATCH-26AUG24LIUWAT-LIU,Claire Liu wins,YES,40,63.0000,0.0000,2026-08-24T04:13:47Z,2026-08-25T05:27:51Z,settled,settled,0.6527,-25.8527,-102.5900
bot_lab2,KXATPMATCH-26AUG24CECBRO-CEC,Marco Cecchinato wins,YES,43,26.0000,100.0000,2026-08-24T04:13:47Z,2026-08-25T05:27:51Z,settled,settled,0.5791,31.2409,279.4400
bot_lab3,KXWTAMATCH-26AUG23TAUZAR-ZAR,Renata Zarazua wins,YES,47,26.0000,0.0000,2026-08-23T15:32:55Z,2026-08-25T05:27:51Z,settled,settled,0.6330,-12.8530,-105.1800
bot_lab3,KXATPMATCH-26AUG24CECBRO-CEC,Marco Cecchinato wins,YES,43,26.0000,100.0000,2026-08-24T04:13:47Z,2026-08-25T05:27:52Z,settled,settled,0.5791,31.2409,279.4400
bot_lab2,KXWTAMATCH-26AUG23TAUZAR-ZAR,Renata Zarazua wins,YES,47,26.0000,0.0000,2026-08-23T15:32:55Z,2026-08-25T05:27:52Z,settled,settled,0.6330,-12.8530,-105.1800
bot_lab2,KXATPMATCH-26AUG24PINSVA-PIN,Jack Pinnington Jones wins,YES,33,39.0000,100.0000,2026-08-24T05:03:22Z,2026-08-25T05:27:52Z,settled,settled,0.5495,19.5805,152.1400
bot_lab3,KXATPMATCH-26AUG24GUEHOL-HOL,August Holmgren wins,NO,30,43.0000,100.0000,2026-08-24T04:13:47Z,2026-08-25T05:27:52Z,settled,settled,0.5147,16.5853,128.5700
bot_lab3,KXATPMATCH-26AUG24WONMOL-WON,Coleman Wong wins,NO,40,25.0000,0.0000,2026-08-24T05:19:15Z,2026-08-25T05:27:52Z,settled,settled,0.5250,-10.5250,-105.2500
bot_lab2,KXATPMATCH-26AUG24WONMOL-WON,Coleman Wong wins,NO,40,25.0000,0.0000,2026-08-24T05:19:15Z,2026-08-25T05:27:52Z,settled,settled,0.5250,-10.5250,-105.2500
bot_chalk,KXATPMATCH-26AUG24ANTSEA-ANT,Michael Antonius wins,NO,32,76.0000,0.0000,2026-08-24T04:13:47Z,2026-08-25T16:27:14Z,settled,settled,0.4086,-24.7286,-101.6800
bot,KXATPMATCH-26AUG24ANTSEA-ANT,Michael Antonius wins,NO,33,76.0000,0.0000,2026-08-24T04:13:47Z,2026-08-25T16:27:14Z,settled,settled,0.4213,-25.5013,-101.6800
bot_hold,KXATPMATCH-26AUG24ANTSEA-ANT,Michael Antonius wins,NO,33,76.0000,0.0000,2026-08-24T04:13:47Z,2026-08-25T16:27:14Z,settled,settled,0.4213,-25.5013,-101.6800
bot_lab,KXATPMATCH-26AUG24ANTSEA-ANT,Michael Antonius wins,NO,49,76.0000,0.0000,2026-08-24T04:13:47Z,2026-08-25T16:27:14Z,settled,settled,0.6256,-37.8656,-101.6800
bot_lab3,KXATPMATCH-26AUG24SKAARN-SKA,Timofey Skatov wins,YES,38,49.0000,100.0000,2026-08-24T06:36:48Z,2026-08-25T16:52:29Z,settled,settled,0.6647,18.7153,100.5100
bot_hold,KXATPMATCH-26AUG24KWONLAJ-KWON,Soonwoo Kwon wins,YES,36,61.0000,0.0000,2026-08-24T04:13:47Z,2026-08-25T17:27:51Z,settled,settled,0.5995,-22.5595,-102.7300
bot,KXATPMATCH-26AUG24KWONLAJ-KWON,Soonwoo Kwon wins,YES,36,61.0000,0.0000,2026-08-24T04:13:47Z,2026-08-25T17:27:51Z,settled,settled,0.5995,-22.5595,-102.7300
bot_lab,KXATPMATCH-26AUG24KWONLAJ-KWON,Soonwoo Kwon wins,YES,53,61.0000,0.0000,2026-08-24T04:13:47Z,2026-08-25T17:27:51Z,settled,settled,0.8826,-33.2126,-102.7300
bot_hold,KXATPMATCH-26AUG24KOUBAS-BAS,Nishesh Basavareddy wins,YES,43,55.0000,100.0000,2026-08-24T04:13:47Z,2026-08-25T19:27:39Z,settled,settled,0.7450,18.6050,78.6700
bot,KXATPMATCH-26AUG24KOUBAS-BAS,Nishesh Basavareddy wins,YES,43,55.0000,100.0000,2026-08-24T04:13:47Z,2026-08-25T19:27:54Z,settled,settled,0.7450,18.6050,78.6700
bot_lab,KXATPMATCH-26AUG24KOUBAS-BAS,Nishesh Basavareddy wins,YES,65,55.0000,100.0000,2026-08-24T04:13:47Z,2026-08-25T19:27:54Z,settled,settled,1.1261,28.1239,78.6700
bot_lab3,KXWTAMATCH-26AUG24RADRIN-RIN,Kajsa Rinaldo Persson wins,YES,34,35.0000,0.0000,2026-08-24T06:05:45Z,2026-08-25T20:26:59Z,settled,settled,0.5415,-12.4415,-104.5500
bot,KXATPMATCH-26JUL26KOUDIM-KOU,Will Moise Kouame win the Kouame vs Dimitrov: Round Of 32 match?,NO,30,73.0000,33.0000,2026-07-26T13:57:38Z,2026-08-27T05:26:49Z,closed,voided,0.4643,-2.2643,-10.3400
bot,KXATPMATCH-26JUL27MICDRA-MIC,Will Alex Michelsen win the Michelsen vs Draper: Round Of 32 match?,NO,35,59.0000,43.0000,2026-07-26T19:52:46Z,2026-08-27T05:26:49Z,closed,voided,0.6005,-1.3005,-6.3000
bot,KXATPMATCH-26AUG03MUNBLO-BLO,Will Alexander Blockx win the Munar vs Blockx: Round Of 64 match?,YES,19,60.0000,59.0000,2026-08-04T02:50:05Z,2026-08-27T05:26:50Z,closed,voided,0.6409,-0.8309,-7.2900
bot,KXATPMATCH-26AUG12VANGRI-GRI,Will Tallon Griekspoor win the Van de Zandschulp vs Griekspoor: Round Of 128 match?,YES,19,50.0000,50.0000,2026-08-12T15:30:46Z,2026-08-27T05:26:50Z,closed,voided,0.6650,-0.6650,-7.0000
bot,KXWTAMATCH-26AUG12TIMSIN-TIM,Will Maria Timofeeva win the Timofeeva vs Siniakova: Round Of 128 match?,NO,25,60.0000,39.0000,2026-08-13T21:18:16Z,2026-08-27T05:26:50Z,closed,voided,0.8363,-0.5863,-3.9100
bot_chalk,KXATPMATCH-26AUG18FONOCO-FON,Will Joao Fonseca win the Fonseca vs O'Connell: Round Of 32 match?,YES,30,81.0000,80.0000,2026-08-17T16:26:25Z,2026-08-27T05:26:50Z,closed,voided,0.6592,-0.9592,-3.9500
bot_hold,KXATPMATCH-26JUL26KOUDIM-KOU,Will Moise Kouame win the Kouame vs Dimitrov: Round Of 32 match?,NO,30,73.0000,33.0000,2026-07-26T13:58:03Z,2026-08-27T05:26:50Z,closed,voided,0.4643,-2.2643,-10.3400
bot_hold,KXATPMATCH-26JUL27MICDRA-MIC,Will Alex Michelsen win the Michelsen vs Draper: Round Of 32 match?,NO,35,59.0000,43.0000,2026-07-26T19:52:46Z,2026-08-27T05:26:50Z,closed,voided,0.6005,-1.3005,-6.3000
bot_hold,KXATPMATCH-26AUG03MUNBLO-BLO,Will Alexander Blockx win the Munar vs Blockx: Round Of 64 match?,YES,19,60.0000,59.0000,2026-08-04T02:50:05Z,2026-08-27T05:26:50Z,closed,voided,0.6409,-0.8309,-7.2900
bot_hold,KXATPMATCH-26AUG12VANGRI-GRI,Will Tallon Griekspoor win the Van de Zandschulp vs Griekspoor: Round Of 128 match?,YES,19,50.0000,50.0000,2026-08-12T15:30:49Z,2026-08-27T05:26:50Z,closed,voided,0.6650,-0.6650,-7.0000
bot_hold,KXWTAMATCH-26AUG12TIMSIN-TIM,Will Maria Timofeeva win the Timofeeva vs Siniakova: Round Of 128 match?,NO,21,61.0000,39.0000,2026-08-13T21:49:24Z,2026-08-27T05:26:50Z,closed,voided,0.6994,-0.6994,-5.4600
bot_lab,KXATPMATCH-26JUL27MICDRA-MIC,Will Alex Michelsen win the Michelsen vs Draper: Round Of 32 match?,NO,53,59.0000,43.0000,2026-07-26T19:52:46Z,2026-08-27T05:26:50Z,closed,voided,0.9093,-1.9693,-6.3000
bot_lab,KXATPMATCH-26JUL26KOUDIM-KOU,Will Moise Kouame win the Kouame vs Dimitrov: Round Of 32 match?,NO,54,70.0000,33.0000,2026-07-26T21:49:00Z,2026-08-27T05:26:50Z,closed,voided,0.8358,-2.4558,-6.5000
bot_lab,KXATPMATCH-26AUG18FONOCO-FON,Will Joao Fonseca win the Fonseca vs O'Connell: Round Of 32 match?,YES,46,81.0000,80.0000,2026-08-17T16:26:25Z,2026-08-27T05:26:50Z,closed,voided,1.0108,-1.4708,-3.9500
bot_lab,KXATPMATCH-26AUG23PRIHEW-PRI,Dino Prizmic wins,YES,47,79.0000,79.0000,2026-08-23T16:35:11Z,2026-08-27T05:26:50Z,closed,voided,1.0916,-1.0916,-2.9400
bot_lab2,KXWTAMATCH-26JUL25LEASWA-SWA,Will Katie Swan win the Ma vs Swan: Round Of 16 match?,NO,38,38.0000,64.0000,2026-07-25T07:09:19Z,2026-08-27T05:26:50Z,closed,voided,0.6129,-1.3729,-9.5100
bot_lab2,KXWTAMATCH-26AUG04TARANI-ANI,Will Amanda Anisimova win the Tararudee vs Anisimova: Round Of 64 match?,NO,51,26.0000,70.0000,2026-08-04T04:38:41Z,2026-08-27T05:26:50Z,closed,voided,1.4366,0.6034,4.5500
bot_lab2,KXATPMATCH-26AUG23SAFFUC-FUC,Marton Fucsovics wins,YES,35,36.0000,37.0000,2026-08-23T03:55:58Z,2026-08-27T05:26:50Z,closed,voided,1.1356,-0.7856,-6.2300
bot_lab2,KXATPMATCH-26AUG24NEUCRA-CRA,Oliver Crawford wins,NO,41,43.0000,57.0000,2026-08-24T04:13:47Z,2026-08-27T05:26:50Z,closed,voided,1.4068,-1.4068,-7.9800
bot_lab2,KXATPMATCH-26AUG24SMIPEL-SMI,Keegan Smith wins,NO,43,39.0000,64.0000,2026-08-24T16:16:03Z,2026-08-27T05:26:50Z,closed,voided,1.4096,-2.6996,-16.1000
bot_lab3,KXATPMATCH-26AUG23SAFFUC-FUC,Marton Fucsovics wins,YES,35,36.0000,37.0000,2026-08-23T03:55:58Z,2026-08-27T05:26:50Z,closed,voided,1.1356,-0.7856,-6.2300
bot_lab3,KXATPMATCH-26AUG24NEUCRA-CRA,Oliver Crawford wins,NO,41,43.0000,57.0000,2026-08-24T04:13:47Z,2026-08-27T05:26:50Z,closed,voided,1.4068,-1.4068,-7.9800
bot_lab3,KXATPMATCH-26AUG24SMIPEL-SMI,Keegan Smith wins,NO,43,39.0000,64.0000,2026-08-24T16:16:18Z,2026-08-27T05:26:50Z,closed,voided,1.4096,-2.6996,-16.1000
bot_lab4,KXITFMATCH-26AUG27FUNFEL-FEL,Jake Fellows wins,YES,39,26.0000,50.0000,2026-08-27T06:20:40Z,2026-08-27T06:58:37Z,closed,exp9b_take_profit,1.2078,8.1522,80.4000
bot_lab4,KXITFMATCH-26AUG27JAVMAB-JAV,Dev Javia wins,NO,48,29.0000,51.0000,2026-08-27T05:49:19Z,2026-08-27T07:01:01Z,closed,exp9b_take_profit,1.5315,9.0285,64.8600
bot_lab4,KXITFMATCH-26AUG27KLADEM-KLA,Stian Klaassen wins,NO,38,47.0000,50.0000,2026-08-27T09:31:22Z,2026-08-27T09:40:47Z,closed,exp9b_take_profit,1.3276,-0.1876,-1.0500
bot_lab4,KXITFMATCH-26AUG27KISGUB-GUB,Trisztan Gubi wins,NO,46,33.0000,0.0000,2026-08-27T09:15:56Z,2026-08-27T10:07:27Z,settled,settled,0.7119,-15.8919,-104.6900
bot_lab4,KXITFMATCH-26AUG27RATJON-RAT,Lucio Ratti wins,YES,39,48.0000,0.0000,2026-08-27T10:04:23Z,2026-08-27T11:07:22Z,settled,settled,0.6814,-19.4014,-103.6400
bot_lab4,KXITFMATCH-26AUG27SCACAS-CAS,Jaume Casas Blasi wins,NO,39,31.0000,98.0000,2026-08-27T10:21:08Z,2026-08-27T11:25:22Z,closed,exp9b_take_profit,0.6374,25.4926,210.8600
bot_lab4,KXITFMATCH-26AUG27MASKIV-MAS,Nikita Mashtakov wins,NO,38,37.0000,0.0000,2026-08-27T11:24:24Z,2026-08-27T11:42:16Z,settled,settled,0.6200,-14.6800,-104.4100
bot_lab4,KXITFMATCH-26AUG27BRAGAR-GAR,Axel Garcian wins,YES,32,47.0000,0.0000,2026-08-27T12:12:05Z,2026-08-27T12:52:29Z,settled,settled,0.5580,-15.5980,-103.7100
bot_lab4,KXITFMATCH-26AUG27ANGMON-ANG,Leonardo Angeloni wins,YES,39,32.0000,0.0000,2026-08-27T10:37:03Z,2026-08-27T13:02:24Z,settled,settled,0.5940,-13.0740,-104.7600
bot_lab4,KXITFMATCH-26AUG27SELDEL-SEL,Jelle Sels wins,YES,35,45.0000,0.0000,2026-08-27T13:48:38Z,2026-08-27T14:52:22Z,settled,settled,0.6064,-16.3564,-103.8500
bot_lab2,KXATPMATCH-26AUG27DOUGUE-DOU,Aziz Dougaz wins,NO,34,47.0000,66.0000,2026-08-27T06:02:43Z,2026-08-27T16:08:26Z,closed,exp9_model_shift,1.1270,5.3330,33.3700
bot,KXATPMATCH-26AUG27DOUGUE-GUE,Andrea Guerrieri wins,YES,33,50.0000,66.0000,2026-08-27T12:44:11Z,2026-08-27T16:08:26Z,closed,exp9_model_shift,1.0959,4.1841,25.3600
bot_lab,KXATPMATCH-26AUG27DOUGUE-GUE,Andrea Guerrieri wins,YES,50,50.0000,66.0000,2026-08-27T12:44:12Z,2026-08-27T16:08:26Z,closed,exp9_model_shift,1.6604,6.3396,25.3600
bot_lab,KXATPMATCH-26AUG27WONLAJ-WON,Coleman Wong wins,YES,69,54.0000,66.0000,2026-08-27T16:20:58Z,2026-08-27T16:21:33Z,closed,exp9b_take_profit,2.2837,5.9963,16.0900
bot,KXATPMATCH-26AUG27WONLAJ-WON,Coleman Wong wins,YES,46,54.0000,83.0000,2026-08-27T16:20:57Z,2026-08-27T16:26:51Z,closed,exp9_take_profit,1.2541,12.0859,48.6500
bot,KXATPMATCH-26AUG27RINBAR-RIN,Daniel Rincon wins,NO,17,52.0000,78.0000,2026-08-27T14:37:39Z,2026-08-27T16:38:42Z,closed,exp9_take_profit,0.5012,3.9188,44.3300
bot_lab3,KXATPMATCH-26AUG27DOUGUE-DOU,Aziz Dougaz wins,NO,34,47.0000,79.0000,2026-08-27T06:02:44Z,2026-08-27T17:12:01Z,closed,exp9b_take_profit,0.9877,9.8923,61.9000
bot_lab4,KXITFMATCH-26AUG27DOMCHE-CHE,Mahmoud chetouane wins,YES,40,25.0000,0.0000,2026-08-27T12:12:09Z,2026-08-27T18:11:16Z,settled,settled,0.5250,-10.5250,-105.2500
bot,KXATPMATCH-26AUG27BONVAN-BON,Benjamin Bonzi wins,NO,15,56.0000,53.0000,2026-08-27T18:43:43Z,2026-08-27T18:45:47Z,closed,exp9_model_shift,0.5203,-0.9703,-11.5500
bot_lab4,KXITFMATCH-26AUG27PLALAR-LAR,Louis Larue wins,YES,37,34.0000,88.0000,2026-08-27T05:49:19Z,2026-08-27T19:35:55Z,closed,exp9b_take_profit,0.8547,19.1253,152.0300
bot_lab2,KXWTAMATCH-26AUG27HAVHIB-HIB,Nao Hibino wins,NO,38,49.0000,71.0000,2026-08-27T09:48:28Z,2026-08-27T19:36:38Z,closed,exp9b_take_profit,1.2124,7.1476,38.3900
bot_lab3,KXWTAMATCH-26AUG27HAVHIB-HIB,Nao Hibino wins,NO,38,49.0000,71.0000,2026-08-27T09:48:30Z,2026-08-27T19:36:38Z,closed,exp9b_take_profit,1.2124,7.1476,38.3900
bot_lab,KXWTAMATCH-26AUG27HAVHIB-HAV,Lucie Havlickova wins,YES,50,54.0000,70.0000,2026-08-27T06:02:42Z,2026-08-27T19:36:38Z,closed,exp9b_take_profit,1.6044,6.3956,23.6900
bot_lab,KXWTAMATCH-26AUG27IATLAZ-IAT,Polina Iatcenko wins,YES,47,79.0000,93.0000,2026-08-27T17:08:28Z,2026-08-27T19:40:59Z,closed,exp9b_take_profit,0.7600,5.8200,15.6700
bot_hold,KXATPMATCH-26AUG27WONLAJ-WON,Coleman Wong wins,YES,46,54.0000,100.0000,2026-08-27T16:20:58Z,2026-08-27T19:42:21Z,settled,settled,0.7998,20.3602,81.9700
bot,KXWTAMATCH-26AUG27HAVHIB-HAV,Lucie Havlickova wins,YES,33,54.0000,82.0000,2026-08-27T06:02:39Z,2026-08-27T19:45:20Z,closed,exp9_take_profit,0.9148,8.3252,46.7200
bot_chalk,KXWTAMATCH-26AUG27IATLAZ-LAZ,Andrea Lazaro Garcia wins,NO,32,76.0000,97.0000,2026-08-27T17:24:43Z,2026-08-27T19:47:08Z,closed,exp9_take_profit,0.4738,6.2462,25.6800
bot,KXWTAMATCH-26AUG27IATLAZ-IAT,Polina Iatcenko wins,YES,32,79.0000,97.0000,2026-08-27T17:08:27Z,2026-08-27T19:47:08Z,closed,exp9_take_profit,0.4368,5.3232,21.0600
bot_lab,KXATPMATCH-26AUG27FEAROD-FEA,Jacob Fearnley wins,YES,71,53.0000,34.0000,2026-08-27T19:49:03Z,2026-08-27T19:49:15Z,closed,exp9_stop_loss,2.3533,-15.8433,-42.1000
bot,KXATPMATCH-26AUG27FEAROD-FEA,Jacob Fearnley wins,YES,47,53.0000,34.0000,2026-08-27T19:49:01Z,2026-08-27T19:49:16Z,closed,exp9_model_shift,1.5578,-10.4878,-42.1000
bot_lab4,KXITFMATCH-26AUG27COLVRB-VRB,Jakub Vrba wins,YES,40,29.0000,100.0000,2026-08-27T17:08:28Z,2026-08-27T19:55:07Z,settled,settled,0.5765,27.8235,239.8600
bot_hold,KXATPMATCH-26AUG27RINBAR-RIN,Daniel Rincon wins,NO,17,52.0000,100.0000,2026-08-27T14:37:41Z,2026-08-27T19:56:26Z,settled,settled,0.2970,7.8630,88.9500
bot_hold,KXATPMATCH-26AUG27DOUGUE-GUE,Andrea Guerrieri wins,YES,33,50.0000,100.0000,2026-08-27T12:44:11Z,2026-08-27T19:56:34Z,settled,settled,0.5775,15.9225,96.5000
bot_hold,KXWTAMATCH-26AUG27IATLAZ-IAT,Polina Iatcenko wins,YES,32,79.0000,100.0000,2026-08-27T17:08:27Z,2026-08-27T20:08:05Z,settled,settled,0.3716,6.3484,25.1100
bot_lab2,KXWTAMATCH-26AUG27BOLKOE-BOL,Mariam Bolkvadze wins,YES,39,31.0000,20.0000,2026-08-27T20:07:08Z,2026-08-27T20:08:18Z,closed,exp9_model_shift,1.0207,-5.3107,-43.9300
bot_lab2,KXWTAMATCH-26AUG27BANRUS-BAN,Susan Bandecchi wins,NO,50,26.0000,21.0000,2026-08-27T21:10:31Z,2026-08-27T21:10:42Z,closed,exp9_model_shift,1.2541,-3.7541,-28.8800
bot_lab2,KXATPMATCH-26AUG27CERBUS-CER,Juan Manuel Cerundolo wins,NO,47,29.0000,31.0000,2026-08-27T21:26:17Z,2026-08-27T21:54:04Z,closed,exp9_model_shift,1.3811,-0.4411,-3.2400
bot_lab3,KXATPMATCH-26AUG27CERBUS-CER,Juan Manuel Cerundolo wins,NO,47,29.0000,71.0000,2026-08-27T21:26:18Z,2026-08-27T22:19:46Z,closed,exp9b_take_profit,1.3548,18.3852,134.8900
bot_hold,KXWTAMATCH-26AUG27PARANN-ANN,Ann Li wins,YES,26,62.0000,100.0000,2026-08-27T06:20:40Z,2026-08-27T22:37:31Z,settled,settled,0.4288,9.4512,58.6300
bot,KXWTAMATCH-26AUG27PARANN-ANN,Ann Li wins,YES,26,62.0000,100.0000,2026-08-27T06:20:10Z,2026-08-27T22:37:31Z,settled,settled,0.4288,9.4512,58.6300
bot_lab4,KXITFMATCH-26AUG27VIIMES-MES,Marko Mesarovic wins,NO,44,36.0000,0.0000,2026-08-27T21:26:18Z,2026-08-28T00:07:53Z,settled,settled,0.7096,-16.5496,-104.4800
bot_lab,KXATPMATCH-26AUG27FERKOV-FER,Arthur Fery wins,YES,48,56.0000,33.0000,2026-08-27T06:02:42Z,2026-08-28T00:46:18Z,closed,exp9_stop_loss,1.5708,-12.6108,-46.9200
bot,KXATPMATCH-26AUG27FERKOV-FER,Arthur Fery wins,YES,32,56.0000,33.0000,2026-08-27T06:02:39Z,2026-08-28T00:46:21Z,closed,exp9_stop_loss,1.0472,-8.4072,-46.9200
bot_lab,KXWTAMATCH-26AUG27VIDBAR-VID,Darja Vidmanova wins,NO,52,55.0000,73.0000,2026-08-28T00:55:01Z,2026-08-28T01:07:54Z,closed,exp9b_take_profit,1.6183,7.7417,27.0700
bot,KXWTAMATCH-26AUG27VIDBAR-VID,Darja Vidmanova wins,NO,34,55.0000,96.0000,2026-08-28T00:55:00Z,2026-08-28T01:32:22Z,closed,exp9_take_profit,0.6805,13.2595,70.9100
bot_hold,KXATPMATCH-26AUG27FERKOV-FER,Arthur Fery wins,YES,32,56.0000,100.0000,2026-08-27T06:02:41Z,2026-08-28T02:33:02Z,settled,settled,0.5519,13.5281,75.4900
bot_lab4,KXITFMATCH-26AUG27CHATEX-CHA,Joshua Charlton wins,YES,37,44.0000,0.0000,2026-08-28T02:13:12Z,2026-08-28T04:12:35Z,settled,settled,0.6382,-16.9182,-103.9200
bot_lab4,KXITFMATCH-26AUG27ZHAZHA2-ZHA2,Lingxi Zhao wins,YES,37,44.0000,0.0000,2026-08-28T05:10:10Z,2026-08-28T07:17:31Z,settled,settled,0.6382,-16.9182,-103.9200
bot_lab4,KXITFMATCH-26AUG28LIVTAI-TAI,Pierre Antoine Tailleu wins,YES,39,42.0000,60.0000,2026-08-28T06:31:57Z,2026-08-28T07:55:01Z,closed,exp9b_take_profit,1.3202,5.6998,34.8000
bot_lab4,KXITFMATCH-26AUG28IANSMI-SMI,Yassine Smiej wins,YES,50,25.0000,100.0000,2026-08-28T06:31:58Z,2026-08-28T08:32:34Z,settled,settled,0.6563,36.8437,294.7500
bot_lab4,KXITFMATCH-26AUG28PIEDEM-PIE,Samuele Pieri wins,NO,35,31.0000,0.0000,2026-08-28T05:44:55Z,2026-08-28T09:22:25Z,settled,settled,0.5241,-11.3741,-104.8300
bot_lab4,KXITFMATCH-26AUG28BOCSPE-BOC,Lorenzo Bocchi wins,NO,37,35.0000,92.0000,2026-08-28T08:21:35Z,2026-08-28T09:56:37Z,closed,exp9b_take_profit,0.7798,20.3102,156.8400
bot_lab4,KXITFMATCH-26AUG28GUTSAV-SAV,Michael Savano wins,YES,34,39.0000,84.0000,2026-08-28T01:10:41Z,2026-08-28T10:00:28Z,closed,exp9b_take_profit,0.8861,14.4139,108.7000
bot_lab4,KXITFMATCH-26AUG28JUHARZ-JUH,Kristijan Juhas wins,NO,41,39.0000,0.0000,2026-08-28T09:08:31Z,2026-08-28T10:03:16Z,settled,settled,0.6828,-16.6728,-104.2700
bot_lab4,KXITFMATCH-26AUG28DJULAZ-DJU,Branko Djuric wins,NO,35,41.0000,0.0000,2026-08-28T00:55:01Z,2026-08-28T10:16:46Z,settled,settled,0.5927,-14.9427,-104.1300
bot_lab4,KXITFMATCH-26AUG28CIGREJ-CIG,Thiago Cigarran wins,YES,36,48.0000,73.0000,2026-08-28T09:24:24Z,2026-08-28T11:17:32Z,closed,exp9b_take_profit,1.1257,7.8743,45.5700
bot_lab4,KXITFMATCH-26AUG28GUNBRE-GUN,Robert Guna wins,NO,41,33.0000,70.0000,2026-08-28T09:56:08Z,2026-08-28T11:37:16Z,closed,exp9b_take_profit,1.2373,13.9327,102.9800
bot_lab4,KXITFMATCH-26AUG28MOTFAB-MOT,Andrea Motta wins,YES,34,38.0000,63.0000,2026-08-28T10:58:21Z,2026-08-28T11:47:44Z,closed,exp9b_take_profit,1.1155,7.3845,57.1600
bot_lab4,KXITFMATCH-26AUG28FILBAR-BAR,Nikolai Barsukov wins,YES,32,35.0000,0.0000,2026-08-28T10:58:22Z,2026-08-28T13:02:37Z,settled,settled,0.5096,-11.7096,-104.5500
bot_hold,KXATPMATCH-26AUG27FEAROD-FEA,Jacob Fearnley wins,YES,47,53.0000,0.0000,2026-08-27T19:49:01Z,2026-08-28T15:37:14Z,settled,settled,0.8195,-25.7295,-103.2900
bot_lab3,KXWTAMATCH-26AUG27BOLKOE-BOL,Mariam Bolkvadze wins,YES,39,31.0000,0.0000,2026-08-27T20:07:08Z,2026-08-28T15:38:03Z,settled,settled,0.5839,-12.6739,-104.8300
bot,KXATPMATCH-26AUG27SVRMCD-MCD,Mackenzie McDonald wins,NO,14,56.0000,30.0000,2026-08-27T10:36:59Z,2026-08-28T15:42:11Z,closed,exp9_stop_loss,0.4473,-4.0873,-52.1300
bot,KXATPMATCH-26AUG27GEABAS-GEA,Arthur Gea wins,YES,18,56.0000,35.0000,2026-08-27T09:15:53Z,2026-08-28T15:43:36Z,closed,exp9_stop_loss,0.5972,-4.3772,-43.4200
bot_lab2,KXWTAMATCH-26AUG27SEMHUN-SEM,Darja Semenistaja wins,YES,35,37.0000,17.0000,2026-08-27T14:21:14Z,2026-08-28T15:46:38Z,closed,exp9_stop_loss,0.9168,-7.9168,-61.1300
bot_lab5,KXATPMATCH-26AUG27SVRMCD-SVR,Dalibor Svrcina wins,YES,40,47.0000,100.0000,2026-08-28T15:24:02Z,2026-08-29T02:13:15Z,settled,settled,0.6975,20.5025,109.0600
bot_lab5,KXWTAMATCH-26AUG27SEMHUN-HUN,Storm Hunter wins,NO,39,37.0000,0.0000,2026-08-28T05:45:11Z,2026-08-29T02:21:10Z,settled,settled,0.6364,-15.0664,-104.4100
bot_hold,KXATPMATCH-26AUG28BUSBON-BUS,Ignacio Buse wins,NO,23,52.0000,0.0000,2026-08-28T02:44:22Z,2026-08-29T02:21:12Z,settled,settled,0.4019,-12.3619,-103.3600
bot,KXATPMATCH-26AUG28BUSBON-BUS,Ignacio Buse wins,NO,27,51.0000,0.0000,2026-08-28T01:10:38Z,2026-08-29T02:21:12Z,settled,settled,0.4723,-14.2423,-103.4300
bot_hold,KXATPMATCH-26AUG27SVRMCD-MCD,Mackenzie McDonald wins,NO,14,56.0000,100.0000,2026-08-27T10:37:02Z,2026-08-29T02:21:13Z,settled,settled,0.2415,5.9185,75.4900
bot_lab,KXATPMATCH-26AUG28BUSBON-BUS,Ignacio Buse wins,NO,40,51.0000,0.0000,2026-08-28T01:10:39Z,2026-08-29T02:21:13Z,settled,settled,0.6997,-21.0997,-103.4300
bot_hold,KXATPMATCH-26AUG27GASSMI-SMI,Colton Smith wins,NO,46,54.0000,100.0000,2026-08-27T09:15:53Z,2026-08-29T02:21:38Z,settled,settled,0.7998,20.3602,81.9700
bot_lab3,KXWTAMATCH-26AUG27SEMHUN-SEM,Darja Semenistaja wins,YES,35,37.0000,0.0000,2026-08-27T14:21:14Z,2026-08-29T02:21:40Z,settled,settled,0.5711,-13.5211,-104.4100
bot,KXATPMATCH-26AUG27GASSMI-SMI,Colton Smith wins,NO,46,54.0000,100.0000,2026-08-27T09:15:52Z,2026-08-29T02:21:41Z,settled,settled,0.7998,20.3602,81.9700
bot_lab2,KXATPMATCH-26AUG27YUNCIN-YUN,Yunchaokete Bu wins,NO,31,42.0000,100.0000,2026-08-27T09:15:55Z,2026-08-29T02:21:42Z,settled,settled,0.5286,17.4514,134.0400
bot_lab3,KXWTAMATCH-26AUG27JONGAR-GAR,Joanna Garland wins,YES,43,39.0000,0.0000,2026-08-27T10:21:08Z,2026-08-29T02:21:46Z,settled,settled,0.7161,-17.4861,-104.2700
bot_lab3,KXATPMATCH-26AUG27SVRMCD-SVR,Dalibor Svrcina wins,YES,37,48.0000,100.0000,2026-08-28T15:39:58Z,2026-08-29T02:21:46Z,settled,settled,0.6465,18.5935,104.6900
bot_lab5,KXWTAMATCH-26AUG27JONGAR-JON,Francesca Jones wins,NO,36,41.0000,0.0000,2026-08-28T05:45:11Z,2026-08-29T02:21:47Z,settled,settled,0.6096,-15.3696,-104.1300
bot_lab3,KXWTAMATCH-26AUG27BANRUS-BAN,Susan Bandecchi wins,NO,50,26.0000,100.0000,2026-08-27T21:10:31Z,2026-08-29T02:21:47Z,settled,settled,0.6734,36.3266,279.4400
bot_lab2,KXATPMATCH-26AUG27SVRMCD-SVR,Dalibor Svrcina wins,YES,40,47.0000,100.0000,2026-08-28T15:24:00Z,2026-08-29T02:21:47Z,settled,settled,0.6975,20.5025,109.0600
bot_hold,KXATPMATCH-26AUG27GEABAS-GEA,Arthur Gea wins,YES,18,56.0000,0.0000,2026-08-27T09:15:54Z,2026-08-29T02:21:48Z,settled,settled,0.3105,-10.3905,-103.0800
bot_hold,KXWTAMATCH-26AUG27HAVHIB-HAV,Lucie Havlickova wins,YES,33,54.0000,100.0000,2026-08-27T06:02:40Z,2026-08-29T02:21:49Z,settled,settled,0.5738,14.6062,81.9700
bot_lab2,KXWTAMATCH-26AUG27YUASTO-STO,Mary Stoiana wins,NO,30,40.0000,0.0000,2026-08-27T06:02:44Z,2026-08-29T02:21:50Z,settled,settled,0.5040,-12.5040,-104.2000
bot_lab3,KXATPMATCH-26AUG27YUNCIN-YUN,Yunchaokete Bu wins,NO,31,42.0000,100.0000,2026-08-27T09:15:55Z,2026-08-29T02:21:50Z,settled,settled,0.5286,17.4514,134.0400
bot_lab3,KXWTAMATCH-26AUG27YUASTO-STO,Mary Stoiana wins,NO,30,40.0000,0.0000,2026-08-27T06:02:47Z,2026-08-29T02:21:50Z,settled,settled,0.5040,-12.5040,-104.2000
bot_lab,KXATPMATCH-26AUG27GASSMI-SMI,Colton Smith wins,NO,69,54.0000,100.0000,2026-08-27T09:15:54Z,2026-08-29T02:21:50Z,settled,settled,1.1998,30.5402,81.9700
bot_lab2,KXWTAMATCH-26AUG27JONGAR-GAR,Joanna Garland wins,YES,43,39.0000,0.0000,2026-08-27T10:21:05Z,2026-08-29T02:21:50Z,settled,settled,0.7161,-17.4861,-104.2700
bot_lab4,KXITFMATCH-26AUG29BAKFUN-FUN,Aaron Funk wins,YES,33,37.0000,100.0000,2026-08-29T06:31:18Z,2026-08-29T08:06:46Z,settled,settled,0.5385,20.2515,165.8600
bot_lab4,KXITFMATCH-26AUG29BRETUR-TUR,Radu David Turcanu wins,NO,39,31.0000,0.0000,2026-08-29T07:48:51Z,2026-08-29T09:06:59Z,settled,settled,0.5839,-12.6739,-104.8300
bot_lab4,KXITFMATCH-26AUG29SPEBAU-SPE,John Sperle wins,NO,42,35.0000,0.0000,2026-08-29T02:21:01Z,2026-08-29T09:16:20Z,settled,settled,0.6689,-15.3689,-104.5500
bot_lab4,KXITFMATCH-26AUG29HALMON-MON,Ignacio Monzon wins,NO,35,46.0000,56.0000,2026-08-29T08:19:49Z,2026-08-29T10:27:23Z,closed,exp9b_take_profit,1.2123,2.2877,14.2100
bot_lab4,KXITFMATCH-26AUG29PIESOR-PIE,Samuele Pieri wins,YES,35,34.0000,100.0000,2026-08-29T08:19:51Z,2026-08-29T10:51:14Z,settled,settled,0.5498,22.5502,189.5000
bot_lab4,KXITFMATCH-26AUG29CHECAR-CHE,Andrey Chepelev wins,NO,35,44.0000,0.0000,2026-08-29T11:26:54Z,2026-08-29T12:06:59Z,settled,settled,0.6037,-16.0037,-103.9200
bot_lab4,KXITFMATCH-26AUG29SHYPLU-SHY,Heorhii Shylov wins,YES,34,48.0000,0.0000,2026-08-29T09:53:55Z,2026-08-29T13:12:07Z,settled,settled,0.5940,-16.9140,-103.6400
bot_lab4,KXITFMATCH-26AUG29JUHPOP-POP,Dmitry Popko wins,NO,49,27.0000,0.0000,2026-08-29T15:50:58Z,2026-08-29T16:32:15Z,settled,settled,0.6761,-13.9061,-105.1100
bot_lab4,KXITFMATCH-26AUG29VRBOKO-VRB,Jakub Vrba wins,YES,34,47.0000,100.0000,2026-08-29T11:57:50Z,2026-08-29T17:11:54Z,settled,settled,0.5929,17.4271,109.0600
bot_hold,KXATPMATCH-26AUG29FERBUS-FER,Arthur Fery wins,YES,46,54.0000,0.0000,2026-08-29T02:20:31Z,2026-08-30T03:05:16Z,settled,settled,0.7998,-25.6398,-103.2200
bot_lab4,KXITFMATCH-26AUG29VILAGU-AGU,Joaquin Aguilar Cardozo wins,NO,44,37.0000,0.0000,2026-08-29T06:15:44Z,2026-08-30T03:05:17Z,settled,settled,0.7179,-16.9979,-104.4100
bot_lab,KXATPMATCH-26AUG29FERBUS-FER,Arthur Fery wins,YES,69,54.0000,0.0000,2026-08-29T02:20:56Z,2026-08-30T03:05:17Z,settled,settled,1.1998,-38.4598,-103.2200
bot,KXATPMATCH-26AUG29FERBUS-FER,Arthur Fery wins,YES,46,54.0000,0.0000,2026-08-29T02:19:44Z,2026-08-30T03:05:17Z,settled,settled,0.7998,-25.6398,-103.2200
bot_lab4,KXITFMATCH-26AUG29ZHATEX-ZHA,Tianhui Zhang wins,YES,33,43.0000,0.0000,2026-08-30T04:25:17Z,2026-08-30T09:03:56Z,settled,settled,0.5662,-14.7562,-103.9900
bot_lab4,KXITFMATCH-26AUG30JADJAD2-JAD2,Nicolas Jadoun wins,YES,47,27.0000,100.0000,2026-08-30T09:05:19Z,2026-08-30T09:57:06Z,settled,settled,0.6485,33.6615,265.2600
bot_lab4,KXITFMATCH-26AUG30CHEBER-BER,Henry Bernet wins,NO,33,33.0000,0.0000,2026-08-30T09:20:51Z,2026-08-30T10:57:25Z,settled,settled,0.5107,-11.4007,-104.6900
bot_lab4,KXITFMATCH-26AUG30FOMCAS-CAS,Jaume Casas Blasi wins,YES,37,38.0000,0.0000,2026-08-30T09:52:03Z,2026-08-30T11:06:40Z,settled,settled,0.6102,-14.6702,-104.3400
bot_lab4,KXITFMATCH-26AUG30DJUPOP-POP,Dmitry Popko wins,YES,31,45.0000,0.0000,2026-08-30T09:05:20Z,2026-08-30T12:47:42Z,settled,settled,0.5371,-14.4871,-103.8500
bot_lab,KXATPMATCH-26AUG30YIBWAL-WAL,Adam Walton wins,YES,51,50.0000,26.0000,2026-08-27T20:54:02Z,2026-08-30T16:13:06Z,closed,exp9_stop_loss,1.5794,-13.8194,-54.1900
bot,KXATPMATCH-26AUG30YIBWAL-WAL,Adam Walton wins,YES,34,50.0000,26.0000,2026-08-27T20:54:01Z,2026-08-30T16:13:06Z,closed,exp9_stop_loss,1.0529,-9.2129,-54.1900
bot,KXATPMATCH-26AUG30SHIRIN-SHI,Sho Shimabukuro wins,NO,30,67.0000,60.0000,2026-08-27T20:22:45Z,2026-08-30T16:19:06Z,closed,exp9_model_shift,0.9683,-3.0683,-15.2700
bot_lab,KXATPMATCH-26AUG30SHIRIN-RIN,Arthur Rinderknech wins,YES,52,66.0000,72.0000,2026-08-27T21:41:59Z,2026-08-30T16:21:33Z,closed,exp9b_take_profit,1.5506,1.5694,4.5700
bot_hold,KXATPMATCH-26AUG30YIBWAL-WAL,Adam Walton wins,YES,34,50.0000,0.0000,2026-08-27T20:54:01Z,2026-08-30T17:37:14Z,settled,settled,0.5950,-17.5950,-103.5000
bot_lab,KXWTAMATCH-26AUG30ZHAFER-FER,Leylah Fernandez wins,YES,46,65.0000,66.0000,2026-08-28T09:24:23Z,2026-08-30T17:37:27Z,closed,exp9b_take_profit,1.4552,-0.9952,-3.3300
bot_hold,KXATPMATCH-26AUG30SHIRIN-SHI,Sho Shimabukuro wins,NO,30,67.0000,100.0000,2026-08-27T20:22:48Z,2026-08-30T18:13:29Z,settled,settled,0.4643,9.4357,46.9400
bot_hold,KXATPMATCH-26AUG30HARKEN-HAR,Lloyd Harris wins,YES,30,82.0000,100.0000,2026-08-29T02:20:53Z,2026-08-30T18:52:46Z,settled,settled,0.3100,5.0900,20.6900
bot_hold,KXATPMATCH-26AUG30PRISHE-PRI,Dino Prizmic wins,YES,42,60.0000,100.0000,2026-08-30T19:05:05Z,2026-08-30T19:12:23Z,settled,settled,0.7056,16.0944,63.8700
bot_lab2,KXWTAMATCH-26AUG31STEYAS-STE,Lucrezia Stefanini wins,YES,38,44.0000,71.0000,2026-08-29T09:22:28Z,2026-08-30T20:22:43Z,closed,exp9b_take_profit,1.2031,9.0569,54.1700
bot_lab3,KXWTAMATCH-26AUG31STEYAS-STE,Lucrezia Stefanini wins,YES,38,44.0000,71.0000,2026-08-29T09:22:29Z,2026-08-30T20:22:43Z,closed,exp9b_take_profit,1.2031,9.0569,54.1700
bot_chalk,KXWTAMATCH-26AUG30VANPLI-VAN,Hanne Vandewinkel wins,YES,33,74.0000,43.0000,2026-08-30T19:22:25Z,2026-08-30T20:34:49Z,closed,exp9_stop_loss,1.0106,-11.2406,-46.0300
bot_lab5,KXWTAMATCH-26AUG31STEYAS-STE,Lucrezia Stefanini wins,YES,38,44.0000,100.0000,2026-08-29T09:22:29Z,2026-08-30T20:47:28Z,settled,settled,0.6554,20.6246,123.3500
bot,KXWTAMATCH-26AUG30LEEBOU-BOU,Katie Boulter wins,YES,16,56.0000,62.0000,2026-08-28T15:55:26Z,2026-08-30T21:17:06Z,closed,exp9_model_shift,0.5399,0.4201,4.6900
bot_lab2,KXATPMATCH-26AUG30FARBRO-FAR,Jaime Faria wins,NO,43,35.0000,32.0000,2026-08-30T21:17:58Z,2026-08-30T21:18:54Z,closed,exp9_model_shift,1.3398,-2.6298,-17.4700
bot_hold,KXWTAMATCH-26AUG30VANPLI-VAN,Hanne Vandewinkel wins,YES,34,74.0000,0.0000,2026-08-30T19:22:24Z,2026-08-30T21:37:51Z,settled,settled,0.4579,-25.6179,-101.8200
bot_chalk,KXWTAMATCH-26AUG30KESALE-ALE,Ekaterina Alexandrova wins,YES,34,73.0000,97.0000,2026-08-30T21:01:40Z,2026-08-30T21:46:51Z,closed,exp9_take_profit,0.5384,7.6216,30.7100
bot,KXWTAMATCH-26AUG30KESALE-KES,McCartney Kessler wins,NO,33,75.0000,98.0000,2026-08-30T21:17:57Z,2026-08-30T21:46:51Z,closed,exp9_take_profit,0.4784,7.1116,28.7300
bot,KXATPMATCH-26AUG30ETCKOP-ETC,Tomas Martin Etcheverry wins,YES,27,56.0000,78.0000,2026-08-30T21:50:26Z,2026-08-30T22:02:28Z,closed,exp9_take_profit,0.7900,5.1500,34.0600
bot_lab2,KXWTAMATCH-26AUG30LEEBOU-LEE,Carol Young Suh Lee wins,YES,50,25.0000,11.0000,2026-08-30T21:33:59Z,2026-08-30T22:26:24Z,closed,exp9_stop_loss,0.9990,-7.9990,-63.9900
bot,KXWTAMATCH-26AUG30BIRMAR-MAR,Petra Marcinko wins,NO,28,51.0000,53.0000,2026-08-30T16:26:55Z,2026-08-30T22:34:36Z,closed,exp9_model_shift,0.9780,-0.4180,-2.9300
bot_lab,KXWTAMATCH-26AUG30BIRMAR-MAR,Petra Marcinko wins,NO,42,51.0000,53.0000,2026-08-30T16:26:56Z,2026-08-30T22:34:36Z,closed,exp9_model_shift,1.4671,-0.6271,-2.9300
bot_lab3,KXATPMATCH-26AUG30FARBRO-FAR,Jaime Faria wins,NO,43,35.0000,0.0000,2026-08-30T21:17:59Z,2026-08-30T22:53:03Z,settled,settled,0.6848,-15.7348,-104.5500
bot_lab5,KXATPMATCH-26AUG30FARBRO-FAR,Jaime Faria wins,NO,43,35.0000,0.0000,2026-08-30T21:17:59Z,2026-08-30T22:53:03Z,settled,settled,0.6848,-15.7348,-104.5500
bot_lab2,KXATPMATCH-26AUG30VUKSAK-VUK,Aleksandar Vukic wins,YES,33,37.0000,14.0000,2026-08-30T22:38:58Z,2026-08-30T22:57:43Z,closed,exp9_stop_loss,0.8166,-8.4066,-68.8500
bot_lab2,KXWTAMATCH-26AUG30NAVBOI-BOI,Lois Boisson wins,YES,39,26.0000,18.0000,2026-08-28T09:39:59Z,2026-08-30T23:05:40Z,closed,exp9_model_shift,0.9282,-4.0482,-39.9200
bot_hold,KXATPMATCH-26AUG30ETCKOP-ETC,Tomas Martin Etcheverry wins,YES,27,56.0000,100.0000,2026-08-30T21:50:26Z,2026-08-30T23:28:09Z,settled,settled,0.4657,11.4143,75.4900
bot_lab3,KXATPMATCH-26AUG30VUKSAK-VUK,Aleksandar Vukic wins,YES,33,37.0000,40.0000,2026-08-30T23:28:08Z,2026-08-30T23:33:06Z,closed,exp9b_take_profit,1.0929,-0.1029,-0.8400
bot,KXATPMATCH-26AUG30BUBWOL-WOL,Jeffrey John Wolf wins,NO,32,69.0000,69.0000,2026-08-30T22:06:34Z,2026-08-31T01:48:50Z,closed,exp9_model_shift,0.9582,-0.9582,-4.3400
bot_lab,KXATPMATCH-26AUG30BUBWOL-WOL,Jeffrey John Wolf wins,NO,48,69.0000,70.0000,2026-08-30T18:09:19Z,2026-08-31T01:50:29Z,closed,exp9b_take_profit,1.4243,-0.9443,-2.8500
bot_chalk,KXATPMATCH-26AUG30NAVDJO-NAV,Mariano Navone wins,NO,32,76.0000,47.0000,2026-08-31T01:56:26Z,2026-08-31T03:23:41Z,closed,exp9_stop_loss,0.9666,-10.2466,-42.1300
bot_lab4,KXITFMATCH-26AUG30AHRMEN-AHR,Eric Ahren Moonga wins,YES,32,37.0000,99.0000,2026-08-31T01:25:15Z,2026-08-31T03:46:09Z,closed,exp9b_take_profit,0.5443,19.2957,162.9700
bot_hold,KXATPMATCH-26AUG30BUBWOL-WOL,Jeffrey John Wolf wins,NO,32,69.0000,100.0000,2026-08-30T18:27:00Z,2026-08-31T03:48:10Z,settled,settled,0.4791,9.4409,42.7600
bot_lab4,KXITFMATCH-26AUG31VANAND-AND,Lucian Stefan Andrei wins,YES,44,29.0000,0.0000,2026-08-31T05:28:39Z,2026-08-31T07:53:00Z,settled,settled,0.6342,-13.3942,-104.9700
bot_lab4,KXITFMATCH-26AUG31MCGTAR-TAR,Ander Tarrio Ponte wins,NO,41,26.0000,0.0000,2026-08-31T09:27:56Z,2026-08-31T10:02:48Z,settled,settled,0.5522,-11.2122,-105.1800
bot_lab4,KXITFMATCH-26AUG31SARPOP-SAR,Gabriel Sardo wins,NO,44,27.0000,0.0000,2026-08-31T07:52:58Z,2026-08-31T10:27:31Z,settled,settled,0.6071,-12.4871,-105.1100
bot_lab4,KXITFMATCH-26AUG31TENKUP-KUP,Jan Kupcic wins,YES,42,29.0000,0.0000,2026-08-31T09:59:14Z,2026-08-31T11:32:40Z,settled,settled,0.6053,-12.7853,-104.9700
bot_lab4,KXITFMATCH-26AUG31SEINAM-SEI,Stefan Seifert wins,NO,35,33.0000,0.0000,2026-08-31T12:21:25Z,2026-08-31T13:28:00Z,settled,settled,0.5417,-12.0917,-104.6900
bot_lab4,KXITFMATCH-26AUG31VERGRU-VER,Wout Vermeer wins,NO,47,27.0000,100.0000,2026-08-31T12:37:09Z,2026-08-31T13:53:05Z,settled,settled,0.6485,33.6615,265.2600
bot_lab,KXATPMATCH-26AUG30VACKOV-KOV,Aleksandar Kovacevic wins,NO,71,53.0000,92.0000,2026-08-27T22:13:32Z,2026-08-31T16:18:25Z,closed,exp9b_take_profit,1.6038,26.0862,69.3200
bot_lab2,KXWTAMATCH-26AUG31ZHELIU-ZHE,Qinwen Zheng wins,NO,35,44.0000,18.0000,2026-08-29T05:44:45Z,2026-08-31T17:07:40Z,closed,exp9_stop_loss,0.9653,-10.0653,-65.3600
bot,KXATPMATCH-26AUG30VACKOV-KOV,Aleksandar Kovacevic wins,NO,47,53.0000,100.0000,2026-08-27T22:13:32Z,2026-08-31T17:14:37Z,settled,settled,0.8195,21.2705,85.3900
bot_hold,KXATPMATCH-26AUG30VACKOV-KOV,Aleksandar Kovacevic wins,NO,47,53.0000,100.0000,2026-08-27T22:45:22Z,2026-08-31T17:14:37Z,settled,settled,0.8195,21.2705,85.3900
bot_lab4,KXITFMATCH-26AUG31MOULIB-MOU,Manuel Mouilleron Salvo wins,NO,45,28.0000,0.0000,2026-08-31T16:09:31Z,2026-08-31T17:18:02Z,settled,settled,0.6350,-13.2350,-105.0400
bot_lab,KXATPMATCH-26AUG30GORCOL-COL,Raphael Collignon wins,YES,47,80.0000,88.0000,2026-08-31T01:56:26Z,2026-08-31T17:19:42Z,closed,exp9b_take_profit,0.8738,2.8862,7.6800
bot_hold,KXATPMATCH-26AUG30TIRMAN-TIR,Thiago Agustin Tirante wins,YES,28,70.0000,0.0000,2026-08-29T02:20:55Z,2026-08-31T17:22:30Z,settled,settled,0.4116,-20.0116,-102.1000
bot_lab3,KXWTAMATCH-26AUG31ZHELIU-ZHE,Qinwen Zheng wins,NO,35,44.0000,0.0000,2026-08-29T05:44:46Z,2026-08-31T17:42:57Z,settled,settled,0.6037,-16.0037,-103.9200
bot_lab5,KXWTAMATCH-26AUG31ZHELIU-ZHE,Qinwen Zheng wins,NO,35,44.0000,0.0000,2026-08-29T05:44:46Z,2026-08-31T17:42:57Z,settled,settled,0.6037,-16.0037,-103.9200
bot_lab3,KXWTAMATCH-26AUG30NAVBOI-BOI,Lois Boisson wins,YES,39,26.0000,0.0000,2026-08-28T09:40:00Z,2026-08-31T17:58:08Z,settled,settled,0.5253,-10.6653,-105.1800
bot_lab5,KXWTAMATCH-26AUG30NAVBOI-BOI,Lois Boisson wins,YES,39,26.0000,0.0000,2026-08-28T09:40:00Z,2026-08-31T17:58:08Z,settled,settled,0.5253,-10.6653,-105.1800
bot_lab2,KXATPMATCH-26AUG30ARNDUC-DUC,James Duckworth wins,YES,32,39.0000,19.0000,2026-08-29T02:20:58Z,2026-08-31T17:58:26Z,closed,exp9_stop_loss,0.8776,-7.2776,-58.3100
bot_chalk,KXATPMATCH-26AUG30GORCOL-COL,Raphael Collignon wins,YES,31,78.0000,40.0000,2026-08-31T00:16:50Z,2026-08-31T18:18:32Z,closed,exp9_stop_loss,0.8932,-12.6732,-52.4100
bot,KXATPMATCH-26AUG30GORCOL-COL,Raphael Collignon wins,YES,31,80.0000,40.0000,2026-08-31T01:56:25Z,2026-08-31T18:18:34Z,closed,exp9_stop_loss,0.8680,-13.2680,-53.5000
bot_lab2,KXWTAMATCH-26AUG30CHWTOW-CHW,Maja Chwalinska wins,YES,34,32.0000,16.0000,2026-08-28T01:10:39Z,2026-08-31T18:22:28Z,closed,exp9_stop_loss,0.8378,-6.2778,-57.7000
bot_hold,KXWTAMATCH-26AUG30BIRMAR-MAR,Petra Marcinko wins,NO,28,51.0000,100.0000,2026-08-30T18:09:18Z,2026-08-31T18:33:47Z,settled,settled,0.4898,13.2302,92.6500
bot_lab3,KXATPMATCH-26AUG30ARNDUC-DUC,James Duckworth wins,YES,32,39.0000,62.0000,2026-08-29T02:20:59Z,2026-08-31T19:01:20Z,closed,exp9b_take_profit,1.0606,6.2994,50.4800
bot_lab,KXATPMATCH-26AUG30LANFEA-FEA,Jacob Fearnley wins,YES,66,57.0000,28.0000,2026-08-31T18:43:55Z,2026-08-31T19:15:33Z,closed,exp9_stop_loss,2.0638,-21.2038,-56.3600
bot,KXWTAMATCH-26AUG30GOLPAR-PAR,Diane Parry wins,YES,24,55.0000,34.0000,2026-08-30T16:26:56Z,2026-08-31T19:19:19Z,closed,exp9_stop_loss,0.7928,-5.8328,-44.1900
bot_lab,KXWTAMATCH-26AUG30GOLPAR-PAR,Diane Parry wins,YES,42,54.0000,34.0000,2026-08-31T00:00:47Z,2026-08-31T19:19:20Z,closed,exp9_stop_loss,1.3900,-9.7900,-43.1700
bot_hold,KXATPMATCH-26AUG30GORCOL-COL,Raphael Collignon wins,YES,32,78.0000,0.0000,2026-08-31T03:50:12Z,2026-08-31T19:22:40Z,settled,settled,0.3844,-25.3444,-101.5400
bot_lab5,KXATPMATCH-26AUG30VUKSAK-VUK,Aleksandar Vukic wins,YES,33,37.0000,0.0000,2026-08-30T23:28:08Z,2026-08-31T19:26:58Z,settled,settled,0.5385,-12.7485,-104.4100
bot_lab,KXATPMATCH-26AUG30SAFALC-SAF,Roman Safiullin wins,NO,45,84.0000,98.0000,2026-08-27T21:10:31Z,2026-08-31T19:31:03Z,closed,exp9b_take_profit,0.4851,5.8149,15.3800
bot_lab5,KXWTAMATCH-26AUG30CHWTOW-CHW,Maja Chwalinska wins,YES,35,32.0000,0.0000,2026-08-28T05:45:11Z,2026-08-31T19:32:13Z,settled,settled,0.5331,-11.7331,-104.7600
bot_lab3,KXWTAMATCH-26AUG30CHWTOW-CHW,Maja Chwalinska wins,YES,34,32.0000,0.0000,2026-08-28T01:10:40Z,2026-08-31T19:32:27Z,settled,settled,0.5179,-11.3979,-104.7600
bot_hold,KXATPMATCH-26AUG30SAFALC-SAF,Roman Safiullin wins,NO,28,89.0000,100.0000,2026-08-27T20:07:07Z,2026-08-31T20:03:20Z,settled,settled,0.1919,2.8881,11.5900
bot,KXATPMATCH-26AUG30SAFALC-SAF,Roman Safiullin wins,NO,28,89.0000,100.0000,2026-08-27T19:15:08Z,2026-08-31T20:03:20Z,settled,settled,0.1919,2.8881,11.5900
bot_chalk,KXATPMATCH-26AUG30SAFALC-SAF,Roman Safiullin wins,NO,29,84.0000,100.0000,2026-08-27T21:10:30Z,2026-08-31T20:03:21Z,settled,settled,0.2728,4.3672,17.9300
bot,KXWTAMATCH-26AUG30VOLNOS-NOS,Linda Noskova wins,YES,30,75.0000,46.0000,2026-08-28T15:55:25Z,2026-08-31T20:14:28Z,closed,exp9_stop_loss,0.9154,-9.6154,-42.7400
bot_lab4,KXITFMATCH-26AUG31GARMEN-MEN,Thomas Enrique Menzel Piccioli wins,YES,33,39.0000,100.0000,2026-08-31T17:07:02Z,2026-08-31T20:29:06Z,settled,settled,0.5495,19.5805,152.1400
bot_lab5,KXATPMATCH-26AUG30ARNDUC-DUC,James Duckworth wins,YES,32,39.0000,100.0000,2026-08-29T02:21:02Z,2026-08-31T20:42:23Z,settled,settled,0.5329,18.9871,152.1400
bot_hold,KXWTAMATCH-26AUG30GOLPAR-PAR,Diane Parry wins,YES,42,52.0000,100.0000,2026-08-31T17:22:56Z,2026-08-31T21:07:31Z,settled,settled,0.7338,19.4262,88.9500
bot_hold,KXATPMATCH-26AUG30LANFEA-FEA,Jacob Fearnley wins,YES,44,57.0000,100.0000,2026-08-31T18:43:54Z,2026-08-31T21:17:47Z,settled,settled,0.7549,18.1651,72.4300
bot_chalk,KXATPMATCH-26AUG30DZUHUR-HUR,Hubert Hurkacz wins,YES,33,74.0000,100.0000,2026-08-31T19:01:43Z,2026-08-31T21:17:48Z,settled,settled,0.4444,8.1356,33.3200
bot_lab2,KXWTAMATCH-26AUG30JOISAM-SAM,Liudmila Samsonova wins,NO,37,29.0000,30.0000,2026-08-31T05:12:42Z,2026-08-31T21:33:45Z,closed,exp9_model_shift,1.0772,-0.7072,-6.5900
bot_hold,KXWTAMATCH-26AUG30VOLNOS-VOL,Katie Volynets wins,NO,34,74.0000,100.0000,2026-08-30T23:28:07Z,2026-08-31T21:41:55Z,settled,settled,0.4579,8.3821,33.3200
bot_lab,KXATPMATCH-26AUG30DARWEN-DAR,Luciano Darderi wins,YES,60,62.0000,73.0000,2026-08-31T21:09:03Z,2026-08-31T21:47:52Z,closed,exp9b_take_profit,1.8173,4.7827,12.8600
bot,KXATPMATCH-26AUG30SHATRU-TRU,Marco Trungelliti wins,NO,23,72.0000,84.0000,2026-08-28T02:28:39Z,2026-08-31T21:49:30Z,closed,exp9_model_shift,0.5410,2.2190,13.4000
bot_lab,KXATPMATCH-26AUG30SHATRU-TRU,Marco Trungelliti wins,NO,57,66.0000,84.0000,2026-08-28T10:11:35Z,2026-08-31T21:49:30Z,closed,exp9_model_shift,1.4317,8.8283,23.4700
bot_lab,KXWTAMATCH-26AUG30GRACIR-GRA,Julia Grabher wins,NO,47,80.0000,97.0000,2026-08-31T21:41:58Z,2026-08-31T21:57:09Z,closed,exp9b_take_profit,0.6221,7.3679,19.6000
bot,KXATPMATCH-26AUG30DARWEN-DAR,Luciano Darderi wins,YES,40,62.0000,87.0000,2026-08-31T21:09:01Z,2026-08-31T22:00:56Z,closed,exp9_take_profit,0.9764,9.0236,36.3900
bot_lab,KXWTAMATCH-26AUG30STETAU-TAU,Clara Tauson wins,YES,64,56.0000,34.0000,2026-08-31T21:58:41Z,2026-08-31T22:02:37Z,closed,exp9_stop_loss,2.1092,-16.1892,-45.1700
bot_lab,KXWTAMATCH-26AUG30ANNRUZ-RUZ,Antonia Ruzic wins,NO,67,56.0000,90.0000,2026-08-31T21:58:41Z,2026-08-31T22:29:51Z,closed,exp9b_take_profit,1.5777,21.2023,56.5100
bot_hold,KXWTAMATCH-26AUG30GRACIR-GRA,Julia Grabher wins,NO,31,80.0000,100.0000,2026-08-31T21:41:57Z,2026-08-31T22:32:46Z,settled,settled,0.3472,5.8528,23.6000
bot_chalk,KXWTAMATCH-26AUG30GRACIR-GRA,Julia Grabher wins,NO,31,80.0000,100.0000,2026-08-31T21:41:58Z,2026-08-31T22:32:47Z,settled,settled,0.3472,5.8528,23.6000
bot,KXATPMATCH-26AUG30BERWAW-BER,Matteo Berrettini wins,YES,26,72.0000,100.0000,2026-08-31T21:25:08Z,2026-08-31T22:52:16Z,settled,settled,0.3669,6.9131,36.9300
bot,KXWTAMATCH-26AUG30ANNRUZ-RUZ,Antonia Ruzic wins,NO,45,56.0000,100.0000,2026-08-31T21:58:39Z,2026-08-31T23:12:53Z,settled,settled,0.7762,19.0238,75.4900
bot_hold,KXATPMATCH-26AUG30DARWEN-DAR,Luciano Darderi wins,YES,40,62.0000,100.0000,2026-08-31T21:09:02Z,2026-08-31T23:17:10Z,settled,settled,0.6597,14.5403,58.6300
bot_lab2,KXATPMATCH-26AUG30DIMPOP-POP,Alexei Popyrin wins,YES,33,36.0000,34.0000,2026-08-30T03:06:33Z,2026-08-31T23:22:10Z,closed,exp9_model_shift,1.0506,-1.7106,-14.4000
bot_lab3,KXWTAMATCH-26AUG30JOISAM-SAM,Liudmila Samsonova wins,NO,42,28.0000,100.0000,2026-08-31T17:55:28Z,2026-08-31T23:27:53Z,settled,settled,0.5927,29.6473,252.1000
bot_lab5,KXWTAMATCH-26AUG30JOISAM-SAM,Liudmila Samsonova wins,NO,42,28.0000,100.0000,2026-08-31T17:55:29Z,2026-08-31T23:27:53Z,settled,settled,0.5927,29.6473,252.1000
bot,KXATPMATCH-26AUG30SHEGRI-SHE,Ben Shelton wins,YES,27,74.0000,96.0000,2026-08-31T23:35:33Z,2026-09-01T01:32:25Z,closed,exp9_take_profit,0.4362,5.5038,27.5500
bot_hold,KXATPMATCH-26AUG30SHEGRI-SHE,Ben Shelton wins,YES,27,74.0000,100.0000,2026-08-31T23:35:34Z,2026-09-01T01:57:28Z,settled,settled,0.3636,6.6564,33.3200
bot_hold,KXATPMATCH-26AUG30SHATRU-TRU,Marco Trungelliti wins,NO,38,66.0000,0.0000,2026-08-28T15:39:58Z,2026-09-01T02:03:02Z,settled,settled,0.5969,-25.6769,-102.3800
bot_lab3,KXATPMATCH-26AUG30DIMPOP-POP,Alexei Popyrin wins,YES,33,36.0000,90.0000,2026-08-30T03:06:35Z,2026-09-01T02:22:09Z,closed,exp9b_take_profit,0.7401,17.0799,143.7700
bot,KXATPMATCH-26AUG30DAMTIA-TIA,Frances Tiafoe wins,YES,32,79.0000,39.0000,2026-08-27T21:26:15Z,2026-09-01T02:41:00Z,closed,exp9_stop_loss,0.9045,-13.7045,-54.2100
bot_lab5,KXATPMATCH-26AUG30DIMPOP-POP,Alexei Popyrin wins,YES,33,36.0000,100.0000,2026-08-30T03:06:36Z,2026-09-01T02:52:36Z,settled,settled,0.5322,20.5878,173.3000
bot_lab4,KXITFMATCH-26AUG31TANKAW-KAW,Yuta Kawahashi wins,YES,35,41.0000,0.0000,2026-08-31T21:25:09Z,2026-09-01T03:29:07Z,settled,settled,0.5927,-14.9427,-104.1300
bot_lab,KXATPMATCH-26AUG30DAMTIA-TIA,Frances Tiafoe wins,YES,48,78.0000,44.0000,2026-08-28T01:57:45Z,2026-09-01T03:40:05Z,closed,exp9_model_shift,1.4045,-17.7245,-47.3400
bot,KXWTAMATCH-26SEP02SWIPOD-SWI,Iga Swiatek wins,YES,27,92.0000,23.0000,2026-09-01T03:03:24Z,2026-09-01T04:11:40Z,closed,exp9_stop_loss,0.4738,-19.1038,-76.9100
bot_hold,KXATPMATCH-26AUG30DAMTIA-TIA,Frances Tiafoe wins,YES,32,78.0000,100.0000,2026-08-29T02:20:38Z,2026-09-01T04:55:11Z,settled,settled,0.3844,6.6556,26.6700
bot_lab4,KXITFMATCH-26AUG31KOMNAK-KOM,Reiya Komagata wins,NO,38,32.0000,99.0000,2026-09-01T06:54:41Z,2026-09-01T07:32:29Z,closed,exp9b_take_profit,0.6051,24.8549,204.4000
bot_lab4,KXITFMATCH-26SEP01SHVBAJ-SHV,Aleksandre Shvangiradze wins,YES,54,26.0000,47.0000,2026-09-01T06:54:40Z,2026-09-01T07:37:21Z,closed,exp9b_take_profit,1.6689,9.6711,68.8800
bot_lab4,KXITFMATCH-26SEP01BREMIS-MIS,Giannicola Misasi wins,YES,34,38.0000,71.0000,2026-09-01T06:38:18Z,2026-09-01T08:36:20Z,closed,exp9b_take_profit,1.0507,10.1693,78.7100
bot_lab4,KXITFMATCH-26SEP01HOMBIE-HOM,Patrik Homola wins,NO,39,31.0000,0.0000,2026-09-01T08:00:47Z,2026-09-01T09:39:01Z,settled,settled,0.5839,-12.6739,-104.8300
bot_lab4,KXITFMATCH-26SEP01SARCHU-SAR,Gokberk Saritas wins,YES,38,30.0000,100.0000,2026-09-01T09:24:49Z,2026-09-01T10:28:55Z,settled,settled,0.5586,26.0414,228.4300
bot_lab4,KXITFMATCH-26SEP01VALLEC-LEC,Daniel Lechner wins,YES,35,34.0000,99.0000,2026-09-01T09:24:50Z,2026-09-01T10:54:27Z,closed,exp9b_take_profit,0.5741,22.1759,186.3500
bot_lab4,KXITFMATCH-26SEP01SCHMAJ-MAJ,Marc Majdandzic wins,NO,45,28.0000,0.0000,2026-09-01T09:41:21Z,2026-09-01T11:48:17Z,settled,settled,0.6350,-13.2350,-105.0400
bot_lab4,KXITFMATCH-26SEP01PARHEB-HEB,Alexandru Toubi Hebhang Balan wins,NO,47,25.0000,100.0000,2026-09-01T11:53:35Z,2026-09-01T14:37:49Z,settled,settled,0.6169,34.6331,294.7500
bot_lab4,KXITFMATCH-26SEP01COMBRO-COM,Mihai Alexandru Coman wins,NO,50,28.0000,48.0000,2026-09-01T14:37:46Z,2026-09-01T15:34:04Z,closed,exp9b_take_profit,1.5792,8.4208,60.1500
bot_lab2,KXWTAMATCH-26AUG30KEYKOR-KOR,Alina Korneeva wins,YES,46,29.0000,28.0000,2026-08-28T08:53:03Z,2026-09-01T15:45:54Z,closed,exp9_model_shift,1.3122,-1.7722,-13.2800
bot_lab3,KXWTAMATCH-26AUG30KEYKOR-KOR,Alina Korneeva wins,YES,46,29.0000,0.0000,2026-08-28T08:53:04Z,2026-09-01T17:27:08Z,settled,settled,0.6630,-14.0030,-104.9700
bot_lab5,KXWTAMATCH-26AUG30KEYKOR-KOR,Alina Korneeva wins,YES,46,29.0000,0.0000,2026-08-28T08:53:04Z,2026-09-01T17:27:09Z,settled,settled,0.6630,-14.0030,-104.9700
bot_lab4,KXITFMATCH-26SEP01CUNMON-CUN,Julian Cundom wins,YES,35,39.0000,100.0000,2026-09-01T17:39:38Z,2026-09-01T18:59:18Z,settled,settled,0.5829,20.7671,152.1400
bot_lab2,KXATPMATCH-26AUG30BELPIR-PIR,Zsombor Piros wins,YES,34,33.0000,16.0000,2026-08-29T07:48:49Z,2026-09-01T19:35:56Z,closed,exp9_stop_loss,0.8461,-6.6261,-59.0600
bot_lab3,KXWTAMATCH-26AUG31SAKMON-SAK,Maria Sakkari wins,NO,30,42.0000,93.0000,2026-08-31T21:25:09Z,2026-09-01T19:41:39Z,closed,exp9b_take_profit,0.6483,14.6517,116.2800
bot_lab2,KXWTAMATCH-26AUG31SAKMON-SAK,Maria Sakkari wins,NO,30,42.0000,93.0000,2026-08-31T21:25:09Z,2026-09-01T19:41:39Z,closed,exp9b_take_profit,0.6483,14.6517,116.2800
bot,KXATPMATCH-26AUG30SWEMOU-SWE,Dane Sweeny wins,NO,27,74.0000,46.0000,2026-08-30T22:38:52Z,2026-09-01T20:07:10Z,closed,exp9_stop_loss,0.8331,-8.3931,-42.0100
bot_chalk,KXATPMATCH-26AUG30SWEMOU-MOU,Corentin Moutet wins,YES,35,70.0000,40.0000,2026-09-01T14:54:08Z,2026-09-01T20:07:27Z,closed,exp9_stop_loss,1.1025,-11.6025,-47.3600
bot_lab2,KXATPMATCH-26AUG30UGOSTR-UGO,Camilo Ugo Carabelli wins,YES,33,34.0000,16.0000,2026-08-28T09:56:06Z,2026-09-01T20:17:59Z,closed,exp9_stop_loss,0.8289,-6.7689,-60.3300
bot,KXWTAMATCH-26AUG30FRORYB-RYB,Elena Rybakina wins,YES,27,92.0000,100.0000,2026-08-31T18:27:35Z,2026-09-01T20:22:55Z,settled,settled,0.1391,2.0209,8.1400
bot_hold,KXWTAMATCH-26AUG30FRORYB-RYB,Elena Rybakina wins,YES,27,93.0000,100.0000,2026-08-31T21:09:02Z,2026-09-01T20:22:56Z,settled,settled,0.1230,1.7670,7.0400
bot_lab2,KXATPMATCH-26SEP01CERGEA-CER,Juan Manuel Cerundolo wins,YES,39,44.0000,30.0000,2026-08-31T01:40:47Z,2026-09-01T20:35:09Z,closed,exp9_model_shift,1.2460,-6.7060,-39.0800
bot_lab,KXWTAMATCH-26AUG30OLIBRA-OLI,Oleksandra Oliynykova wins,YES,64,50.0000,36.0000,2026-08-30T03:06:33Z,2026-09-01T20:54:00Z,closed,exp9_model_shift,2.1522,-11.1122,-34.7300
bot_lab2,KXWTAMATCH-26AUG30OLIBRA-OLI,Oleksandra Oliynykova wins,YES,34,49.0000,36.0000,2026-08-29T02:20:57Z,2026-09-01T20:54:01Z,closed,exp9_model_shift,1.1432,-5.5632,-33.3900
bot,KXWTAMATCH-26AUG30OLIBRA-BRA,Reese Brantmeier wins,NO,42,50.0000,36.0000,2026-08-29T02:19:54Z,2026-09-01T20:54:01Z,closed,exp9_model_shift,1.4124,-7.2924,-34.7300
bot_lab5,KXATPMATCH-26AUG30BELPIR-PIR,Zsombor Piros wins,YES,34,33.0000,0.0000,2026-08-29T07:48:52Z,2026-09-01T20:57:48Z,settled,settled,0.5262,-11.7462,-104.6900
bot_lab3,KXATPMATCH-26AUG30BELPIR-PIR,Zsombor Piros wins,YES,34,33.0000,0.0000,2026-08-29T07:48:51Z,2026-09-01T20:57:49Z,settled,settled,0.5262,-11.7462,-104.6900
bot_lab4,KXITFMATCH-26SEP01MENDAR-DAR,Vito Antonio Darderi wins,YES,41,32.0000,65.0000,2026-09-01T20:30:41Z,2026-09-01T20:59:30Z,closed,exp9b_take_profit,1.2774,12.2526,93.3900
bot_lab,KXATPMATCH-26AUG30SWEMOU-MOU,Corentin Moutet wins,YES,52,72.0000,29.0000,2026-09-01T03:19:44Z,2026-09-01T21:01:39Z,closed,exp9_model_shift,1.4833,-23.8433,-63.6800
bot_lab5,KXWTAMATCH-26AUG31SAKMON-SAK,Maria Sakkari wins,NO,30,42.0000,0.0000,2026-08-31T21:25:10Z,2026-09-01T21:12:48Z,settled,settled,0.5116,-13.1116,-104.0600
bot_lab4,KXITFMATCH-26SEP01GARDED-GAR,Nicolas Garcia Longo wins,YES,30,46.0000,0.0000,2026-09-01T19:03:02Z,2026-09-01T21:15:59Z,settled,settled,0.5216,-14.3216,-103.7800
bot,KXATPMATCH-26AUG30BASSCH-BAS,Nishesh Basavareddy wins,YES,48,52.0000,30.0000,2026-09-01T20:13:49Z,2026-09-01T21:18:34Z,closed,exp9_stop_loss,1.5443,-12.1043,-48.4900
bot_lab,KXATPMATCH-26AUG30DEJPAS-DEJ,Jesper De Jong wins,YES,54,55.0000,35.0000,2026-08-30T16:26:56Z,2026-09-01T21:43:35Z,closed,exp9_stop_loss,1.7954,-12.5954,-42.4100
bot,KXATPMATCH-26AUG30DEJPAS-DEJ,Jesper De Jong wins,YES,38,55.0000,32.0000,2026-08-30T03:06:30Z,2026-09-01T21:46:34Z,closed,exp9_stop_loss,1.2372,-9.9772,-47.7400
bot_lab5,KXATPMATCH-26AUG30UGOSTR-UGO,Camilo Ugo Carabelli wins,YES,33,34.0000,0.0000,2026-08-28T09:56:08Z,2026-09-01T21:47:27Z,settled,settled,0.5184,-11.7384,-104.6200
bot_lab3,KXATPMATCH-26AUG30UGOSTR-UGO,Camilo Ugo Carabelli wins,YES,33,34.0000,0.0000,2026-08-28T09:56:07Z,2026-09-01T21:47:29Z,settled,settled,0.5184,-11.7384,-104.6200
bot_hold,KXATPMATCH-26AUG30SWEMOU-SWE,Dane Sweeny wins,NO,30,73.0000,0.0000,2026-08-31T21:09:02Z,2026-09-01T21:54:22Z,settled,settled,0.4139,-22.3139,-101.8900
bot_lab3,KXATPMATCH-26SEP01CERGEA-CER,Juan Manuel Cerundolo wins,YES,39,44.0000,74.0000,2026-08-31T01:40:47Z,2026-09-01T21:55:16Z,closed,exp9b_take_profit,1.1980,10.5020,61.2000
bot_lab,KXWTAMATCH-26AUG30MAROST-MAR,Tatjana Maria wins,NO,43,58.0000,64.0000,2026-09-01T13:48:57Z,2026-09-01T22:26:05Z,closed,exp9_model_shift,1.4267,1.1533,4.6200
bot,KXWTAMATCH-26AUG30MAROST-OST,Jelena Ostapenko wins,YES,21,60.0000,65.0000,2026-09-01T05:15:37Z,2026-09-01T22:26:06Z,closed,exp9_model_shift,0.6872,0.3628,2.8800
bot_lab3,KXWTAMATCH-26AUG30OLIBRA-OLI,Oleksandra Oliynykova wins,YES,34,49.0000,90.0000,2026-08-29T02:20:59Z,2026-09-01T22:26:07Z,closed,exp9b_take_profit,0.8090,13.1310,78.8200
bot_lab5,KXWTAMATCH-26AUG30OLIBRA-OLI,Oleksandra Oliynykova wins,YES,34,49.0000,100.0000,2026-08-29T02:21:02Z,2026-09-01T22:32:29Z,settled,settled,0.5948,16.7452,100.5100
bot_hold,KXWTAMATCH-26AUG30OLIBRA-BRA,Reese Brantmeier wins,NO,42,50.0000,100.0000,2026-08-29T02:20:36Z,2026-09-01T22:32:30Z,settled,settled,0.7350,20.2650,96.5000
bot_lab,KXWTAMATCH-26AUG31LINJON-LIN,Magda Linette wins,YES,39,51.0000,66.0000,2026-08-29T09:06:59Z,2026-09-02T01:20:46Z,closed,exp9b_take_profit,1.2948,4.5552,22.9000
bot,KXWTAMATCH-26AUG31LINJON-JON,Francesca Jones wins,NO,18,52.0000,28.0000,2026-08-31T21:09:01Z,2026-09-02T01:55:53Z,closed,exp9_stop_loss,0.5685,-4.8885,-52.2300
bot_lab5,KXATPMATCH-26SEP01CERGEA-GEA,Arthur Gea wins,NO,37,44.0000,0.0000,2026-09-01T17:39:38Z,2026-09-02T01:57:28Z,settled,settled,0.6382,-16.9182,-103.9200
bot_lab2,KXWTAMATCH-26AUG31LINJON-LIN,Magda Linette wins,YES,30,46.0000,21.0000,2026-09-02T01:51:00Z,2026-09-02T02:01:28Z,closed,exp9_stop_loss,0.8700,-8.3700,-60.6500
bot_lab4,KXITFMATCH-26SEP02MUTHAS-HAS,Hugo Hashimoto wins,NO,40,28.0000,0.0000,2026-09-02T03:31:41Z,2026-09-02T06:36:29Z,settled,settled,0.5645,-11.7645,-105.0400
bot_lab4,KXITFMATCH-26SEP02SUSCHA-SUS,Anthony Susanto wins,NO,40,46.0000,0.0000,2026-09-02T05:44:55Z,2026-09-02T06:45:54Z,settled,settled,0.6955,-19.0955,-103.7800
bot_lab4,KXITFMATCH-26SEP02FELIBR-IBR,Karim Ibrahim wins,YES,40,25.0000,0.0000,2026-09-02T08:15:28Z,2026-09-02T08:45:15Z,settled,settled,0.5250,-10.5250,-105.2500
bot_lab4,KXITFMATCH-26SEP02TENRIS-TEN,Fermin Tenti wins,YES,29,48.0000,0.0000,2026-09-02T04:38:35Z,2026-09-02T08:54:31Z,settled,settled,0.5067,-14.4267,-103.6400
bot_lab4,KXITFMATCH-26SEP02BERTAD-TAD,Leonardo Taddia wins,YES,50,26.0000,0.0000,2026-09-02T10:31:00Z,2026-09-02T11:29:24Z,settled,settled,0.6734,-13.6734,-105.1800
bot_lab4,KXITFMATCH-26SEP02VILKHO-VIL,Edouard Villoslada wins,NO,36,40.0000,0.0000,2026-09-02T09:40:52Z,2026-09-02T11:45:18Z,settled,settled,0.6048,-15.0048,-104.2000
bot_lab4,KXITFMATCH-26SEP02FABHAD-FAB,Jules Fabre wins,YES,36,48.0000,0.0000,2026-09-02T02:57:45Z,2026-09-02T12:04:23Z,settled,settled,0.6290,-17.9090,-103.6400
bot_lab4,KXITFMATCH-26SEP02MUNCOR-MUN,Bernardo Munk Mesa wins,NO,44,31.0000,0.0000,2026-09-02T12:10:31Z,2026-09-02T12:24:08Z,settled,settled,0.6588,-14.2988,-104.8300
bot_lab4,KXITFMATCH-26SEP02MILHER-HER,Carles Hernandez wins,NO,35,39.0000,0.0000,2026-09-02T00:43:51Z,2026-09-02T12:55:09Z,settled,settled,0.5829,-14.2329,-104.2700
bot_lab4,KXITFMATCH-26SEP02EICSZA-EIC,David Eichenseher wins,NO,45,35.0000,0.0000,2026-09-02T11:04:24Z,2026-09-02T13:28:35Z,settled,settled,0.7166,-16.4666,-104.5500
bot_lab4,KXITFMATCH-26SEP02GIOCOL-GIO,Rafael Giotis wins,NO,48,31.0000,0.0000,2026-09-02T13:16:48Z,2026-09-02T14:18:09Z,settled,settled,0.7187,-15.5987,-104.8300
bot_lab4,KXITFMATCH-26SEP02BIEPOH-POH,Peetu Pohjola wins,YES,34,34.0000,100.0000,2026-09-02T03:48:20Z,2026-09-02T14:38:09Z,settled,settled,0.5341,21.9059,189.5000
bot_lab4,KXITFMATCH-26SEP02ZARBRA-ZAR,Carlos Maria Zarate wins,NO,40,25.0000,0.0000,2026-09-02T08:15:29Z,2026-09-02T14:49:11Z,settled,settled,0.5250,-10.5250,-105.2500
bot_lab2,KXWTAMATCH-26SEP02PARCIR-PAR,Diane Parry wins,YES,39,29.0000,38.0000,2026-09-01T00:55:05Z,2026-09-02T15:20:12Z,closed,exp9_model_shift,1.2053,2.3047,20.3800
bot_lab2,KXWTAMATCH-26SEP02SAWFER-SAW,Mananchaya Sawangkaew wins,YES,52,25.0000,12.0000,2026-08-31T21:58:42Z,2026-09-02T15:38:05Z,closed,exp9_stop_loss,1.0669,-7.8269,-60.2100
bot_lab,KXWTAMATCH-26AUG30MAROST-MAR,Tatjana Maria wins,NO,72,52.0000,49.0000,2026-09-02T15:46:06Z,2026-09-02T15:46:21Z,closed,exp9_model_shift,2.5175,-4.6775,-12.4900
bot_lab2,KXWTAMATCH-26SEP02PAOSTE-STE,Lucrezia Stefanini wins,YES,42,26.0000,12.0000,2026-09-02T15:29:11Z,2026-09-02T16:07:03Z,closed,exp9_stop_loss,0.8762,-6.7562,-61.8700
bot_lab4,KXITFMATCH-26SEP02PERFIG-PER,Noah Perfetti wins,YES,44,35.0000,0.0000,2026-09-02T15:29:13Z,2026-09-02T16:13:06Z,settled,settled,0.7007,-16.1007,-104.5500
bot_lab3,KXATPMATCH-26SEP02MUNRIN-RIN,Arthur Rinderknech wins,YES,37,44.0000,78.0000,2026-09-02T15:29:12Z,2026-09-02T16:22:41Z,closed,exp9b_take_profit,1.0826,11.4974,70.6200
bot_lab2,KXATPMATCH-26SEP02MUNRIN-RIN,Arthur Rinderknech wins,YES,37,44.0000,78.0000,2026-09-02T15:29:11Z,2026-09-02T16:22:41Z,closed,exp9b_take_profit,1.0826,11.4974,70.6200
bot_lab3,KXATPMATCH-26SEP02MERRUB-MER,Daniel Merida wins,YES,38,35.0000,44.0000,2026-09-01T06:38:18Z,2026-09-02T16:25:35Z,closed,exp9b_take_profit,1.2605,2.1595,16.2400
bot_lab2,KXATPMATCH-26SEP02MERRUB-MER,Daniel Merida wins,YES,38,35.0000,44.0000,2026-09-01T06:38:17Z,2026-09-02T16:25:35Z,closed,exp9b_take_profit,1.2605,2.1595,16.2400
bot_lab,KXWTAMATCH-26SEP02PLISHN-PLI,Karolina Pliskova wins,NO,47,79.0000,99.0000,2026-09-02T02:07:35Z,2026-09-02T16:31:57Z,closed,exp9b_take_profit,0.5784,8.8216,23.7600
bot_lab3,KXWTAMATCH-26SEP02PAOSTE-STE,Lucrezia Stefanini wins,YES,42,26.0000,0.0000,2026-09-02T15:29:12Z,2026-09-02T16:32:03Z,settled,settled,0.5657,-11.4857,-105.1800
bot_lab5,KXWTAMATCH-26SEP02PAOSTE-STE,Lucrezia Stefanini wins,YES,42,26.0000,0.0000,2026-09-02T15:29:14Z,2026-09-02T16:32:04Z,settled,settled,0.5657,-11.4857,-105.1800
bot_lab5,KXWTAMATCH-26SEP02SAWFER-SAW,Mananchaya Sawangkaew wins,YES,52,25.0000,0.0000,2026-08-31T21:58:42Z,2026-09-02T16:33:03Z,settled,settled,0.6825,-13.6825,-105.2500
bot_lab3,KXWTAMATCH-26SEP02SAWFER-SAW,Mananchaya Sawangkaew wins,YES,52,25.0000,0.0000,2026-08-31T21:58:42Z,2026-09-02T16:33:09Z,settled,settled,0.6825,-13.6825,-105.2500
bot,KXWTAMATCH-26SEP02PLISHN-PLI,Karolina Pliskova wins,NO,32,79.0000,100.0000,2026-09-02T02:07:33Z,2026-09-02T16:42:05Z,settled,settled,0.3716,6.3484,25.1100
bot_chalk,KXWTAMATCH-26SEP02PLISHN-PLI,Karolina Pliskova wins,NO,31,79.0000,100.0000,2026-09-02T02:07:34Z,2026-09-02T16:42:06Z,settled,settled,0.3600,6.1500,25.1100
bot_lab4,KXITFMATCH-26SEP02BAUSCH-SCH,Niklas Schell wins,NO,33,39.0000,0.0000,2026-09-02T15:29:13Z,2026-09-02T16:43:15Z,settled,settled,0.5495,-13.4195,-104.2700
bot_lab,KXATPMATCH-26SEP02NAKMIC-NAK,Brandon Nakashima wins,NO,47,80.0000,97.0000,2026-09-02T16:23:33Z,2026-09-02T17:01:26Z,closed,exp9b_take_profit,0.6221,7.3679,19.6000
bot_lab3,KXWTAMATCH-26SEP02PARCIR-PAR,Diane Parry wins,YES,39,29.0000,0.0000,2026-09-01T00:55:05Z,2026-09-02T17:07:10Z,settled,settled,0.5621,-11.8721,-104.9700
bot_lab5,KXWTAMATCH-26SEP02PARCIR-PAR,Diane Parry wins,YES,39,29.0000,0.0000,2026-09-01T00:55:06Z,2026-09-02T17:07:10Z,settled,settled,0.5621,-11.8721,-104.9700
bot_lab2,KXATPMATCH-26AUG30GIRBUS-GIR,Marcos Giron wins,YES,44,29.0000,33.0000,2026-09-02T17:15:28Z,2026-09-02T17:17:49Z,closed,exp9_model_shift,1.3152,0.4448,3.4900
bot_lab2,KXATPMATCH-26AUG30SVAALT-SVA,Zachary Svajda wins,NO,33,40.0000,20.0000,2026-09-01T16:00:42Z,2026-09-02T17:21:36Z,closed,exp9_stop_loss,0.9240,-7.5240,-57.0000
bot_lab,KXATPMATCH-26SEP02ETCFEA-ETC,Tomas Martin Etcheverry wins,YES,74,51.0000,63.0000,2026-09-01T08:33:54Z,2026-09-02T17:23:51Z,closed,exp9_model_shift,2.5020,6.3780,16.9000
bot,KXATPMATCH-26SEP02ETCFEA-ETC,Tomas Martin Etcheverry wins,YES,35,56.0000,63.0000,2026-09-01T21:04:14Z,2026-09-02T17:23:51Z,closed,exp9_model_shift,1.1748,1.2752,6.5100
bot_lab4,KXITFMATCH-26SEP02GAVZIE-GAV,Liam Gavrielides wins,NO,33,44.0000,0.0000,2026-09-02T08:49:24Z,2026-09-02T17:33:32Z,settled,settled,0.5692,-15.0892,-103.9200
bot,KXWTAMATCH-26AUG30MAROST-OST,Jelena Ostapenko wins,YES,47,53.0000,50.0000,2026-09-02T17:34:37Z,2026-09-02T17:36:37Z,closed,exp9_model_shift,1.6420,-3.0520,-12.2500
bot_lab4,KXITFMATCH-26SEP02DRETOR-TOR,Benjamin Torrealba wins,NO,43,36.0000,70.0000,2026-09-02T17:15:30Z,2026-09-02T17:58:49Z,closed,exp9b_take_profit,1.3256,13.2944,85.8800
bot_lab5,KXATPMATCH-26SEP02MERRUB-MER,Daniel Merida wins,YES,38,35.0000,100.0000,2026-09-01T06:38:19Z,2026-09-02T18:02:38Z,settled,settled,0.6051,24.0949,181.1600
bot_lab2,KXWTAMATCH-26SEP02NAVMCC-NAV,Emma Navarro wins,YES,40,42.0000,43.0000,2026-09-02T18:09:51Z,2026-09-02T18:11:13Z,closed,exp9_model_shift,1.3684,-0.9684,-5.7600
bot_lab5,KXATPMATCH-26SEP02MUNRIN-RIN,Arthur Rinderknech wins,YES,37,44.0000,100.0000,2026-09-02T15:29:14Z,2026-09-02T18:21:48Z,settled,settled,0.6382,20.0818,123.3500
bot_lab4,KXITFMATCH-26SEP02DEMBEN-BEN,Karim Bennani wins,YES,32,44.0000,81.0000,2026-09-02T17:53:22Z,2026-09-02T18:35:39Z,closed,exp9b_take_profit,0.8966,10.9434,77.7200
bot_lab2,KXATPMATCH-26AUG30MARZHE-ZHE,Michael Zheng wins,NO,32,42.0000,41.0000,2026-09-01T19:36:33Z,2026-09-02T18:41:19Z,closed,exp9_model_shift,1.0876,-1.4076,-10.4700
bot_hold,KXWTAMATCH-26SEP02KOSSTE-STE,Sloane Stephens wins,NO,29,86.0000,100.0000,2026-09-01T02:14:33Z,2026-09-02T19:12:31Z,settled,settled,0.2444,3.8156,15.3000
bot,KXWTAMATCH-26SEP02KOSSTE-STE,Sloane Stephens wins,NO,29,86.0000,100.0000,2026-09-01T01:42:33Z,2026-09-02T19:12:31Z,settled,settled,0.2444,3.8156,15.3000
bot_lab5,KXATPMATCH-26AUG30SVAALT-ALT,Daniel Altmaier wins,YES,31,41.0000,0.0000,2026-09-02T08:15:29Z,2026-09-03T00:15:00Z,settled,settled,0.5249,-13.2349,-104.1300
bot_lab5,KXATPMATCH-26AUG30GIRBUS-GIR,Marcos Giron wins,YES,44,29.0000,0.0000,2026-09-02T17:15:30Z,2026-09-03T00:16:05Z,settled,settled,0.6342,-13.3942,-104.9700
bot_hold,KXWTAMATCH-26AUG31LINJON-LIN,Magda Linette wins,YES,22,51.0000,0.0000,2026-08-31T21:25:08Z,2026-09-03T00:16:06Z,settled,settled,0.3848,-11.6048,-103.4300
bot_lab5,KXWTAMATCH-26SEP02SELRAK-SEL,Oksana Selekhmeteva wins,YES,38,28.0000,0.0000,2026-09-02T20:07:33Z,2026-09-03T00:16:06Z,settled,settled,0.5363,-11.1763,-105.0400
bot_lab3,KXWTAMATCH-26AUG31LINJON-LIN,Magda Linette wins,YES,30,46.0000,0.0000,2026-09-02T01:51:01Z,2026-09-03T00:16:06Z,settled,settled,0.5216,-14.3216,-103.7800
bot_lab3,KXWTAMATCH-26SEP02SELRAK-SEL,Oksana Selekhmeteva wins,YES,38,28.0000,0.0000,2026-09-02T20:07:33Z,2026-09-03T00:16:06Z,settled,settled,0.5363,-11.1763,-105.0400
bot_lab5,KXWTAMATCH-26AUG31LINJON-LIN,Magda Linette wins,YES,30,46.0000,0.0000,2026-09-02T01:51:01Z,2026-09-03T00:16:06Z,settled,settled,0.5216,-14.3216,-103.7800
bot_lab5,KXATPMATCH-26AUG30MARZHE-ZHE,Michael Zheng wins,NO,32,42.0000,0.0000,2026-09-01T08:00:48Z,2026-09-03T00:16:07Z,settled,settled,0.5457,-13.9857,-104.0600
bot_hold,KXATPMATCH-26AUG30DEJPAS-DEJ,Jesper De Jong wins,YES,38,55.0000,100.0000,2026-08-30T03:06:32Z,2026-09-03T00:16:07Z,settled,settled,0.6584,16.4416,78.6700
bot_hold,KXATPMATCH-26SEP02LEHSAM-LEH,Jiri Lehecka wins,YES,34,73.0000,100.0000,2026-08-31T17:22:57Z,2026-09-03T00:16:07Z,settled,settled,0.4691,8.7109,35.1000
bot_lab2,KXWTAMATCH-26SEP02BIRALE-ALE,Ekaterina Alexandrova wins,NO,42,26.0000,0.0000,2026-08-31T23:02:58Z,2026-09-03T00:16:07Z,settled,settled,0.5657,-11.4857,-105.1800
bot_lab2,KXWTAMATCH-26SEP02SELRAK-SEL,Oksana Selekhmeteva wins,YES,38,28.0000,0.0000,2026-09-02T20:07:32Z,2026-09-03T00:16:07Z,settled,settled,0.5363,-11.1763,-105.0400
bot_lab3,KXATPMATCH-26AUG30MARZHE-ZHE,Michael Zheng wins,NO,32,42.0000,0.0000,2026-09-01T17:39:37Z,2026-09-03T00:16:08Z,settled,settled,0.5457,-13.9857,-104.0600
bot_lab3,KXATPMATCH-26AUG30GIRBUS-GIR,Marcos Giron wins,YES,44,29.0000,0.0000,2026-09-02T17:15:30Z,2026-09-03T00:16:08Z,settled,settled,0.6342,-13.3942,-104.9700
bot_lab3,KXWTAMATCH-26SEP02NAVMCC-NAV,Emma Navarro wins,YES,40,42.0000,100.0000,2026-09-02T18:09:52Z,2026-09-03T00:16:08Z,settled,settled,0.6821,22.5179,134.0400
bot_lab,KXWTAMATCH-26AUG30JOVFRE-JOV,Iva Jovic wins,YES,52,58.0000,100.0000,2026-09-02T01:34:32Z,2026-09-03T00:16:09Z,settled,settled,0.8867,20.9533,69.4700
bot_lab5,KXWTAMATCH-26SEP02BIRALE-ALE,Ekaterina Alexandrova wins,NO,42,26.0000,0.0000,2026-08-31T23:02:59Z,2026-09-03T00:16:09Z,settled,settled,0.5657,-11.4857,-105.1800
bot_hold,KXATPMATCH-26SEP02ETCFEA-FEA,Jacob Fearnley wins,NO,31,57.0000,100.0000,2026-09-01T21:55:29Z,2026-09-03T00:16:09Z,settled,settled,0.5319,12.7981,72.4300
bot_lab3,KXWTAMATCH-26SEP02BIRALE-ALE,Ekaterina Alexandrova wins,NO,42,26.0000,0.0000,2026-08-31T23:02:59Z,2026-09-03T00:16:09Z,settled,settled,0.5657,-11.4857,-105.1800
bot_lab,KXATPMATCH-26SEP02LEHSAM-LEH,Jiri Lehecka wins,YES,52,72.0000,100.0000,2026-08-31T16:50:36Z,2026-09-03T00:16:09Z,settled,settled,0.7338,13.8262,36.9300
bot_lab3,KXATPMATCH-26AUG30SVAALT-ALT,Daniel Altmaier wins,YES,31,41.0000,0.0000,2026-09-02T08:15:27Z,2026-09-03T00:16:10Z,settled,settled,0.5249,-13.2349,-104.1300
bot_hold,KXWTAMATCH-26AUG30MAROST-OST,Jelena Ostapenko wins,YES,21,60.0000,0.0000,2026-09-01T05:15:38Z,2026-09-03T00:16:10Z,settled,settled,0.3528,-12.9528,-102.8000
bot_lab5,KXWTAMATCH-26SEP02NAVMCC-NAV,Emma Navarro wins,YES,40,42.0000,100.0000,2026-09-02T18:09:52Z,2026-09-03T00:16:10Z,settled,settled,0.6821,22.5179,134.0400
bot,KXATPMATCH-26SEP02LEHSAM-LEH,Jiri Lehecka wins,YES,34,73.0000,100.0000,2026-08-31T17:22:56Z,2026-09-03T00:16:10Z,settled,settled,0.4691,8.7109,35.1000
bot_lab,KXATPMATCH-26SEP02BERNAV-NAV,Mariano Navone wins,NO,52,51.0000,34.0000,2026-09-03T00:20:30Z,2026-09-03T00:21:49Z,closed,exp9_model_shift,1.7264,-10.5664,-39.8400
bot,KXATPMATCH-26SEP02VACMAJ-VAC,Valentin Vacherot wins,YES,28,52.0000,76.0000,2026-09-01T00:39:22Z,2026-09-03T00:21:55Z,closed,exp9_model_shift,0.8467,5.8733,40.3400
bot_lab,KXATPMATCH-26SEP02VACMAJ-VAC,Valentin Vacherot wins,YES,42,52.0000,76.0000,2026-09-01T00:39:23Z,2026-09-03T00:21:55Z,closed,exp9_model_shift,1.2701,8.8099,40.3400
bot,KXWTAMATCH-26SEP02ANNVEK-VEK,Donna Vekic wins,NO,38,62.0000,45.0000,2026-09-01T20:30:40Z,2026-09-03T00:21:58Z,closed,exp9_model_shift,1.2851,-7.7451,-32.8700
bot_lab,KXWTAMATCH-26SEP02ANNVEK-VEK,Donna Vekic wins,NO,61,61.0000,45.0000,2026-09-01T09:41:20Z,2026-09-03T00:21:58Z,closed,exp9_model_shift,2.0726,-11.8326,-31.8000
bot,KXATPMATCH-26SEP02HARTSI-TSI,Stefanos Tsitsipas wins,YES,23,69.0000,82.0000,2026-09-01T21:21:12Z,2026-09-03T00:37:05Z,closed,exp9_model_shift,0.5820,2.4080,15.1700
bot_hold,KXATPMATCH-26SEP02HARTSI-TSI,Stefanos Tsitsipas wins,YES,23,69.0000,100.0000,2026-09-01T22:46:31Z,2026-09-03T00:56:07Z,settled,settled,0.3444,6.7856,42.7600
bot_lab2,KXATPMATCH-26SEP02VACMAJ-VAC,Valentin Vacherot wins,NO,46,27.0000,9.0000,2026-09-03T00:36:30Z,2026-09-03T02:25:57Z,closed,exp9_stop_loss,0.8984,-9.1784,-73.9000
bot_hold,KXWTAMATCH-26SEP02ANNVEK-VEK,Donna Vekic wins,NO,38,62.0000,100.0000,2026-09-01T20:30:41Z,2026-09-03T02:26:35Z,settled,settled,0.6267,13.8133,58.6300
bot_hold,KXATPMATCH-26SEP02BERNAV-NAV,Mariano Navone wins,NO,34,51.0000,0.0000,2026-09-03T00:20:25Z,2026-09-03T02:31:26Z,settled,settled,0.5948,-17.9348,-103.4300
bot_lab5,KXATPMATCH-26SEP02VACMAJ-VAC,Valentin Vacherot wins,NO,46,27.0000,0.0000,2026-09-03T00:36:31Z,2026-09-03T03:01:44Z,settled,settled,0.6347,-13.0547,-105.1100
bot_hold,KXATPMATCH-26SEP02VACMAJ-VAC,Valentin Vacherot wins,YES,28,52.0000,100.0000,2026-09-01T01:58:34Z,2026-09-03T03:01:44Z,settled,settled,0.4892,12.9508,88.9500
bot_lab3,KXATPMATCH-26SEP02VACMAJ-VAC,Valentin Vacherot wins,NO,46,27.0000,0.0000,2026-09-03T00:36:31Z,2026-09-03T03:01:44Z,settled,settled,0.6347,-13.0547,-105.1100
bot_hold,KXATPMATCH-26SEP02FARALC-ALC,Carlos Alcaraz wins,YES,28,88.0000,100.0000,2026-08-31T22:46:37Z,2026-09-03T03:21:55Z,settled,settled,0.2070,3.1530,12.8000
bot,KXATPMATCH-26SEP02FARALC-ALC,Carlos Alcaraz wins,YES,28,88.0000,100.0000,2026-08-31T22:14:32Z,2026-09-03T03:21:55Z,settled,settled,0.2070,3.1530,12.8000
bot_lab4,KXITFMATCH-26SEP03PERFEL-FEL,Jake Fellows wins,YES,35,33.0000,68.0000,2026-09-03T06:10:13Z,2026-09-03T06:58:01Z,closed,exp9b_take_profit,1.0748,11.1752,96.7500
bot_lab4,KXITFMATCH-26SEP03RISBAT-RIS,Nicola Rispoli wins,YES,43,28.0000,72.0000,2026-09-03T10:04:25Z,2026-09-03T10:44:55Z,closed,exp9b_take_profit,1.2136,17.7064,147.0600
bot_lab4,KXITFMATCH-26SEP03EICLAN-EIC,David Eichenseher wins,YES,44,36.0000,100.0000,2026-09-03T03:54:29Z,2026-09-03T12:27:13Z,settled,settled,0.7096,27.4504,173.3000
bot_lab4,KXITFMATCH-26SEP03SALMAR-SAL,Daniel Salazar wins,YES,43,37.0000,71.0000,2026-09-03T11:43:35Z,2026-09-03T12:49:12Z,closed,exp9b_take_profit,1.3214,13.2986,83.5900
bot_lab4,KXITFMATCH-26SEP03VANGIO-GIO,Rafael Giotis wins,YES,38,30.0000,0.0000,2026-09-03T11:59:54Z,2026-09-03T13:56:55Z,settled,settled,0.5586,-11.9586,-104.9000
bot_lab4,KXITFMATCH-26SEP03JUSWAZ-WAZ,Alan Wazny wins,NO,35,35.0000,99.0000,2026-09-03T11:10:47Z,2026-09-03T14:52:30Z,closed,exp9b_take_profit,0.5817,21.8183,178.1100
bot,KXATPMATCH-26SEP02DARSVR-DAR,Luciano Darderi wins,YES,17,59.0000,54.0000,2026-09-01T21:55:28Z,2026-09-03T15:21:12Z,closed,exp9_model_shift,0.5835,-1.4335,-14.2900
bot_lab,KXATPMATCH-26SEP02DARSVR-SVR,Dalibor Svrcina wins,NO,46,56.0000,52.0000,2026-09-03T00:20:31Z,2026-09-03T15:21:12Z,closed,exp9_model_shift,1.5971,-3.4371,-13.3400
bot_lab4,KXITFMATCH-26SEP03PAGSAN-SAN,Kaua Lorenzo Santos Gava wins,NO,36,37.0000,66.0000,2026-09-03T15:18:47Z,2026-09-03T16:00:43Z,closed,exp9b_take_profit,1.1529,9.2871,69.7200
bot,KXATPMATCH-26SEP02STRCER-CER,Francisco Cerundolo wins,YES,39,61.0000,38.0000,2026-09-02T16:57:17Z,2026-09-03T16:03:34Z,closed,exp9_stop_loss,1.2927,-10.2627,-43.1400
bot_lab,KXATPMATCH-26SEP02AUGKHA-KHA,Karen Khachanov wins,NO,53,64.0000,85.0000,2026-09-03T16:07:24Z,2026-09-03T16:13:18Z,closed,exp9b_take_profit,1.3278,9.8022,28.9000
bot_lab,KXWTAMATCH-26SEP02KEYBON-KEY,Madison Keys wins,YES,54,70.0000,73.0000,2026-09-03T15:35:05Z,2026-09-03T16:26:46Z,closed,exp9b_take_profit,1.5388,0.0812,0.2100
bot,KXWTAMATCH-26SEP02KEYBON-KEY,Madison Keys wins,YES,36,70.0000,43.0000,2026-09-03T15:35:04Z,2026-09-03T17:20:33Z,closed,exp9_stop_loss,1.1469,-10.8669,-43.1200
bot,KXATPMATCH-26SEP02AUGKHA-KHA,Karen Khachanov wins,NO,36,64.0000,39.0000,2026-09-03T16:07:24Z,2026-09-03T17:29:01Z,closed,exp9_stop_loss,1.1801,-10.1801,-44.1800
bot_lab,KXATPMATCH-26SEP02STRCER-CER,Francisco Cerundolo wins,YES,53,62.0000,64.0000,2026-09-02T13:33:16Z,2026-09-03T18:03:06Z,closed,exp9b_take_profit,1.7289,-0.6689,-2.0400
bot,KXWTAMATCH-26SEP03BARMAR-BAR,Nikola Bartunkova wins,YES,35,69.0000,78.0000,2026-09-03T01:42:41Z,2026-09-03T18:42:54Z,closed,exp9_model_shift,0.9445,2.2055,9.1300
bot_lab,KXWTAMATCH-26SEP03BARMAR-BAR,Nikola Bartunkova wins,YES,53,69.0000,78.0000,2026-09-03T01:42:43Z,2026-09-03T18:42:54Z,closed,exp9_model_shift,1.4302,3.3398,9.1300
bot_hold,KXATPMATCH-26SEP02DARSVR-SVR,Dalibor Svrcina wins,NO,31,56.0000,100.0000,2026-09-03T00:20:25Z,2026-09-03T19:02:39Z,settled,settled,0.5347,13.1053,75.4900
bot_hold,KXATPMATCH-26SEP02STRCER-CER,Francisco Cerundolo wins,YES,39,61.0000,100.0000,2026-09-02T19:34:30Z,2026-09-03T19:12:22Z,settled,settled,0.6495,14.5605,61.2000
bot,KXATPMATCH-26SEP02SCHCOB-COB,Flavio Cobolli wins,YES,29,81.0000,63.0000,2026-09-02T00:43:50Z,2026-09-03T19:28:27Z,closed,exp9_model_shift,0.7856,-6.0056,-25.5700
bot,KXATPMATCH-26SEP02SWEMUS-SWE,Dane Sweeny wins,NO,31,81.0000,40.0000,2026-09-03T19:40:01Z,2026-09-03T19:53:52Z,closed,exp9_stop_loss,0.8548,-13.5648,-54.0200
bot_lab,KXATPMATCH-26SEP02POPTAB-TAB,Alejandro Tabilo wins,YES,48,51.0000,56.0000,2026-09-03T20:13:02Z,2026-09-03T20:13:20Z,closed,exp9b_take_profit,1.6676,0.7324,2.9900
bot_lab2,KXATPMATCH-26SEP02POPTAB-POP,Alexei Popyrin wins,NO,30,49.0000,56.0000,2026-09-03T20:13:02Z,2026-09-03T20:13:20Z,closed,exp9b_take_profit,1.0422,1.0578,7.2000
bot_lab3,KXATPMATCH-26SEP02POPTAB-POP,Alexei Popyrin wins,NO,30,49.0000,57.0000,2026-09-03T20:13:02Z,2026-09-03T20:13:20Z,closed,exp9b_take_profit,1.0395,1.3605,9.2600
bot_lab4,KXITFMATCH-26SEP03BOBTEP-TEP,Nicolas Tepmahc wins,YES,40,35.0000,0.0000,2026-09-03T20:29:39Z,2026-09-03T20:42:07Z,settled,settled,0.6370,-14.6370,-104.5500
bot_lab2,KXWTAMATCH-26SEP02BUCSAK-BUC,Cristina Bucsa wins,NO,35,41.0000,37.0000,2026-09-03T20:47:55Z,2026-09-03T20:48:01Z,closed,exp9_model_shift,1.1638,-2.5638,-17.8700
bot_hold,KXWTAMATCH-26SEP03BARMAR-BAR,Nikola Bartunkova wins,YES,35,69.0000,100.0000,2026-09-03T01:42:42Z,2026-09-03T20:56:52Z,settled,settled,0.5241,10.3259,42.7600
bot,KXATPMATCH-26SEP02POPTAB-TAB,Alejandro Tabilo wins,YES,32,51.0000,83.0000,2026-09-03T20:13:01Z,2026-09-03T21:25:01Z,closed,exp9_take_profit,0.8759,9.3641,57.3800
bot,KXWTAMATCH-26SEP02ZHEPUT-ZHE,Qinwen Zheng wins,YES,19,67.0000,98.0000,2026-09-03T19:23:32Z,2026-09-03T21:48:55Z,closed,exp9_take_profit,0.3202,5.5698,43.7500
bot_hold,KXWTAMATCH-26SEP02ZHEPUT-ZHE,Qinwen Zheng wins,YES,19,67.0000,100.0000,2026-09-03T19:23:32Z,2026-09-03T22:02:26Z,settled,settled,0.2941,5.9759,46.9400
bot_lab5,KXATPMATCH-26SEP02POPTAB-POP,Alexei Popyrin wins,NO,30,49.0000,100.0000,2026-09-03T20:13:03Z,2026-09-03T22:12:05Z,settled,settled,0.5248,14.7752,100.5100
bot_lab6,KXATPMATCH-26SEP02POPTAB-POP,Alexei Popyrin wins,NO,30,49.0000,100.0000,2026-09-03T20:13:03Z,2026-09-03T22:12:05Z,settled,settled,0.5248,14.7752,100.5100
bot_lab6,KXWTAMATCH-26SEP02BUCSAK-BUC,Cristina Bucsa wins,NO,35,41.0000,0.0000,2026-09-03T20:48:00Z,2026-09-03T22:26:43Z,settled,settled,0.5927,-14.9427,-104.1300
bot_lab3,KXWTAMATCH-26SEP02BUCSAK-BUC,Cristina Bucsa wins,NO,35,41.0000,0.0000,2026-09-03T20:47:59Z,2026-09-03T22:27:53Z,settled,settled,0.5927,-14.9427,-104.1300
bot_lab5,KXWTAMATCH-26SEP02BUCSAK-BUC,Cristina Bucsa wins,NO,35,41.0000,0.0000,2026-09-03T20:48:00Z,2026-09-03T22:27:53Z,settled,settled,0.5927,-14.9427,-104.1300
bot,KXATPMATCH-26SEP03VANDE-VAN,Botic Van de Zandschulp wins,NO,41,61.0000,35.0000,2026-09-03T22:32:40Z,2026-09-03T23:20:40Z,closed,exp9_stop_loss,1.3357,-11.9957,-47.9600
bot_lab,KXATPMATCH-26SEP03BERDEJ-DEJ,Jesper De Jong wins,NO,66,57.0000,81.0000,2026-09-03T22:32:41Z,2026-09-03T23:24:08Z,closed,exp9b_take_profit,1.8434,13.9966,37.2100
bot_lab,KXATPMATCH-26SEP03YUNZHE-ZHE,Michael Zheng wins,YES,59,64.0000,79.0000,2026-09-03T00:20:29Z,2026-09-03T23:59:07Z,closed,exp9b_take_profit,1.6368,7.2132,19.1000
bot_lab,KXWTAMATCH-26SEP02SAKSTA-STA,Yuliia Starodubtseva wins,NO,45,53.0000,34.0000,2026-09-04T00:17:39Z,2026-09-04T00:19:52Z,closed,exp9_stop_loss,1.4916,-10.0416,-42.1000
bot,KXWTAMATCH-26SEP02SAKSTA-STA,Yuliia Starodubtseva wins,NO,30,53.0000,32.0000,2026-09-04T00:17:35Z,2026-09-04T00:20:30Z,closed,exp9_stop_loss,0.9801,-7.2801,-45.7900
bot_lab,KXWTAMATCH-26SEP03BADGAU-GAU,Coco Gauff wins,YES,47,80.0000,97.0000,2026-09-03T23:42:47Z,2026-09-04T00:28:23Z,closed,exp9b_take_profit,0.6221,7.3679,19.6000
bot_hold,KXATPMATCH-26SEP03VANDE-VAN,Botic Van de Zandschulp wins,NO,41,61.0000,0.0000,2026-09-03T22:32:41Z,2026-09-04T00:56:13Z,settled,settled,0.6828,-25.6928,-102.7300
bot_lab,KXATPMATCH-26SEP03VANDE-VAN,Botic Van de Zandschulp wins,NO,61,61.0000,0.0000,2026-09-03T22:32:42Z,2026-09-04T00:56:14Z,settled,settled,1.0158,-38.2258,-102.7300
bot_hold,KXATPMATCH-26SEP03SVAGEA-SVA,Zachary Svajda wins,YES,15,53.0000,0.0000,2026-09-03T05:53:24Z,2026-09-04T01:06:54Z,settled,settled,0.2616,-8.2116,-103.2900
bot,KXWTAMATCH-26SEP03BADGAU-GAU,Coco Gauff wins,YES,30,83.0000,100.0000,2026-09-03T23:25:23Z,2026-09-04T01:26:57Z,settled,settled,0.2963,4.8037,19.2900
bot,KXATPMATCH-26SEP03BERDEJ-DEJ,Jesper De Jong wins,NO,44,57.0000,99.0000,2026-09-03T22:32:34Z,2026-09-04T02:03:32Z,closed,exp9_take_profit,0.7854,17.6946,70.5500
bot,KXATPMATCH-26SEP03YUNZHE-ZHE,Michael Zheng wins,YES,39,64.0000,98.0000,2026-09-03T00:20:23Z,2026-09-04T02:05:16Z,closed,exp9_take_profit,0.6825,12.5775,50.3900
bot_hold,KXATPMATCH-26SEP03YUNZHE-ZHE,Michael Zheng wins,YES,39,64.0000,100.0000,2026-09-03T00:20:24Z,2026-09-04T02:12:38Z,settled,settled,0.6290,13.4110,53.7300
bot_hold,KXATPMATCH-26SEP03BERDEJ-DEJ,Jesper De Jong wins,NO,44,57.0000,100.0000,2026-09-03T22:32:41Z,2026-09-04T02:12:43Z,settled,settled,0.7549,18.1651,72.4300
bot_hold,KXWTAMATCH-26SEP03BOURYB-RYB,Elena Rybakina wins,YES,29,85.0000,100.0000,2026-09-03T00:20:26Z,2026-09-04T03:06:32Z,settled,settled,0.2588,4.0912,16.6000
bot,KXWTAMATCH-26SEP03BOURYB-RYB,Elena Rybakina wins,YES,29,85.0000,100.0000,2026-09-03T00:36:30Z,2026-09-04T03:08:07Z,settled,settled,0.2588,4.0912,16.6000
bot_lab,KXATPMATCH-26SEP03ZVEHAL-ZVE,Alexander Zverev wins,YES,49,76.0000,91.0000,2026-09-04T03:55:53Z,2026-09-04T04:24:06Z,closed,exp9b_take_profit,0.9065,6.4435,17.3000
bot_hold,KXATPMATCH-26SEP03ZVEHAL-ZVE,Alexander Zverev wins,YES,30,84.0000,100.0000,2026-09-03T00:20:28Z,2026-09-04T06:22:11Z,settled,settled,0.2822,4.5178,17.9300
bot,KXATPMATCH-26SEP03ZVEHAL-ZVE,Alexander Zverev wins,YES,30,84.0000,100.0000,2026-09-02T17:53:21Z,2026-09-04T06:22:41Z,settled,settled,0.2822,4.5178,17.9300
bot_chalk,KXATPMATCH-26SEP03ZVEHAL-ZVE,Alexander Zverev wins,YES,32,76.0000,100.0000,2026-09-04T03:55:52Z,2026-09-04T06:22:42Z,settled,settled,0.4086,7.2714,29.9000
bot_lab4,KXITFMATCH-26SEP04GSCRIS-GSC,Jeremy Gschwendtner wins,YES,42,37.0000,0.0000,2026-09-04T09:18:29Z,2026-09-04T10:06:52Z,settled,settled,0.6853,-16.2253,-104.4100
bot_lab4,KXITFMATCH-26SEP04MUEJUS-MUE,Calvin Mueller wins,YES,34,36.0000,0.0000,2026-09-04T09:01:34Z,2026-09-04T10:32:29Z,settled,settled,0.5484,-12.7884,-104.4800
bot_lab4,KXITFMATCH-26SEP04DEKVAN-VAN,Martin VAN DER MEERSCHEN wins,NO,38,34.0000,0.0000,2026-09-04T09:35:27Z,2026-09-04T11:02:33Z,settled,settled,0.5969,-13.5169,-104.6200
bot_lab4,KXITFMATCH-26SEP04BOUCAR-BOU,Cesar Bouchelaghem wins,NO,50,27.0000,0.0000,2026-09-03T19:56:38Z,2026-09-04T12:56:53Z,settled,settled,0.6899,-14.1899,-105.1100
bot_lab3,KXWTAMATCH-26SEP04PAOCIR-PAO,Jasmine Paolini wins,NO,38,45.0000,84.0000,2026-09-04T15:17:55Z,2026-09-04T15:48:53Z,closed,exp9b_take_profit,1.0159,13.8041,80.7300
bot_lab2,KXWTAMATCH-26SEP04PAOCIR-PAO,Jasmine Paolini wins,NO,38,45.0000,84.0000,2026-09-04T15:17:54Z,2026-09-04T15:48:53Z,closed,exp9b_take_profit,1.0159,13.8041,80.7300
bot_lab4,KXITFMATCH-26SEP02GAUTEP-GAU,Alexis Gautier wins,YES,35,45.0000,50.0000,2026-09-02T20:24:27Z,2026-09-04T16:13:50Z,closed,voided,1.2189,0.5311,3.3700
bot_lab5,KXWTAMATCH-26SEP04PAOCIR-PAO,Jasmine Paolini wins,NO,38,45.0000,100.0000,2026-09-04T15:17:55Z,2026-09-04T16:32:05Z,settled,settled,0.6584,20.2416,118.3700
bot_lab6,KXWTAMATCH-26SEP04PAOCIR-PAO,Jasmine Paolini wins,NO,38,45.0000,100.0000,2026-09-04T15:17:55Z,2026-09-04T16:32:05Z,settled,settled,0.6584,20.2416,118.3700
bot,KXWTAMATCH-26SEP04KOSALE-ALE,Ekaterina Alexandrova wins,NO,20,72.0000,100.0000,2026-09-03T03:20:16Z,2026-09-04T16:32:06Z,settled,settled,0.2822,5.3178,36.9300
bot_hold,KXWTAMATCH-26SEP04KOSALE-ALE,Ekaterina Alexandrova wins,NO,20,72.0000,100.0000,2026-09-03T03:20:17Z,2026-09-04T16:32:08Z,settled,settled,0.2822,5.3178,36.9300
bot,KXWTAMATCH-26SEP04TOWSHN-SHN,Diana Shnaider wins,YES,24,63.0000,39.0000,2026-09-02T19:34:29Z,2026-09-04T17:15:05Z,closed,exp9_stop_loss,0.7913,-6.5513,-43.3300
bot_lab,KXWTAMATCH-26SEP04PEGFER-FER,Leylah Fernandez wins,NO,60,63.0000,67.0000,2026-09-04T17:27:28Z,2026-09-04T17:27:52Z,closed,exp9b_take_profit,1.9076,0.4924,1.3000
bot_lab,KXWTAMATCH-26SEP04TOWSHN-SHN,Diana Shnaider wins,YES,52,60.0000,33.0000,2026-09-03T09:15:26Z,2026-09-04T17:53:22Z,closed,exp9_model_shift,1.6784,-15.7184,-50.3800
bot,KXWTAMATCH-26SEP04PEGFER-FER,Leylah Fernandez wins,NO,22,70.0000,100.0000,2026-09-04T16:53:49Z,2026-09-04T17:59:20Z,settled,settled,0.3234,6.2766,40.7600
bot_hold,KXWTAMATCH-26SEP04PEGFER-FER,Leylah Fernandez wins,NO,22,70.0000,100.0000,2026-09-04T16:53:49Z,2026-09-04T17:59:20Z,settled,settled,0.3234,6.2766,40.7600
bot_lab4,KXITFMATCH-26SEP04DLINAG-NAG,Arthur Nagel wins,YES,40,40.0000,0.0000,2026-09-04T17:27:37Z,2026-09-04T18:07:28Z,settled,settled,0.6720,-16.6720,-104.2000
bot,KXATPMATCH-26SEP04BUBPAU-BUB,Alexander Bublik wins,NO,16,61.0000,35.0000,2026-09-04T06:17:03Z,2026-09-04T19:17:08Z,closed,exp9_stop_loss,0.5212,-4.6812,-47.9600
bot_lab,KXATPMATCH-26SEP04BUBPAU-BUB,Alexander Bublik wins,NO,43,58.0000,35.0000,2026-09-04T17:10:30Z,2026-09-04T19:17:08Z,closed,exp9_stop_loss,1.4180,-11.3080,-45.3400
bot_hold,KXWTAMATCH-26SEP04TOWSHN-TOW,Taylor Townsend wins,NO,36,60.0000,0.0000,2026-09-03T19:06:27Z,2026-09-04T19:37:59Z,settled,settled,0.6048,-22.2048,-102.8000
bot,KXWTAMATCH-26SEP04NAVMUC-MUC,Karolina Muchova wins,YES,39,64.0000,40.0000,2026-09-04T19:40:53Z,2026-09-04T19:57:23Z,closed,exp9_stop_loss,1.2842,-10.6442,-42.6500
bot_hold,KXATPMATCH-26SEP04BUBPAU-BUB,Alexander Bublik wins,NO,16,61.0000,100.0000,2026-09-04T06:17:05Z,2026-09-04T20:23:04Z,settled,settled,0.2664,5.9736,61.2000
bot,KXATPMATCH-26SEP04YIBALC-ALC,Carlos Alcaraz wins,YES,28,88.0000,100.0000,2026-09-03T04:10:54Z,2026-09-04T20:46:46Z,settled,settled,0.2070,3.1530,12.8000
bot_hold,KXATPMATCH-26SEP04YIBALC-ALC,Carlos Alcaraz wins,YES,28,88.0000,100.0000,2026-09-03T04:10:58Z,2026-09-04T20:46:46Z,settled,settled,0.2070,3.1530,12.8000
bot_lab,KXWTAMATCH-26SEP04NAVMUC-MUC,Karolina Muchova wins,YES,59,64.0000,8.0000,2026-09-04T19:40:54Z,2026-09-04T20:56:01Z,closed,exp9_model_shift,1.2556,-34.2956,-90.8300
bot_hold,KXWTAMATCH-26SEP04NAVMUC-MUC,Karolina Muchova wins,YES,39,64.0000,0.0000,2026-09-04T19:40:53Z,2026-09-04T21:02:26Z,settled,settled,0.6290,-25.5890,-102.5200
bot_lab,KXWTAMATCH-26SEP04ANNNOS-ANN,Ann Li wins,NO,51,67.0000,72.0000,2026-09-04T21:40:26Z,2026-09-04T21:42:24Z,closed,exp9b_take_profit,1.5090,1.0410,3.0500
bot,KXWTAMATCH-26SEP04ANNNOS-ANN,Ann Li wins,NO,34,67.0000,99.0000,2026-09-04T21:40:25Z,2026-09-04T22:21:37Z,closed,exp9_take_profit,0.5498,10.3302,45.3500
bot_hold,KXWTAMATCH-26SEP04ANNNOS-NOS,Linda Noskova wins,YES,19,71.0000,100.0000,2026-09-03T06:44:29Z,2026-09-04T22:25:01Z,settled,settled,0.2738,5.2362,38.8200
bot_lab2,KXATPMATCH-26SEP04MICMER-MER,Daniel Merida wins,YES,40,39.0000,60.0000,2026-09-03T00:20:33Z,2026-09-04T23:06:37Z,closed,exp9_model_shift,1.3381,7.0619,45.2700
bot_lab,KXATPMATCH-26SEP04LEHTSI-LEH,Jiri Lehecka wins,YES,74,51.0000,32.0000,2026-09-04T22:27:08Z,2026-09-04T23:17:47Z,closed,exp9_stop_loss,2.4217,-16.4817,-43.6700
bot,KXATPMATCH-26SEP04LEHTSI-LEH,Jiri Lehecka wins,YES,49,51.0000,29.0000,2026-09-04T22:27:06Z,2026-09-04T23:18:12Z,closed,exp9_stop_loss,1.5634,-12.3434,-49.3900
bot_hold,KXATPMATCH-26SEP04LEHTSI-LEH,Jiri Lehecka wins,YES,49,51.0000,0.0000,2026-09-04T22:27:08Z,2026-09-05T00:02:35Z,settled,settled,0.8572,-25.8472,-103.4300
bot_lab5,KXATPMATCH-26SEP04MICMER-MER,Daniel Merida wins,YES,40,39.0000,0.0000,2026-09-03T00:20:35Z,2026-09-05T00:51:55Z,settled,settled,0.6661,-16.2661,-104.2700
bot_lab3,KXATPMATCH-26SEP04MICMER-MER,Daniel Merida wins,YES,40,39.0000,0.0000,2026-09-03T00:20:34Z,2026-09-05T00:51:55Z,settled,settled,0.6661,-16.2661,-104.2700
bot,KXWTAMATCH-26SEP04SVIKAL-SVI,Elina Svitolina wins,YES,16,64.0000,39.0000,2026-09-05T03:01:12Z,2026-09-05T03:22:43Z,closed,exp9_stop_loss,0.5244,-4.5244,-44.1800
bot_hold,KXWTAMATCH-26SEP04SVIKAL-SVI,Elina Svitolina wins,YES,16,64.0000,0.0000,2026-09-05T03:01:13Z,2026-09-05T03:32:15Z,settled,settled,0.2580,-10.4980,-102.5200
bot_hold,KXATPMATCH-26SEP04SHESHA-SHE,Ben Shelton wins,YES,38,65.0000,100.0000,2026-09-05T03:01:12Z,2026-09-05T07:47:07Z,settled,settled,0.6051,12.6949,51.4000
bot,KXATPMATCH-26SEP04SHESHA-SHE,Ben Shelton wins,YES,38,65.0000,100.0000,2026-09-05T03:01:11Z,2026-09-05T07:48:02Z,settled,settled,0.6051,12.6949,51.4000
bot_lab,KXATPMATCH-26SEP04SHESHA-SHE,Ben Shelton wins,YES,58,65.0000,100.0000,2026-09-05T03:01:13Z,2026-09-05T07:48:02Z,settled,settled,0.9236,19.3764,51.4000
bot_lab4,KXITFMATCH-26SEP05FELDUH-FEL,Jake Fellows wins,YES,41,43.0000,73.0000,2026-09-05T09:06:54Z,2026-09-05T09:26:36Z,closed,exp9b_take_profit,1.2691,11.0309,62.5700
bot_lab4,KXITFMATCH-26SEP04COUKHO-COU,Joao Victor Couto Loureiro wins,YES,45,26.0000,99.0000,2026-09-04T16:37:24Z,2026-09-05T10:43:31Z,closed,exp9b_take_profit,0.6373,32.2127,275.3200
bot_lab4,KXITFMATCH-26SEP05RODVAN-ROD,Pedro Rodenas wins,NO,40,31.0000,87.0000,2026-09-04T23:16:35Z,2026-09-05T10:59:04Z,closed,exp9b_take_profit,0.9156,21.4844,173.2600
bot_lab4,KXITFMATCH-26SEP05ECHBER-BER,Robin Bertrand wins,YES,38,49.0000,66.0000,2026-09-05T01:57:26Z,2026-09-05T13:02:08Z,closed,exp9b_take_profit,1.2616,5.1984,27.9200
bot_lab4,KXITFMATCH-26SEP05HOULOG-HOU,Max Houkes wins,NO,47,25.0000,0.0000,2026-09-05T15:08:30Z,2026-09-05T15:16:21Z,settled,settled,0.6169,-12.3669,-105.2500
bot_lab4,KXITFMATCH-26SEP05BENDLI-DLI,Yassine Dlimi wins,YES,39,39.0000,0.0000,2026-09-05T15:55:50Z,2026-09-05T17:11:50Z,settled,settled,0.6495,-15.8595,-104.2700
bot,KXATPMATCH-26SEP05BLOCOB-BLO,Alexander Blockx wins,NO,15,50.0000,67.0000,2026-09-05T11:28:24Z,2026-09-05T17:22:30Z,closed,exp9_model_shift,0.4947,2.0553,27.4000
bot_lab2,KXWTAMATCH-26SEP05KEYZHE-ZHE,Qinwen Zheng wins,NO,38,47.0000,12.0000,2026-09-05T17:30:16Z,2026-09-05T17:31:19Z,closed,exp9_stop_loss,0.9435,-14.2435,-79.7500
bot_lab3,KXWTAMATCH-26SEP05KEYZHE-ZHE,Qinwen Zheng wins,NO,38,47.0000,0.0000,2026-09-05T17:30:17Z,2026-09-05T17:47:12Z,settled,settled,0.6626,-18.5226,-103.7100
bot_lab6,KXWTAMATCH-26SEP05KEYZHE-ZHE,Qinwen Zheng wins,NO,38,47.0000,0.0000,2026-09-05T17:30:19Z,2026-09-05T17:47:13Z,settled,settled,0.6626,-18.5226,-103.7100
bot_lab5,KXWTAMATCH-26SEP05KEYZHE-ZHE,Qinwen Zheng wins,NO,38,47.0000,0.0000,2026-09-05T17:30:18Z,2026-09-05T17:47:13Z,settled,settled,0.6626,-18.5226,-103.7100
bot_lab3,KXATPMATCH-26SEP05BLOCOB-COB,Flavio Cobolli wins,NO,37,31.0000,53.0000,2026-09-05T17:30:18Z,2026-09-05T18:38:50Z,closed,exp9b_take_profit,1.1992,6.9408,60.5100
bot_lab2,KXATPMATCH-26SEP05BLOCOB-COB,Flavio Cobolli wins,NO,37,31.0000,53.0000,2026-09-05T17:30:17Z,2026-09-05T18:38:50Z,closed,exp9b_take_profit,1.1992,6.9408,60.5100
bot_lab,KXATPMATCH-26SEP05FRICER-FRI,Taylor Fritz wins,YES,44,64.0000,65.0000,2026-09-05T18:33:40Z,2026-09-05T18:54:53Z,closed,exp9b_take_profit,1.4103,-0.9703,-3.4500
bot,KXATPMATCH-26SEP05FRICER-FRI,Taylor Fritz wins,YES,29,64.0000,38.0000,2026-09-05T18:33:37Z,2026-09-05T19:16:08Z,closed,exp9_stop_loss,0.9460,-8.4860,-45.7200
bot_hold,KXATPMATCH-26SEP05FRICER-FRI,Taylor Fritz wins,YES,29,64.0000,0.0000,2026-09-05T18:33:40Z,2026-09-05T19:26:53Z,settled,settled,0.4677,-19.0277,-102.5200
bot_hold,KXATPMATCH-26SEP05BLOCOB-BLO,Alexander Blockx wins,NO,15,50.0000,0.0000,2026-09-05T11:28:25Z,2026-09-05T20:02:18Z,settled,settled,0.2625,-7.7625,-103.5000
bot_lab5,KXATPMATCH-26SEP05BLOCOB-COB,Flavio Cobolli wins,NO,37,31.0000,100.0000,2026-09-05T17:30:19Z,2026-09-05T20:02:18Z,settled,settled,0.5540,24.9760,217.7500
bot_lab6,KXATPMATCH-26SEP05BLOCOB-COB,Flavio Cobolli wins,NO,37,31.0000,100.0000,2026-09-05T17:30:19Z,2026-09-05T20:02:18Z,settled,settled,0.5540,24.9760,217.7500
bot_hold,KXWTAMATCH-26SEP05BUCGAU-GAU,Coco Gauff wins,YES,29,86.0000,100.0000,2026-09-05T20:08:57Z,2026-09-05T21:22:03Z,settled,settled,0.2444,3.8156,15.3000
bot,KXWTAMATCH-26SEP05BUCGAU-GAU,Coco Gauff wins,YES,29,86.0000,100.0000,2026-09-05T20:08:56Z,2026-09-05T21:22:03Z,settled,settled,0.2444,3.8156,15.3000
bot_lab2,KXATPMATCH-26SEP05BERVAN-BER,Zizou Bergs wins,YES,35,38.0000,67.0000,2026-09-04T06:17:05Z,2026-09-06T00:08:36Z,closed,exp9b_take_profit,1.1189,9.0311,67.9000
bot_lab3,KXATPMATCH-26SEP05BERVAN-BER,Zizou Bergs wins,YES,35,38.0000,67.0000,2026-09-04T06:17:06Z,2026-09-06T00:08:36Z,closed,exp9b_take_profit,1.1189,9.0311,67.9000
bot,KXWTAMATCH-26SEP04OSAMER-OSA,Naomi Osaka wins,YES,50,50.0000,29.0000,2026-09-06T00:55:32Z,2026-09-06T01:04:49Z,closed,exp9_stop_loss,1.5957,-12.0957,-48.3800
bot_lab,KXWTAMATCH-26SEP04OSAMER-OSA,Naomi Osaka wins,YES,75,50.0000,29.0000,2026-09-06T00:55:33Z,2026-09-06T01:04:49Z,closed,exp9_stop_loss,2.3935,-18.1435,-48.3800
bot_lab2,KXWTAMATCH-26SEP05JOVEAL-JOV,Iva Jovic wins,YES,50,29.0000,13.0000,2026-09-06T01:27:36Z,2026-09-06T01:51:37Z,closed,exp9_stop_loss,1.1166,-9.1166,-62.8700
bot_hold,KXWTAMATCH-26SEP04OSAMER-OSA,Naomi Osaka wins,YES,50,50.0000,100.0000,2026-09-06T00:55:33Z,2026-09-06T01:56:29Z,settled,settled,0.8750,24.1250,96.5000
bot,KXWTAMATCH-26SEP05JOVEAL-JOV,Iva Jovic wins,NO,14,51.0000,31.0000,2026-09-06T01:43:34Z,2026-09-06T02:05:34Z,closed,exp9_stop_loss,0.4545,-3.2545,-45.5800
bot_lab5,KXATPMATCH-26SEP05BERVAN-BER,Zizou Bergs wins,YES,35,38.0000,0.0000,2026-09-04T06:17:07Z,2026-09-06T02:16:09Z,settled,settled,0.5772,-13.8772,-104.3400
bot_lab6,KXATPMATCH-26SEP05BERVAN-BER,Zizou Bergs wins,YES,35,38.0000,0.0000,2026-09-04T06:17:07Z,2026-09-06T02:16:10Z,settled,settled,0.5772,-13.8772,-104.3400
bot_lab3,KXWTAMATCH-26SEP05JOVEAL-JOV,Iva Jovic wins,YES,50,29.0000,99.0000,2026-09-06T01:27:37Z,2026-09-06T02:19:48Z,closed,exp9b_take_profit,0.7554,34.2446,236.1700
bot_lab6,KXWTAMATCH-26SEP05JOVEAL-JOV,Iva Jovic wins,YES,50,29.0000,100.0000,2026-09-06T01:27:37Z,2026-09-06T02:26:22Z,settled,settled,0.7207,34.7793,239.8600
bot_lab5,KXWTAMATCH-26SEP05JOVEAL-JOV,Iva Jovic wins,YES,50,29.0000,100.0000,2026-09-06T01:27:37Z,2026-09-06T02:26:22Z,settled,settled,0.7207,34.7793,239.8600
bot_hold,KXWTAMATCH-26SEP05JOVEAL-JOV,Iva Jovic wins,NO,14,51.0000,0.0000,2026-09-06T01:43:34Z,2026-09-06T02:26:22Z,settled,settled,0.2449,-7.3849,-103.4300
bot,KXATPMATCH-26SEP05MENTIE-TIE,Learner Tien wins,YES,40,62.0000,36.0000,2026-09-06T03:02:38Z,2026-09-06T03:36:51Z,closed,exp9_stop_loss,1.3048,-11.7048,-47.2000
bot_lab,KXATPMATCH-26SEP05MENTIE-TIE,Learner Tien wins,YES,60,62.0000,13.0000,2026-09-06T03:02:39Z,2026-09-06T04:21:27Z,closed,exp9_model_shift,1.4645,-30.8645,-82.9700
bot_hold,KXATPMATCH-26SEP05ZVETAB-ZVE,Alexander Zverev wins,YES,30,82.0000,100.0000,2026-09-04T07:06:41Z,2026-09-06T05:17:16Z,settled,settled,0.3100,5.0900,20.6900
bot_lab4,KXITFMATCH-26SEP05BOUWEB-BOU,Moerani Bouzige wins,YES,43,37.0000,0.0000,2026-09-06T03:18:35Z,2026-09-06T05:17:18Z,settled,settled,0.7016,-16.6116,-104.4100
bot,KXATPMATCH-26SEP05ZVETAB-ZVE,Alexander Zverev wins,YES,30,82.0000,100.0000,2026-09-04T07:06:40Z,2026-09-06T05:17:18Z,settled,settled,0.3100,5.0900,20.6900
bot_hold,KXATPMATCH-26SEP05MENTIE-TIE,Learner Tien wins,YES,40,62.0000,100.0000,2026-09-06T03:02:38Z,2026-09-06T05:41:50Z,settled,settled,0.6597,14.5403,58.6300
bot_lab4,KXITFMATCH-26SEP06BERPER-PER,Raphael Perot wins,NO,42,28.0000,0.0000,2026-09-06T13:10:25Z,2026-09-06T15:12:09Z,settled,settled,0.5927,-12.3527,-105.0400
bot_lab4,KXITFMATCH-26SEP06JAVDUH-JAV,Dev Javia wins,YES,41,41.0000,61.0000,2026-09-06T15:02:47Z,2026-09-06T15:41:36Z,closed,exp9b_take_profit,1.3771,6.8229,40.5900
bot_lab4,KXITFMATCH-26SEP06HOUBEN-HOU,Max Houkes wins,NO,39,30.0000,72.0000,2026-09-06T13:26:13Z,2026-09-06T15:42:12Z,closed,exp9b_take_profit,1.1237,15.2563,130.4000
bot_lab5,KXATPMATCH-26SEP06MICETC-MIC,Alex Michelsen wins,NO,49,27.0000,0.0000,2026-09-05T09:22:36Z,2026-09-07T00:44:03Z,settled,settled,0.6761,-13.9061,-105.1100
bot_lab6,KXATPMATCH-26SEP06MICETC-MIC,Alex Michelsen wins,NO,49,27.0000,0.0000,2026-09-05T09:22:37Z,2026-09-07T00:44:03Z,settled,settled,0.6761,-13.9061,-105.1100
bot_lab2,KXATPMATCH-26SEP06MICETC-MIC,Alex Michelsen wins,NO,49,27.0000,0.0000,2026-09-05T09:22:35Z,2026-09-07T00:44:03Z,settled,settled,0.6761,-13.9061,-105.1100
bot_lab3,KXATPMATCH-26SEP06MICETC-MIC,Alex Michelsen wins,NO,49,27.0000,0.0000,2026-09-05T09:22:36Z,2026-09-07T00:44:03Z,settled,settled,0.6761,-13.9061,-105.1100
bot_lab,KXWTAMATCH-26SEP06KALNAV-NAV,Emma Navarro wins,NO,39,50.0000,32.0000,2026-09-05T07:48:29Z,2026-09-07T02:08:30Z,closed,exp9_stop_loss,1.2765,-8.2965,-42.5500
bot,KXWTAMATCH-26SEP06KALNAV-NAV,Emma Navarro wins,NO,26,50.0000,26.0000,2026-09-05T07:48:28Z,2026-09-07T02:08:51Z,closed,exp9_stop_loss,0.8052,-7.0452,-54.1900
bot_lab2,KXWTAMATCH-26SEP06KALNAV-KAL,Anna Kalinskaya wins,YES,36,43.0000,28.0000,2026-09-07T01:49:39Z,2026-09-07T02:20:37Z,closed,exp9_model_shift,1.1257,-6.5257,-42.1600
bot_lab3,KXWTAMATCH-26SEP06KALNAV-KAL,Anna Kalinskaya wins,YES,36,43.0000,0.0000,2026-09-07T01:49:39Z,2026-09-07T03:02:06Z,settled,settled,0.6177,-16.0977,-103.9900
bot_hold,KXWTAMATCH-26SEP06KALNAV-NAV,Emma Navarro wins,NO,26,50.0000,0.0000,2026-09-05T07:48:29Z,2026-09-07T03:02:44Z,settled,settled,0.4550,-13.4550,-103.5000
bot_lab6,KXWTAMATCH-26SEP06KALNAV-KAL,Anna Kalinskaya wins,YES,36,43.0000,0.0000,2026-09-07T01:49:40Z,2026-09-07T03:02:44Z,settled,settled,0.6177,-16.0977,-103.9900
bot_lab5,KXWTAMATCH-26SEP06KALNAV-KAL,Anna Kalinskaya wins,YES,36,43.0000,0.0000,2026-09-07T01:49:40Z,2026-09-07T03:02:44Z,settled,settled,0.6177,-16.0977,-103.9900
bot_lab4,KXITFMATCH-26SEP06BEAVIS-VIS,Azuma Visaya wins,YES,42,41.0000,63.0000,2026-09-07T05:33:07Z,2026-09-07T06:08:06Z,closed,exp9b_take_profit,1.3965,7.8435,45.5500
bot_lab4,KXITFMATCH-26SEP07VISVAV-VAV,Matteo Vavassori wins,NO,46,26.0000,0.0000,2026-09-07T06:51:48Z,2026-09-07T08:11:57Z,settled,settled,0.6195,-12.5795,-105.1800
bot_lab4,KXITFMATCH-26SEP07PETTHE-THE,Paul Theate wins,NO,46,27.0000,0.0000,2026-09-07T07:39:01Z,2026-09-07T08:52:18Z,settled,settled,0.6347,-13.0547,-105.1100
bot_lab4,KXITFMATCH-26SEP07CLENAM-NAM,Loic Namigandet Tenguere wins,NO,35,35.0000,0.0000,2026-09-07T12:24:17Z,2026-09-07T13:12:12Z,settled,settled,0.5574,-12.8074,-104.5500
bot_lab4,KXITFMATCH-26SEP07GALTRO-GAL,Evan Galea wins,YES,39,42.0000,100.0000,2026-09-07T12:40:25Z,2026-09-07T13:32:18Z,settled,settled,0.6650,21.9550,134.0400
bot,KXWTAMATCH-26SEP06ANDPOT-POT,Anastasia Potapova wins,NO,24,77.0000,47.0000,2026-09-07T15:19:22Z,2026-09-07T16:00:27Z,closed,exp9_stop_loss,0.7160,-7.9160,-42.8400
bot,KXWTAMATCH-26SEP06SWIZHE-SWI,Iga Swiatek wins,YES,29,72.0000,44.0000,2026-09-07T16:38:59Z,2026-09-07T16:42:59Z,closed,exp9_stop_loss,0.9094,-9.0294,-43.2400
bot_lab,KXWTAMATCH-26SEP06ANDPOT-POT,Anastasia Potapova wins,NO,51,74.0000,78.0000,2026-09-07T16:55:18Z,2026-09-07T16:56:46Z,closed,exp9b_take_profit,1.2995,0.7405,1.9600
bot_hold,KXWTAMATCH-26SEP06ANDPOT-POT,Anastasia Potapova wins,NO,24,77.0000,100.0000,2026-09-07T15:19:23Z,2026-09-07T17:41:58Z,settled,settled,0.2975,5.2225,28.2600
bot_hold,KXWTAMATCH-26SEP06SWIZHE-SWI,Iga Swiatek wins,YES,29,72.0000,0.0000,2026-09-07T16:39:00Z,2026-09-07T17:43:02Z,settled,settled,0.4092,-21.2892,-101.9600
bot_lab,KXATPMATCH-26SEP07KHATIE-TIE,Learner Tien wins,YES,60,63.0000,76.0000,2026-09-06T06:31:37Z,2026-09-07T22:02:43Z,closed,exp9b_take_profit,1.7451,6.0549,16.0200
bot,KXATPMATCH-26SEP07KHATIE-TIE,Learner Tien wins,YES,40,63.0000,60.0000,2026-09-06T06:31:36Z,2026-09-07T22:20:22Z,closed,exp9_model_shift,1.3247,-2.5247,-10.0200
bot_lab,KXWTAMATCH-26SEP07JOVGAU-GAU,Coco Gauff wins,YES,55,68.0000,87.0000,2026-09-06T03:18:34Z,2026-09-07T23:42:09Z,closed,exp9b_take_profit,1.2732,9.1768,24.5400
bot,KXWTAMATCH-26SEP07JOVGAU-GAU,Coco Gauff wins,YES,37,68.0000,96.0000,2026-09-06T03:18:33Z,2026-09-08T00:28:48Z,closed,exp9_take_profit,0.6631,9.6969,38.5400
bot_chalk,KXWTAMATCH-26SEP07JOVGAU-JOV,Iva Jovic wins,NO,35,70.0000,97.0000,2026-09-06T03:18:34Z,2026-09-08T00:43:56Z,closed,exp9_take_profit,0.5858,8.8642,36.1800
bot_hold,KXWTAMATCH-26SEP07JOVGAU-GAU,Coco Gauff wins,YES,37,68.0000,100.0000,2026-09-06T03:18:33Z,2026-09-08T00:56:25Z,settled,settled,0.5636,11.2764,44.8200
bot_hold,KXATPMATCH-26SEP07KHATIE-TIE,Learner Tien wins,YES,40,63.0000,0.0000,2026-09-06T06:31:37Z,2026-09-08T01:41:57Z,settled,settled,0.6527,-25.8527,-102.5900
bot_lab4,KXITFMATCH-26SEP08KUPKIS-KIS,Botond Kisantal wins,YES,41,38.0000,0.0000,2026-09-08T09:33:38Z,2026-09-08T10:07:50Z,settled,settled,0.6762,-16.2562,-104.3400
bot_lab4,KXITFMATCH-26SEP08RENMUR-MUR,Matteo Mura wins,YES,41,39.0000,0.0000,2026-09-08T11:57:53Z,2026-09-08T12:33:43Z,settled,settled,0.6828,-16.6728,-104.2700
bot_lab4,KXITFMATCH-26SEP08TAMOST-TAM,Mariano Tammaro wins,NO,39,30.0000,0.0000,2026-09-08T12:46:03Z,2026-09-08T13:53:07Z,settled,settled,0.5733,-12.2733,-104.9000
bot_lab2,KXWTAMATCH-26SEP08SABNOS-SAB,Aryna Sabalenka wins,NO,38,28.0000,14.0000,2026-09-08T15:10:13Z,2026-09-08T15:47:19Z,closed,exp9_stop_loss,0.8566,-6.1766,-58.0500
bot_lab3,KXWTAMATCH-26SEP08SABNOS-SAB,Aryna Sabalenka wins,NO,38,28.0000,70.0000,2026-09-08T15:10:14Z,2026-09-08T17:33:01Z,closed,exp9b_take_profit,1.0949,14.8651,139.7100
bot_lab6,KXWTAMATCH-26SEP08SABNOS-SAB,Aryna Sabalenka wins,NO,38,28.0000,0.0000,2026-09-08T15:10:15Z,2026-09-08T18:20:46Z,settled,settled,0.5363,-11.1763,-105.0400
bot_lab5,KXWTAMATCH-26SEP08SABNOS-SAB,Aryna Sabalenka wins,NO,38,28.0000,0.0000,2026-09-08T15:10:14Z,2026-09-08T18:20:47Z,settled,settled,0.5363,-11.1763,-105.0400
bot_lab4,KXITFMATCH-26SEP08GARBEC-GAR,Nicolas Garcia Longo wins,NO,36,33.0000,0.0000,2026-09-08T18:19:38Z,2026-09-08T18:43:57Z,settled,settled,0.5572,-12.4372,-104.6900
bot_lab,KXWTAMATCH-26SEP08PEGNAV-PEG,Jessica Pegula wins,YES,59,64.0000,68.0000,2026-09-09T01:20:15Z,2026-09-09T01:30:39Z,closed,exp9b_take_profit,1.8503,0.5097,1.3500
bot,KXWTAMATCH-26SEP08PEGNAV-PEG,Jessica Pegula wins,YES,39,64.0000,37.0000,2026-09-09T01:20:13Z,2026-09-09T01:46:08Z,closed,exp9_stop_loss,1.2654,-11.7954,-47.2600
bot_hold,KXWTAMATCH-26SEP08PEGNAV-PEG,Jessica Pegula wins,YES,39,64.0000,100.0000,2026-09-09T01:20:14Z,2026-09-09T02:45:39Z,settled,settled,0.6290,13.4110,53.7300
bot_lab4,KXITFMATCH-26SEP08TAGVIS-VIS,Azuma Visaya wins,NO,32,40.0000,0.0000,2026-09-09T03:24:55Z,2026-09-09T04:04:44Z,settled,settled,0.5376,-13.3376,-104.2000
bot_lab4,KXITFMATCH-26SEP08DORTAL-TAL,Zaharije-Zak Talic wins,YES,49,30.0000,0.0000,2026-09-09T02:53:38Z,2026-09-09T04:19:42Z,settled,settled,0.7203,-15.4203,-104.9000
bot_lab4,KXITFMATCH-26SEP08CATOGU-CAT,Robin Catry wins,YES,33,46.0000,0.0000,2026-09-09T03:24:55Z,2026-09-09T04:54:40Z,settled,settled,0.5738,-15.7538,-103.7800
bot,KXATPMATCH-26SEP08SHEALC-SHE,Ben Shelton wins,NO,36,70.0000,40.0000,2026-09-09T03:24:54Z,2026-09-09T05:08:32Z,closed,exp9_stop_loss,1.1340,-11.9340,-47.3600
bot_lab,KXATPMATCH-26SEP08SHEALC-SHE,Ben Shelton wins,NO,54,70.0000,74.0000,2026-09-09T03:24:55Z,2026-09-09T06:36:20Z,closed,exp9b_take_profit,1.5211,0.6389,1.6900
bot_lab4,KXITFMATCH-26SEP08TAKROD-TAK,Yua Taka wins,YES,50,28.0000,0.0000,2026-09-09T02:53:39Z,2026-09-09T06:53:41Z,settled,settled,0.7056,-14.7056,-105.0400
bot_hold,KXATPMATCH-26SEP08SHEALC-SHE,Ben Shelton wins,NO,36,70.0000,0.0000,2026-09-09T03:24:54Z,2026-09-09T07:36:34Z,settled,settled,0.5292,-25.7292,-102.1000
bot_lab4,KXITFMATCH-26SEP09GREKAR-GRE,Ivan Gretskiy wins,YES,36,33.0000,70.0000,2026-09-09T06:18:35Z,2026-09-09T07:58:53Z,closed,exp9b_take_profit,1.0864,12.2336,102.9800
bot_lab4,KXITFMATCH-26SEP09SHEKUK-SHE,Grigory Shebekin wins,YES,40,46.0000,100.0000,2026-09-09T06:18:34Z,2026-09-09T16:01:29Z,settled,settled,0.6955,20.9045,113.6100
bot_lab4,KXITFMATCH-26SEP09DHOVAN-VAN,Kris van Wyk wins,NO,33,43.0000,0.0000,2026-09-09T09:11:23Z,2026-09-09T16:01:30Z,settled,settled,0.5662,-14.7562,-103.9900
bot_lab,KXWTAMATCH-26SEP08ZHERYB-ZHE,Qinwen Zheng wins,NO,44,65.0000,66.0000,2026-09-09T16:52:27Z,2026-09-09T17:00:51Z,closed,exp9b_take_profit,1.3919,-0.9519,-3.3300
bot,KXWTAMATCH-26SEP08ZHERYB-ZHE,Qinwen Zheng wins,NO,30,65.0000,62.0000,2026-09-09T16:52:26Z,2026-09-09T17:22:15Z,closed,exp9_model_shift,0.9726,-1.8726,-9.6000
bot_hold,KXWTAMATCH-26SEP08ZHERYB-ZHE,Qinwen Zheng wins,NO,30,65.0000,100.0000,2026-09-09T16:52:27Z,2026-09-09T18:02:16Z,settled,settled,0.4778,10.0222,51.4000
bot_lab2,KXATPMATCH-26SEP09KHABLO-KHA,Karen Khachanov wins,NO,39,47.0000,23.0000,2026-09-08T03:09:52Z,2026-09-09T21:27:23Z,closed,exp9_stop_loss,1.1635,-10.5235,-57.4100
bot_lab5,KXATPMATCH-26SEP09KHABLO-KHA,Karen Khachanov wins,NO,39,47.0000,0.0000,2026-09-08T03:09:53Z,2026-09-09T22:49:00Z,settled,settled,0.6800,-19.0100,-103.7100
bot_lab6,KXATPMATCH-26SEP09KHABLO-KHA,Karen Khachanov wins,NO,39,47.0000,0.0000,2026-09-08T03:09:54Z,2026-09-09T22:49:00Z,settled,settled,0.6800,-19.0100,-103.7100
bot_lab3,KXATPMATCH-26SEP09KHABLO-KHA,Karen Khachanov wins,NO,39,47.0000,0.0000,2026-09-08T03:09:53Z,2026-09-09T22:49:01Z,settled,settled,0.6800,-19.0100,-103.7100
bot_lab4,KXITFMATCH-26SEP09MOCFER-FER,Chase Ferguson wins,NO,39,30.0000,0.0000,2026-09-10T02:35:53Z,2026-09-10T03:47:52Z,settled,settled,0.5733,-12.2733,-104.9000
bot_lab4,KXITFMATCH-26SEP09VANSUK-VAN,James Van Herzeele wins,YES,41,41.0000,0.0000,2026-09-10T04:54:30Z,2026-09-10T05:42:56Z,settled,settled,0.6943,-17.5043,-104.1300
bot_lab4,KXITFMATCH-26SEP10TIUFER-FER,Lorenzo Ferri wins,YES,43,33.0000,0.0000,2026-09-10T07:17:59Z,2026-09-10T09:02:51Z,settled,settled,0.6656,-14.8556,-104.6900
bot_lab4,KXITFMATCH-26SEP10BERGRE-GRE,Ivan Gretskiy wins,YES,45,25.0000,0.0000,2026-09-10T06:30:02Z,2026-09-10T09:08:31Z,settled,settled,0.5907,-11.8407,-105.2500
bot_lab4,KXITFMATCH-26SEP10EICPIZ-PIZ,Massimo Pizzigoni wins,YES,41,35.0000,0.0000,2026-09-10T09:37:09Z,2026-09-10T10:32:36Z,settled,settled,0.6530,-15.0030,-104.5500
bot_lab4,KXITFMATCH-26SEP10DUHFUN-DUH,Chirag Duhan wins,YES,36,41.0000,0.0000,2026-09-10T06:45:45Z,2026-09-10T11:22:40Z,settled,settled,0.6096,-15.3696,-104.1300
bot_lab4,KXITFMATCH-26SEP10DEFCAR-CAR,Matthew Carroll wins,NO,39,48.0000,0.0000,2026-09-10T11:39:16Z,2026-09-10T12:32:32Z,settled,settled,0.6815,-19.4015,-103.6400
bot_lab4,KXITFMATCH-26SEP09NOATOS-NOA,Kaue Noatto wins,YES,42,34.0000,0.0000,2026-09-10T07:01:40Z,2026-09-10T13:56:36Z,settled,settled,0.6598,-14.9398,-104.6200
bot_lab4,KXITFMATCH-26SEP10CATMAZ-MAZ,Filippo Mazzola wins,NO,31,45.0000,0.0000,2026-09-10T10:53:26Z,2026-09-10T14:06:32Z,settled,settled,0.5371,-14.4871,-103.8500
bot_lab4,KXITFMATCH-26SEP09SCHWEN-WEN,Jefferson Wendler Filho wins,YES,45,29.0000,0.0000,2026-09-10T15:43:34Z,2026-09-10T17:12:23Z,settled,settled,0.6486,-13.6986,-104.9700
bot_lab4,KXITFMATCH-26SEP09BINLAG-BIN,Victor Bini wins,YES,33,35.0000,0.0000,2026-09-10T05:10:21Z,2026-09-10T19:22:09Z,settled,settled,0.5256,-12.0756,-104.5500
bot_lab2,KXWTAMATCH-26SEP10GAURYB-RYB,Elena Rybakina wins,NO,39,41.0000,7.0000,2026-09-11T02:37:20Z,2026-09-11T03:00:38Z,closed,exp9_stop_loss,0.8382,-14.0982,-88.1700
bot_lab5,KXWTAMATCH-26SEP10GAURYB-RYB,Elena Rybakina wins,NO,39,41.0000,0.0000,2026-09-11T02:37:21Z,2026-09-11T03:10:17Z,settled,settled,0.6604,-16.6504,-104.1300
bot_lab3,KXWTAMATCH-26SEP10GAURYB-RYB,Elena Rybakina wins,NO,39,41.0000,0.0000,2026-09-11T02:37:21Z,2026-09-11T03:10:17Z,settled,settled,0.6604,-16.6504,-104.1300
bot_lab6,KXWTAMATCH-26SEP10GAURYB-RYB,Elena Rybakina wins,NO,39,41.0000,0.0000,2026-09-11T02:37:22Z,2026-09-11T03:10:17Z,settled,settled,0.6604,-16.6504,-104.1300
bot_lab4,KXITFMATCH-26SEP10DECKES-DEC,Julien De Cuyper wins,YES,32,34.0000,51.0000,2026-09-10T23:19:56Z,2026-09-11T03:25:32Z,closed,exp9b_take_profit,1.0625,4.3775,40.2300
bot_lab7,KXITFMATCH-26SEP10BARBEC-BAR,Nathan Anthony Barki wins,NO,15,68.0000,0.0000,2026-09-10T20:33:17Z,2026-09-11T05:37:10Z,settled,settled,0.2285,-10.4285,-102.2400
bot_lab7,KXITFMATCH-26SEP11MONPLE-PLE,Egor Pleshivtsev wins,NO,19,54.0000,100.0000,2026-09-11T06:43:57Z,2026-09-11T09:17:05Z,settled,settled,0.3304,8.4096,81.9600
bot_lab4,KXITFMATCH-26SEP11ANTROC-ROC,Francisco Rocha wins,YES,38,26.0000,0.0000,2026-09-10T23:35:05Z,2026-09-11T10:56:45Z,settled,settled,0.5118,-10.3918,-105.1800
bot_lab4,KXITFMATCH-26SEP11CACTAB-TAB,Fausto Tabacco wins,YES,45,35.0000,70.0000,2026-09-11T09:32:49Z,2026-09-11T11:33:53Z,closed,exp9b_take_profit,1.3782,14.3718,91.2500
bot_lab7,KXITFMATCH-26SEP11KAOZAH-ZAH,Patrick Zahraj wins,YES,18,55.0000,100.0000,2026-09-11T07:14:14Z,2026-09-11T12:57:08Z,settled,settled,0.3119,7.7881,78.6700
bot_lab4,KXITFMATCH-26SEP11SAKROS-SAK,Dimitris Sakellaridis wins,YES,34,37.0000,0.0000,2026-09-11T10:49:42Z,2026-09-11T14:46:56Z,settled,settled,0.5548,-13.1348,-104.4100
bot_lab4,KXITFMATCH-26SEP11XILLOG-XIL,Ioannis Xilas wins,NO,34,42.0000,0.0000,2026-09-11T18:49:24Z,2026-09-11T19:31:53Z,settled,settled,0.5798,-14.8598,-104.0600
bot_lab4,KXITFMATCH-26SEP11DICGON-GON,Joao Vitor Goncalves Ceolin wins,YES,39,30.0000,48.0000,2026-09-11T19:04:42Z,2026-09-11T20:12:58Z,closed,exp9b_take_profit,1.2548,5.7652,49.2800
bot_lab4,KXITFMATCH-26SEP11SCHPAG-PAG,Victor Pagotto wins,NO,43,25.0000,0.0000,2026-09-11T23:11:24Z,2026-09-12T00:52:04Z,settled,settled,0.5644,-11.3144,-105.2500
bot,KXATPMATCH-26SEP11TIASHE-TIA,Frances Tiafoe wins,NO,38,51.0000,72.0000,2026-09-12T00:28:43Z,2026-09-12T01:00:05Z,closed,exp9_take_profit,1.2011,6.7789,34.9800
bot_lab4,KXITFMATCH-26SEP11GONTOS-TOS,Rafael Tosetto wins,NO,47,29.0000,0.0000,2026-09-12T00:59:27Z,2026-09-12T01:52:10Z,settled,settled,0.6775,-14.3075,-104.9700
bot_hold,KXATPMATCH-26SEP11TIASHE-TIA,Frances Tiafoe wins,NO,38,51.0000,100.0000,2026-09-12T00:28:44Z,2026-09-12T03:04:20Z,settled,settled,0.6648,17.9552,92.6500
bot_lab,KXATPMATCH-26SEP11TIASHE-TIA,Frances Tiafoe wins,NO,57,51.0000,100.0000,2026-09-12T00:28:44Z,2026-09-12T03:04:20Z,settled,settled,0.9972,26.9328,92.6500
bot_lab4,KXITFMATCH-26SEP11CHASOR-SOR,Pawit Sornlaksup wins,YES,46,25.0000,0.0000,2026-09-12T03:18:06Z,2026-09-12T04:47:06Z,settled,settled,0.6038,-12.1038,-105.2500
bot_lab4,KXITFMATCH-26SEP11ZHAKIM-ZHA,Zhao Zhao wins,NO,32,48.0000,0.0000,2026-09-12T02:31:50Z,2026-09-12T05:32:18Z,settled,settled,0.5592,-15.9192,-103.6400
bot_lab4,KXITFMATCH-26SEP11DECMAL-MAL,Markus Malaszszak wins,NO,54,26.0000,0.0000,2026-09-11T13:38:17Z,2026-09-12T05:46:16Z,settled,settled,0.7273,-14.7673,-105.1800
bot_lab4,KXITFMATCH-26SEP12NAWBRO-BRO,Oscar Brown wins,YES,51,28.0000,68.0000,2026-09-12T08:58:51Z,2026-09-12T09:38:43Z,closed,exp9b_take_profit,1.4967,18.9033,132.3800
bot_lab4,KXITFMATCH-26SEP12MARTAB-TAB,Fausto Tabacco wins,NO,36,42.0000,70.0000,2026-09-12T09:30:00Z,2026-09-12T10:58:02Z,closed,exp9b_take_profit,1.1431,8.9369,59.1100
bot_lab4,KXITFMATCH-26SEP11KUPBAR-BAR,Tobia Costanzo Baragiola Mordini wins,YES,47,31.0000,0.0000,2026-09-11T13:07:43Z,2026-09-12T11:42:08Z,settled,settled,0.7038,-15.2738,-104.8300
bot_lab4,KXITFMATCH-26SEP12MCHROS-MCH,Aidan Mchugh wins,YES,41,37.0000,0.0000,2026-09-12T11:02:31Z,2026-09-12T12:56:03Z,settled,settled,0.6690,-15.8390,-104.4100
bot_lab7,KXITFMATCH-26SEP12SCHANT-SCH,Patrick Schoen wins,YES,18,55.0000,100.0000,2026-09-12T12:04:52Z,2026-09-12T14:46:33Z,settled,settled,0.3119,7.7881,78.6700
bot_lab2,KXWTAMATCH-26SEP12YOUFUL-YOU,Xiaodi You wins,NO,55,25.0000,12.0000,2026-09-12T01:14:57Z,2026-09-12T18:21:46Z,closed,exp9_stop_loss,1.1285,-8.2785,-60.2100
bot,KXWTAMATCH-26SEP12MONGAR-GAR,Julia Garcia wins,NO,49,51.0000,50.0000,2026-09-12T18:45:59Z,2026-09-12T18:46:13Z,closed,exp9_model_shift,1.7147,-2.2047,-8.8200
bot,KXWTAMATCH-26SEP12LEAZAV-ZAV,Katarina Zavatska wins,YES,16,56.0000,35.0000,2026-09-12T12:50:47Z,2026-09-12T19:43:00Z,closed,exp9_stop_loss,0.5308,-3.8908,-43.4200
bot_lab,KXWTAMATCH-26SEP12MONGAR-GAR,Julia Garcia wins,NO,74,51.0000,100.0000,2026-09-12T18:46:00Z,2026-09-12T20:16:27Z,settled,settled,1.2945,34.9655,92.6500
bot_hold,KXWTAMATCH-26SEP12MONGAR-GAR,Julia Garcia wins,NO,49,51.0000,100.0000,2026-09-12T18:45:59Z,2026-09-12T20:16:28Z,settled,settled,0.8572,23.1528,92.6500
bot_hold,KXWTAMATCH-26SEP12LEAZAV-ZAV,Katarina Zavatska wins,YES,16,56.0000,0.0000,2026-09-12T12:50:48Z,2026-09-12T20:51:46Z,settled,settled,0.2760,-9.2360,-103.0800
bot_lab3,KXWTAMATCH-26SEP12YOUFUL-YOU,Xiaodi You wins,NO,55,25.0000,0.0000,2026-09-12T01:14:58Z,2026-09-12T21:06:22Z,settled,settled,0.7219,-14.4719,-105.2500
bot_lab6,KXWTAMATCH-26SEP12YOUFUL-YOU,Xiaodi You wins,NO,55,25.0000,0.0000,2026-09-12T01:14:58Z,2026-09-12T21:06:22Z,settled,settled,0.7219,-14.4719,-105.2500
bot_lab5,KXWTAMATCH-26SEP12YOUFUL-YOU,Xiaodi You wins,NO,55,25.0000,0.0000,2026-09-12T01:14:58Z,2026-09-12T21:06:22Z,settled,settled,0.7219,-14.4719,-105.2500
bot_lab2,KXWTAMATCH-26SEP12SHYSAN-SAN,Ana Sofia Sanchez wins,YES,41,27.0000,13.0000,2026-09-12T20:18:10Z,2026-09-12T21:10:08Z,closed,exp9_stop_loss,0.8903,-6.6303,-59.8900
bot_lab3,KXWTAMATCH-26SEP12SHYSAN-SAN,Ana Sofia Sanchez wins,YES,41,27.0000,0.0000,2026-09-12T20:18:10Z,2026-09-12T21:42:16Z,settled,settled,0.5657,-11.6357,-105.1100
bot_lab5,KXWTAMATCH-26SEP12SHYSAN-SAN,Ana Sofia Sanchez wins,YES,41,27.0000,0.0000,2026-09-12T20:18:11Z,2026-09-12T21:42:16Z,settled,settled,0.5657,-11.6357,-105.1100
bot_lab6,KXWTAMATCH-26SEP12SHYSAN-SAN,Ana Sofia Sanchez wins,YES,41,27.0000,0.0000,2026-09-12T20:18:11Z,2026-09-12T21:42:16Z,settled,settled,0.5657,-11.6357,-105.1100
bot_lab2,KXWTAMATCH-26SEP12PAQCAP-CAP,Martina Capurro Taborda wins,YES,40,40.0000,20.0000,2026-09-12T14:22:33Z,2026-09-12T21:50:14Z,closed,exp9_stop_loss,1.1200,-9.1200,-57.0000
bot_lab2,KXWTAMATCH-26SEP12SABRYB-SAB,Aryna Sabalenka wins,YES,33,43.0000,21.0000,2026-09-12T22:06:38Z,2026-09-12T22:19:45Z,closed,exp9_stop_loss,0.9495,-8.2095,-57.8500
bot_lab5,KXWTAMATCH-26SEP12SABRYB-SAB,Aryna Sabalenka wins,YES,33,43.0000,0.0000,2026-09-12T22:06:39Z,2026-09-12T22:38:38Z,settled,settled,0.5662,-14.7562,-103.9900
bot_lab6,KXWTAMATCH-26SEP12SABRYB-SAB,Aryna Sabalenka wins,YES,33,43.0000,0.0000,2026-09-12T22:06:39Z,2026-09-12T22:38:38Z,settled,settled,0.5662,-14.7562,-103.9900
bot_lab3,KXWTAMATCH-26SEP12SABRYB-SAB,Aryna Sabalenka wins,YES,33,43.0000,0.0000,2026-09-12T22:06:39Z,2026-09-12T22:38:38Z,settled,settled,0.5662,-14.7562,-103.9900
bot_lab3,KXWTAMATCH-26SEP12PAQCAP-CAP,Martina Capurro Taborda wins,YES,40,40.0000,52.0000,2026-09-12T14:22:34Z,2026-09-12T22:59:50Z,closed,exp9b_take_profit,1.3709,3.4291,21.4300
bot_lab7,KXITFMATCH-26SEP12PAGSAK-PAG,Victor Pagotto wins,NO,16,64.0000,100.0000,2026-09-12T08:27:19Z,2026-09-12T23:12:14Z,settled,settled,0.2581,5.5019,53.7300
bot_lab6,KXWTAMATCH-26SEP12PAQCAP-CAP,Martina Capurro Taborda wins,YES,40,40.0000,0.0000,2026-09-12T14:22:34Z,2026-09-13T00:14:57Z,settled,settled,0.6720,-16.6720,-104.2000
bot_lab5,KXWTAMATCH-26SEP12PAQCAP-CAP,Martina Capurro Taborda wins,YES,40,40.0000,0.0000,2026-09-12T14:22:34Z,2026-09-13T00:14:58Z,settled,settled,0.6720,-16.6720,-104.2000
bot,KXWTAMATCH-26SEP12KINROD-KIN,Hayu Kinoshita wins,YES,20,68.0000,97.0000,2026-09-12T23:08:09Z,2026-09-13T00:53:57Z,closed,exp9_take_profit,0.3455,5.4545,40.1100
bot_hold,KXWTAMATCH-26SEP12KINROD-KIN,Hayu Kinoshita wins,YES,20,68.0000,100.0000,2026-09-12T23:08:10Z,2026-09-13T01:06:04Z,settled,settled,0.3047,6.0953,44.8200
bot_lab7,KXITFMATCH-26SEP13MONPOP-MON,Ignacio Monzon wins,NO,15,67.0000,100.0000,2026-09-13T06:49:21Z,2026-09-13T09:21:41Z,settled,settled,0.2322,4.7178,46.9400
bot_lab4,KXITFMATCH-26SEP13MARVAL-MAR,Lilian Marmousez wins,NO,36,34.0000,100.0000,2026-09-13T11:21:44Z,2026-09-13T11:36:12Z,settled,settled,0.5655,23.1945,189.5000
bot,KXWTAMATCH-26SEP13SORDOL-DOL,Caroline Dolehide wins,YES,40,56.0000,58.0000,2026-09-13T05:47:54Z,2026-09-13T16:22:35Z,closed,exp9_model_shift,1.3721,-0.5721,-2.5500
bot,KXWTAMATCH-26SEP13MONSCO-SCO,Katrina Scott wins,YES,14,56.0000,28.0000,2026-09-13T12:24:19Z,2026-09-13T17:19:30Z,closed,exp9_stop_loss,0.4391,-4.3591,-55.6000
bot_lab2,KXWTAMATCH-26SEP13MONSCO-SCO,Katrina Scott wins,YES,38,47.0000,23.0000,2026-09-13T17:12:03Z,2026-09-13T17:29:29Z,closed,exp9_stop_loss,1.1338,-10.2538,-57.4100
bot,KXWTAMATCH-26SEP13SHYLEA-SHY,Iryna Shymanovich wins,YES,39,55.0000,81.0000,2026-09-13T17:42:13Z,2026-09-13T18:29:12Z,closed,exp9_take_profit,1.0959,9.0441,42.1600
bot_hold,KXWTAMATCH-26SEP13SORDOL-DOL,Caroline Dolehide wins,YES,40,56.0000,100.0000,2026-09-13T05:47:54Z,2026-09-13T18:52:13Z,settled,settled,0.6900,16.9100,75.4900
bot_lab,KXWTAMATCH-26SEP13SORDOL-DOL,Caroline Dolehide wins,YES,60,56.0000,100.0000,2026-09-13T05:47:55Z,2026-09-13T18:52:13Z,settled,settled,1.0349,25.3651,75.4900
bot,KXWTAMATCH-26SEP13MIKPAQ-MIK,Justina Mikulskyte wins,YES,19,52.0000,28.0000,2026-09-13T08:50:36Z,2026-09-13T19:00:37Z,closed,exp9_stop_loss,0.6002,-5.1602,-52.2300
bot_lab,KXWTAMATCH-26SEP13SHYLEA-SHY,Iryna Shymanovich wins,YES,58,55.0000,100.0000,2026-09-13T17:42:14Z,2026-09-13T19:11:51Z,settled,settled,1.0049,25.0951,78.6700
bot_hold,KXWTAMATCH-26SEP13SHYLEA-SHY,Iryna Shymanovich wins,YES,39,55.0000,100.0000,2026-09-13T17:42:14Z,2026-09-13T19:11:53Z,settled,settled,0.6757,16.8743,78.6700
bot_lab2,KXWTAMATCH-26SEP13MIKPAQ-PAQ,Chloe Paquet wins,NO,39,44.0000,24.0000,2026-09-13T18:46:03Z,2026-09-13T19:12:13Z,closed,exp9_model_shift,1.1707,-8.9707,-52.2800
bot_lab3,KXWTAMATCH-26SEP13MONSCO-SCO,Katrina Scott wins,YES,38,47.0000,0.0000,2026-09-13T17:12:04Z,2026-09-13T19:17:07Z,settled,settled,0.6627,-18.5227,-103.7100
bot_hold,KXWTAMATCH-26SEP13MONSCO-SCO,Katrina Scott wins,YES,14,56.0000,0.0000,2026-09-13T12:24:20Z,2026-09-13T19:17:10Z,settled,settled,0.2415,-8.0815,-103.0800
bot_lab,KXWTAMATCH-26SEP13MONSCO-SCO,Katrina Scott wins,YES,52,51.0000,0.0000,2026-09-13T16:56:57Z,2026-09-13T19:17:10Z,settled,settled,0.9097,-27.4297,-103.4300
bot_lab6,KXWTAMATCH-26SEP13MONSCO-SCO,Katrina Scott wins,YES,38,47.0000,0.0000,2026-09-13T17:12:04Z,2026-09-13T19:17:10Z,settled,settled,0.6627,-18.5227,-103.7100
bot_lab5,KXWTAMATCH-26SEP13MONSCO-SCO,Katrina Scott wins,YES,38,47.0000,0.0000,2026-09-13T17:12:04Z,2026-09-13T19:17:10Z,settled,settled,0.6627,-18.5227,-103.7100
bot,KXWTAMATCH-26SEP13PARLEP-PAR,Alycia Parks wins,YES,35,70.0000,81.0000,2026-09-13T07:20:03Z,2026-09-13T19:27:51Z,closed,exp9_take_profit,0.8916,2.9584,12.0800
bot_lab6,KXWTAMATCH-26SEP13MIKPAQ-PAQ,Chloe Paquet wins,NO,39,44.0000,0.0000,2026-09-13T18:46:17Z,2026-09-13T20:06:27Z,settled,settled,0.6727,-17.8327,-103.9200
bot_hold,KXWTAMATCH-26SEP13MIKPAQ-MIK,Justina Mikulskyte wins,YES,19,52.0000,0.0000,2026-09-13T08:50:36Z,2026-09-13T20:06:27Z,settled,settled,0.3320,-10.2120,-103.3600
bot_lab5,KXWTAMATCH-26SEP13MIKPAQ-PAQ,Chloe Paquet wins,NO,39,44.0000,0.0000,2026-09-13T18:46:17Z,2026-09-13T20:06:28Z,settled,settled,0.6727,-17.8327,-103.9200
bot_lab3,KXWTAMATCH-26SEP13MIKPAQ-PAQ,Chloe Paquet wins,NO,39,44.0000,0.0000,2026-09-13T18:46:16Z,2026-09-13T20:06:28Z,settled,settled,0.6727,-17.8327,-103.9200
bot,KXWTAMATCH-26SEP13OSUTIK-TIK,Anastasia Tikhonova wins,NO,17,50.0000,40.0000,2026-09-13T19:47:40Z,2026-09-13T20:29:21Z,closed,exp9_model_shift,0.5831,-2.2831,-26.8600
bot_lab2,KXWTAMATCH-26SEP13KINBRA-BRA,Cadence Brace wins,NO,31,46.0000,23.0000,2026-09-13T21:03:46Z,2026-09-13T21:14:50Z,closed,exp9_stop_loss,0.9235,-8.0535,-56.4800
bot_hold,KXWTAMATCH-26SEP13PARLEP-PAR,Alycia Parks wins,YES,35,70.0000,100.0000,2026-09-13T07:20:04Z,2026-09-13T21:18:36Z,settled,settled,0.5145,9.9855,40.7600
bot_hold,KXWTAMATCH-26SEP13OSUTIK-TIK,Anastasia Tikhonova wins,NO,17,50.0000,100.0000,2026-09-13T19:47:40Z,2026-09-13T21:41:56Z,settled,settled,0.2975,8.2025,96.5000
bot,KXATPMATCH-26SEP13ZVESHE-ZVE,Alexander Zverev wins,YES,21,57.0000,100.0000,2026-09-12T05:52:31Z,2026-09-13T21:55:21Z,settled,settled,0.3603,8.6697,72.4300
bot_hold,KXATPMATCH-26SEP13ZVESHE-ZVE,Alexander Zverev wins,YES,21,57.0000,100.0000,2026-09-12T05:52:31Z,2026-09-13T21:55:21Z,settled,settled,0.3603,8.6697,72.4300
bot_lab3,KXWTAMATCH-26SEP13KINBRA-BRA,Cadence Brace wins,NO,31,46.0000,0.0000,2026-09-13T21:03:46Z,2026-09-13T22:51:35Z,settled,settled,0.5391,-14.7991,-103.7800
bot_lab6,KXWTAMATCH-26SEP13KINBRA-BRA,Cadence Brace wins,NO,31,46.0000,0.0000,2026-09-13T21:03:47Z,2026-09-13T22:51:35Z,settled,settled,0.5391,-14.7991,-103.7800
bot_lab5,KXWTAMATCH-26SEP13KINBRA-BRA,Cadence Brace wins,NO,31,46.0000,0.0000,2026-09-13T21:03:47Z,2026-09-13T22:51:35Z,settled,settled,0.5391,-14.7991,-103.7800
bot_lab2,KXWTAMATCH-26SEP13BUCAND-BUC,Cristina Bucsa wins,YES,40,44.0000,50.0000,2026-09-12T18:30:24Z,2026-09-13T23:34:41Z,closed,exp9_model_shift,1.3900,1.0100,5.7400
bot,KXWTAMATCH-26SEP13BUCAND-BUC,Cristina Bucsa wins,YES,20,50.0000,72.0000,2026-09-13T22:05:13Z,2026-09-13T23:48:40Z,closed,exp9_take_profit,0.6323,3.7677,37.6800
bot_lab3,KXWTAMATCH-26SEP13BUCAND-BUC,Cristina Bucsa wins,YES,40,44.0000,72.0000,2026-09-12T18:30:25Z,2026-09-13T23:48:40Z,closed,exp9b_take_profit,1.2545,9.9455,56.5100
bot_lab6,KXWTAMATCH-26SEP13BUCAND-BUC,Cristina Bucsa wins,YES,40,44.0000,100.0000,2026-09-12T18:30:26Z,2026-09-14T01:16:24Z,settled,settled,0.6900,21.7100,123.3500
bot_lab5,KXWTAMATCH-26SEP13BUCAND-BUC,Cristina Bucsa wins,YES,40,44.0000,100.0000,2026-09-12T18:30:26Z,2026-09-14T01:16:24Z,settled,settled,0.6900,21.7100,123.3500
bot_hold,KXWTAMATCH-26SEP13BUCAND-BUC,Cristina Bucsa wins,YES,20,50.0000,100.0000,2026-09-13T22:05:14Z,2026-09-14T01:16:24Z,settled,settled,0.3500,9.6500,96.5000
bot_lab4,KXITFMATCH-26SEP14VISOSM-OSM,Vladimir Osminkin wins,NO,35,40.0000,0.0000,2026-09-14T06:17:21Z,2026-09-14T07:36:31Z,settled,settled,0.5880,-14.5880,-104.2000
bot_lab4,KXITFMATCH-26SEP14KOLKHO-KOL,Oleg Kolninov wins,YES,41,37.0000,99.0000,2026-09-14T06:17:20Z,2026-09-14T08:23:48Z,closed,exp9b_take_profit,0.6975,24.7225,162.9700
bot_lab4,KXITFMATCH-26SEP14MALKHO-MAL,Karol Malirz wins,NO,39,48.0000,70.0000,2026-09-14T08:22:14Z,2026-09-14T08:43:11Z,closed,exp9b_take_profit,1.2549,7.3251,39.1300
bot_lab4,KXITFMATCH-26SEP14COCAMA-COC,Sebastiano Cocola wins,NO,33,34.0000,0.0000,2026-09-14T07:51:49Z,2026-09-14T09:36:13Z,settled,settled,0.5184,-11.7384,-104.6200
bot_lab4,KXITFMATCH-26SEP14BATMEN-MEN,Silvio Mencaglia wins,YES,48,27.0000,0.0000,2026-09-14T08:52:41Z,2026-09-14T09:41:50Z,settled,settled,0.6623,-13.6223,-105.1100
bot_lab7,KXITFMATCH-26SEP14VAVCAL-CAL,Filippo Callerio wins,NO,19,52.0000,100.0000,2026-09-14T08:22:15Z,2026-09-14T10:11:33Z,settled,settled,0.3320,8.7880,88.9500
bot_lab4,KXITFMATCH-26SEP14WYGLAB-LAB,Arthur Laborde wins,NO,33,48.0000,0.0000,2026-09-14T08:22:14Z,2026-09-14T10:32:20Z,settled,settled,0.5766,-16.4166,-103.6400
bot,KXWTAMATCH-26SEP13MARTOW-MAR,Tatjana Maria wins,NO,36,70.0000,74.0000,2026-09-12T16:41:15Z,2026-09-14T21:09:42Z,closed,exp9_model_shift,1.0141,0.4259,1.6900
bot_chalk,KXWTAMATCH-26SEP13MARTOW-MAR,Tatjana Maria wins,NO,35,70.0000,74.0000,2026-09-12T16:41:16Z,2026-09-14T21:09:42Z,closed,exp9_model_shift,0.9859,0.4141,1.6900
bot_hold,KXWTAMATCH-26SEP13MARTOW-MAR,Tatjana Maria wins,NO,36,70.0000,100.0000,2026-09-12T16:41:16Z,2026-09-14T23:31:39Z,settled,settled,0.5292,10.2708,40.7600
bot_lab4,KXITFMATCH-26SEP15KUKOSM-OSM,Vladimir Osminkin wins,YES,41,37.0000,90.0000,2026-09-15T07:06:42Z,2026-09-15T07:40:32Z,closed,exp9b_take_profit,0.9273,20.8027,137.1300
bot_lab4,KXITFMATCH-26SEP15CAMSAH-CAM,Cristian Campese wins,YES,44,31.0000,0.0000,2026-09-15T09:24:50Z,2026-09-15T09:57:04Z,settled,settled,0.6589,-14.2989,-104.8300
bot_lab4,KXITFMATCH-26SEP15MANKHO-MAN,Vardan Manukyan wins,NO,36,33.0000,0.0000,2026-09-15T10:41:20Z,2026-09-15T11:22:27Z,settled,settled,0.5572,-12.4372,-104.6900
bot_lab4,KXITFMATCH-26SEP15VASMAS-VAS,Iiro Vasa wins,NO,36,46.0000,84.0000,2026-09-15T11:42:42Z,2026-09-15T11:49:27Z,closed,exp9b_take_profit,0.9647,12.7153,76.7800
bot_lab4,KXITFMATCH-26SEP15BARCRI-CRI,Gabriele Crivellaro wins,YES,37,41.0000,0.0000,2026-09-15T11:12:08Z,2026-09-15T12:02:45Z,settled,settled,0.6266,-15.7966,-104.1300
bot,KXWTAMATCH-26SEP14STEPOD-POD,Nadia Podoroska wins,NO,16,65.0000,39.0000,2026-09-13T22:05:14Z,2026-09-15T13:58:39Z,closed,exp9_stop_loss,0.5213,-4.6813,-45.0100
bot_lab2,KXWTAMATCH-26SEP15SEMKIN-SEM,Darja Semenistaja wins,NO,51,28.0000,14.0000,2026-09-15T14:15:21Z,2026-09-15T14:57:41Z,closed,exp9_stop_loss,1.1497,-8.2897,-58.0500
bot_hold,KXWTAMATCH-26SEP14STEPOD-POD,Nadia Podoroska wins,NO,16,65.0000,0.0000,2026-09-13T22:05:15Z,2026-09-15T15:36:31Z,settled,settled,0.2548,-10.6548,-102.4500
bot_lab5,KXWTAMATCH-26SEP15SEMKIN-SEM,Darja Semenistaja wins,NO,51,28.0000,0.0000,2026-09-15T14:15:22Z,2026-09-15T15:36:32Z,settled,settled,0.7198,-14.9998,-105.0400
bot_lab3,KXWTAMATCH-26SEP15SEMKIN-SEM,Darja Semenistaja wins,NO,51,28.0000,0.0000,2026-09-15T14:15:22Z,2026-09-15T15:36:32Z,settled,settled,0.7198,-14.9998,-105.0400
bot_lab6,KXWTAMATCH-26SEP15SEMKIN-SEM,Darja Semenistaja wins,NO,51,28.0000,0.0000,2026-09-15T14:15:22Z,2026-09-15T15:36:32Z,settled,settled,0.7198,-14.9998,-105.0400
bot_lab2,KXWTAMATCH-26SEP14RIEAVA-RIE,Julia Riera wins,YES,44,35.0000,24.0000,2026-09-15T15:47:32Z,2026-09-15T15:56:52Z,closed,exp9_model_shift,1.2625,-6.1025,-39.6300
bot_lab3,KXWTAMATCH-26SEP14RIEAVA-RIE,Julia Riera wins,YES,44,35.0000,0.0000,2026-09-15T15:47:33Z,2026-09-15T17:22:20Z,settled,settled,0.7007,-16.1007,-104.5500
bot_lab5,KXWTAMATCH-26SEP14RIEAVA-RIE,Julia Riera wins,YES,44,35.0000,0.0000,2026-09-15T15:47:34Z,2026-09-15T17:22:20Z,settled,settled,0.7007,-16.1007,-104.5500
bot_lab6,KXWTAMATCH-26SEP14RIEAVA-RIE,Julia Riera wins,YES,44,35.0000,0.0000,2026-09-15T15:47:34Z,2026-09-15T17:22:20Z,settled,settled,0.7007,-16.1007,-104.5500
bot_lab5,KXWTAMATCH-26SEP14BRASIE-SIE,Solana Sierra wins,NO,44,27.0000,0.0000,2026-09-15T17:34:48Z,2026-09-17T04:41:31Z,settled,settled,0.6071,-12.4871,-105.1100
bot_lab6,KXWTAMATCH-26SEP14BRASIE-SIE,Solana Sierra wins,NO,44,27.0000,0.0000,2026-09-15T17:34:49Z,2026-09-17T04:41:31Z,settled,settled,0.6071,-12.4871,-105.1100
bot_lab2,KXWTAMATCH-26SEP14BRASIE-SIE,Solana Sierra wins,NO,44,27.0000,0.0000,2026-09-15T17:34:48Z,2026-09-17T04:41:31Z,settled,settled,0.6071,-12.4871,-105.1100
bot_hold,KXWTAMATCH-26SEP14VALPIG-VAL,Vendula Valdmannova wins,YES,23,77.0000,100.0000,2026-09-14T08:07:09Z,2026-09-17T04:41:32Z,settled,settled,0.2852,5.0048,28.2600
bot_lab3,KXWTAMATCH-26SEP14BRASIE-SIE,Solana Sierra wins,NO,44,27.0000,0.0000,2026-09-15T17:34:48Z,2026-09-17T04:41:32Z,settled,settled,0.6071,-12.4871,-105.1100
bot_lab6,KXWTAMATCH-26SEP14ORTPAQ-PAQ,Chloe Paquet wins,NO,41,38.0000,100.0000,2026-09-14T08:52:41Z,2026-09-17T04:41:33Z,settled,settled,0.6762,24.7438,158.8200
bot_hold,KXWTAMATCH-26SEP15STETJE-TJE,Janice Tjen wins,YES,19,57.0000,0.0000,2026-09-15T06:20:50Z,2026-09-17T04:41:33Z,settled,settled,0.3260,-11.1560,-103.0100
bot_lab2,KXWTAMATCH-26SEP14ORTPAQ-PAQ,Chloe Paquet wins,NO,41,38.0000,100.0000,2026-09-14T08:52:40Z,2026-09-17T04:41:33Z,settled,settled,0.6762,24.7438,158.8200
bot,KXWTAMATCH-26SEP14VALPIG-VAL,Vendula Valdmannova wins,YES,23,77.0000,100.0000,2026-09-14T08:07:09Z,2026-09-17T04:41:33Z,settled,settled,0.2852,5.0048,28.2600
bot_lab3,KXWTAMATCH-26SEP14ORTPAQ-PAQ,Chloe Paquet wins,NO,41,38.0000,100.0000,2026-09-14T08:52:40Z,2026-09-17T04:41:33Z,settled,settled,0.6762,24.7438,158.8200
bot_lab5,KXWTAMATCH-26SEP14ORTPAQ-PAQ,Chloe Paquet wins,NO,41,38.0000,100.0000,2026-09-14T08:52:41Z,2026-09-17T04:41:33Z,settled,settled,0.6762,24.7438,158.8200
bot,KXWTAMATCH-26SEP15STETJE-TJE,Janice Tjen wins,YES,19,57.0000,0.0000,2026-09-15T06:20:50Z,2026-09-17T04:41:33Z,settled,settled,0.3260,-11.1560,-103.0100
bot_lab4,KXITFMATCH-26SEP17LABSAR-SAR,Daniil Sarksian wins,NO,32,38.0000,100.0000,2026-09-17T04:43:45Z,2026-09-17T09:02:35Z,settled,settled,0.5278,19.3122,158.8200
bot_lab4,KXITFMATCH-26SEP17VAVVAN-VAV,Matteo Vavassori wins,YES,33,34.0000,0.0000,2026-09-17T07:17:12Z,2026-09-17T09:22:38Z,settled,settled,0.5184,-11.7384,-104.6200
bot_lab4,KXITFMATCH-26SEP17CLEREC-REC,Alexandre Reco wins,NO,41,25.0000,0.0000,2026-09-17T09:18:04Z,2026-09-17T10:32:58Z,settled,settled,0.5382,-10.7882,-105.2500
bot_lab4,KXITFMATCH-26SEP17SORTAB-SOR,Adria Soriano Barrera wins,NO,36,36.0000,56.0000,2026-09-17T10:33:53Z,2026-09-17T10:47:33Z,closed,exp9b_take_profit,1.2017,5.9983,46.2800
bot_lab7,KXITFMATCH-26SEP17ROSDOM-ROS,Leonardo Rossi wins,YES,18,55.0000,100.0000,2026-09-17T10:03:35Z,2026-09-17T11:22:33Z,settled,settled,0.3119,7.7881,78.6700
bot_lab2,KXWTAMATCH-26SEP17AVACHA-AVA,Elina Avanesyan wins,NO,36,46.0000,100.0000,2026-09-17T05:59:43Z,2026-09-17T16:46:17Z,settled,settled,0.6260,18.8140,113.6100
bot_lab3,KXWTAMATCH-26SEP17AVACHA-AVA,Elina Avanesyan wins,NO,36,46.0000,100.0000,2026-09-17T05:59:45Z,2026-09-17T16:46:17Z,settled,settled,0.6260,18.8140,113.6100
bot_lab5,KXWTAMATCH-26SEP17AVACHA-AVA,Elina Avanesyan wins,NO,36,46.0000,100.0000,2026-09-17T05:59:46Z,2026-09-17T16:46:17Z,settled,settled,0.6260,18.8140,113.6100
bot_lab6,KXWTAMATCH-26SEP17AVACHA-AVA,Elina Avanesyan wins,NO,36,46.0000,100.0000,2026-09-17T05:59:47Z,2026-09-17T16:46:17Z,settled,settled,0.6260,18.8140,113.6100
bot_lab2,KXWTAMATCH-26SEP17LAMSIE-LAM,Suzan Lamens wins,NO,38,46.0000,23.0000,2026-09-17T16:13:49Z,2026-09-17T16:54:03Z,closed,exp9_stop_loss,1.1319,-9.8719,-56.4800
bot_lab3,KXWTAMATCH-26SEP17LAMSIE-LAM,Suzan Lamens wins,NO,38,46.0000,0.0000,2026-09-17T16:13:49Z,2026-09-17T17:31:31Z,settled,settled,0.6608,-18.1408,-103.7800
bot_lab6,KXWTAMATCH-26SEP17LAMSIE-LAM,Suzan Lamens wins,NO,38,46.0000,0.0000,2026-09-17T16:13:50Z,2026-09-17T17:31:31Z,settled,settled,0.6608,-18.1408,-103.7800
bot_lab5,KXWTAMATCH-26SEP17LAMSIE-LAM,Suzan Lamens wins,NO,38,46.0000,0.0000,2026-09-17T16:13:50Z,2026-09-17T17:31:31Z,settled,settled,0.6608,-18.1408,-103.7800
bot_lab2,KXWTAMATCH-26SEP17BLIVAL-BLI,Anna Blinkova wins,NO,44,37.0000,18.0000,2026-09-17T04:43:41Z,2026-09-17T18:12:45Z,closed,exp9_stop_loss,1.1727,-9.5327,-58.5500
bot_lab6,KXWTAMATCH-26SEP17BLIVAL-BLI,Anna Blinkova wins,NO,44,37.0000,0.0000,2026-09-17T04:43:47Z,2026-09-17T19:02:11Z,settled,settled,0.7180,-16.9980,-104.4100
bot_lab3,KXWTAMATCH-26SEP17BLIVAL-BLI,Anna Blinkova wins,NO,44,37.0000,0.0000,2026-09-17T04:43:43Z,2026-09-17T19:02:11Z,settled,settled,0.7180,-16.9980,-104.4100
bot_lab5,KXWTAMATCH-26SEP17BLIVAL-BLI,Anna Blinkova wins,NO,44,37.0000,0.0000,2026-09-17T04:43:46Z,2026-09-17T19:02:11Z,settled,settled,0.7180,-16.9980,-104.4100
bot_hold,KXWTAMATCH-26SEP17ORTBAD-ORT,Jazmin Ortenzi wins,NO,34,74.0000,100.0000,2026-09-17T18:45:26Z,2026-09-17T20:05:18Z,settled,settled,0.4580,8.3820,33.3100
bot_chalk,KXWTAMATCH-26SEP17ORTBAD-ORT,Jazmin Ortenzi wins,NO,33,74.0000,100.0000,2026-09-17T18:45:27Z,2026-09-17T20:05:19Z,settled,settled,0.4445,8.1355,33.3100
bot,KXWTAMATCH-26SEP17ORTBAD-ORT,Jazmin Ortenzi wins,NO,34,74.0000,100.0000,2026-09-17T18:45:26Z,2026-09-17T20:05:19Z,settled,settled,0.4580,8.3820,33.3100
bot_lab4,KXITFMATCH-26SEP17SOUSCH-SOU,Andre Souza wins,YES,33,48.0000,0.0000,2026-09-17T20:01:54Z,2026-09-17T21:12:54Z,settled,settled,0.5766,-16.4166,-103.6400
bot_lab4,KXITFMATCH-26SEP17BINECH-ECH,Mauricio Echazu wins,NO,36,34.0000,100.0000,2026-09-17T20:01:55Z,2026-09-17T21:52:36Z,settled,settled,0.5655,23.1945,189.5000
bot,KXWTAMATCH-26SEP17LYSPOD-POD,Nadia Podoroska wins,NO,37,54.0000,30.0000,2026-09-17T21:33:01Z,2026-09-17T21:59:28Z,closed,exp9_stop_loss,1.1873,-10.0673,-50.3900
bot_lab,KXWTAMATCH-26SEP17LYSPOD-POD,Nadia Podoroska wins,NO,55,54.0000,0.0000,2026-09-17T21:33:03Z,2026-09-17T22:41:11Z,settled,settled,0.9564,-30.6564,-103.2200
bot_hold,KXWTAMATCH-26SEP17LYSPOD-POD,Nadia Podoroska wins,NO,37,54.0000,0.0000,2026-09-17T21:33:02Z,2026-09-17T22:41:11Z,settled,settled,0.6434,-20.6234,-103.2200
bot_lab4,KXITFMATCH-26SEP17OSOGAR-OSO,Juan Sebastian Osorio wins,NO,42,31.0000,0.0000,2026-09-17T20:17:04Z,2026-09-17T23:26:32Z,settled,settled,0.6289,-13.6489,-104.8300
bot,KXWTAMATCH-26SEP17KOSSAM-KOS,Marta Kostyuk wins,YES,21,75.0000,42.0000,2026-09-17T04:59:01Z,2026-09-18T02:09:00Z,closed,exp9_stop_loss,0.6338,-7.5638,-48.0200
bot_hold,KXWTAMATCH-26SEP17KOSSAM-KOS,Marta Kostyuk wins,YES,21,75.0000,0.0000,2026-09-17T04:59:01Z,2026-09-18T02:31:45Z,settled,settled,0.2757,-16.0257,-101.7500
bot_lab2,KXWTAMATCH-26SEP17STESTE2-STE2,Sloane Stephens wins,YES,39,40.0000,16.0000,2026-09-17T04:43:42Z,2026-09-18T04:36:56Z,closed,exp9_stop_loss,1.0222,-10.3822,-66.5500
bot_lab5,KXWTAMATCH-26SEP17STESTE2-STE2,Sloane Stephens wins,YES,39,40.0000,0.0000,2026-09-17T04:43:46Z,2026-09-18T04:51:08Z,settled,settled,0.6552,-16.2552,-104.2000
bot_lab6,KXWTAMATCH-26SEP17STESTE2-STE2,Sloane Stephens wins,YES,39,40.0000,0.0000,2026-09-17T04:43:48Z,2026-09-18T04:51:08Z,settled,settled,0.6552,-16.2552,-104.2000
bot_lab3,KXWTAMATCH-26SEP17STESTE2-STE2,Sloane Stephens wins,YES,39,40.0000,0.0000,2026-09-17T04:43:44Z,2026-09-18T04:51:08Z,settled,settled,0.6552,-16.2552,-104.2000
bot_lab4,KXITFMATCH-26SEP18LABPLE-LAB,Arthur Laborde wins,NO,35,43.0000,0.0000,2026-09-18T07:25:21Z,2026-09-18T09:02:08Z,settled,settled,0.6005,-15.6505,-103.9900
bot_lab7,KXITFMATCH-26SEP18TABAND-TAB,Ryo Tabata wins,NO,17,60.0000,100.0000,2026-09-18T08:56:06Z,2026-09-18T09:36:49Z,settled,settled,0.2856,6.5144,63.8700
bot_lab4,KXITFMATCH-26SEP18DEMCHE-DEM,Andrea De Marchi wins,NO,30,46.0000,100.0000,2026-09-18T08:25:50Z,2026-09-18T11:11:26Z,settled,settled,0.5217,15.6783,113.6100
bot_lab7,KXITFMATCH-26SEP18LUMKIR-KIR,Ergi Kirkin wins,YES,15,68.0000,0.0000,2026-09-18T08:56:06Z,2026-09-18T11:21:15Z,settled,settled,0.2285,-10.4285,-102.2400
bot_lab4,KXITFMATCH-26SEP18SCHBER-SCH,Patrick Schoen wins,NO,45,27.0000,0.0000,2026-09-18T09:57:26Z,2026-09-18T11:51:40Z,settled,settled,0.6209,-12.7709,-105.1100
bot_lab4,KXITFMATCH-26SEP18WILSAL-WIL,Benjamin Willwerth wins,NO,39,42.0000,0.0000,2026-09-18T08:25:50Z,2026-09-18T13:01:57Z,settled,settled,0.6651,-17.0451,-104.0600
bot_lab4,KXITFMATCH-26SEP18GIMJUH-JUH,Kristijan Juhas wins,NO,42,30.0000,0.0000,2026-09-18T12:43:58Z,2026-09-18T13:42:02Z,settled,settled,0.6174,-13.2174,-104.9000
bot_lab2,KXWTAMATCH-26SEP18KOSQUE-QUE,Kaitlin Quevedo wins,NO,44,27.0000,13.0000,2026-09-18T16:46:26Z,2026-09-18T16:54:11Z,closed,exp9_stop_loss,0.9555,-7.1155,-59.8900
bot_lab,KXWTAMATCH-26SEP18KOSQUE-QUE,Kaitlin Quevedo wins,YES,52,50.0000,100.0000,2026-09-18T16:31:15Z,2026-09-18T17:59:41Z,settled,settled,0.9100,25.0900,96.5000
bot_hold,KXWTAMATCH-26SEP18KOSQUE-QUE,Kaitlin Quevedo wins,YES,35,50.0000,100.0000,2026-09-18T16:31:14Z,2026-09-18T17:59:41Z,settled,settled,0.6125,16.8875,96.5000
bot_lab6,KXWTAMATCH-26SEP18KOSQUE-QUE,Kaitlin Quevedo wins,NO,44,27.0000,0.0000,2026-09-18T16:46:28Z,2026-09-18T17:59:41Z,settled,settled,0.6071,-12.4871,-105.1100
bot_lab3,KXWTAMATCH-26SEP18KOSQUE-QUE,Kaitlin Quevedo wins,NO,44,27.0000,0.0000,2026-09-18T16:46:27Z,2026-09-18T17:59:41Z,settled,settled,0.6071,-12.4871,-105.1100
bot_lab5,KXWTAMATCH-26SEP18KOSQUE-QUE,Kaitlin Quevedo wins,NO,44,27.0000,0.0000,2026-09-18T16:46:27Z,2026-09-18T17:59:41Z,settled,settled,0.6071,-12.4871,-105.1100
bot,KXWTAMATCH-26SEP18KOSQUE-QUE,Kaitlin Quevedo wins,YES,35,50.0000,100.0000,2026-09-18T16:31:14Z,2026-09-18T17:59:41Z,settled,settled,0.6125,16.8875,96.5000
bot_lab2,KXWTAMATCH-26SEP18BLICHA-CHA,Alina Charaeva wins,YES,40,28.0000,14.0000,2026-09-18T18:48:19Z,2026-09-18T19:00:18Z,closed,exp9_stop_loss,0.9017,-6.5017,-58.0500
bot_lab3,KXWTAMATCH-26SEP18BLICHA-CHA,Alina Charaeva wins,YES,40,28.0000,0.0000,2026-09-18T18:48:20Z,2026-09-18T20:07:04Z,settled,settled,0.5645,-11.7645,-105.0400
bot_lab6,KXWTAMATCH-26SEP18BLICHA-CHA,Alina Charaeva wins,YES,40,28.0000,0.0000,2026-09-18T18:48:21Z,2026-09-18T20:07:04Z,settled,settled,0.5645,-11.7645,-105.0400
bot_lab5,KXWTAMATCH-26SEP18BLICHA-CHA,Alina Charaeva wins,YES,40,28.0000,0.0000,2026-09-18T18:48:20Z,2026-09-18T20:07:04Z,settled,settled,0.5645,-11.7645,-105.0400
bot_lab2,KXWTAMATCH-26SEP18STOBAD-BAD,Paula Badosa wins,NO,35,30.0000,15.0000,2026-09-18T15:30:22Z,2026-09-18T21:19:42Z,closed,exp9_stop_loss,0.8269,-6.0769,-57.8800
bot,KXWTAMATCH-26SEP18SHUJAN-JAN,Gaeul Jang wins,NO,27,91.0000,100.0000,2026-09-18T10:12:33Z,2026-09-19T07:29:24Z,settled,settled,0.1548,2.2752,9.2600
bot,KXWTAMATCH-26SEP18SAMSTE-SAM,Liudmila Samsonova wins,YES,17,59.0000,0.0000,2026-09-18T06:09:37Z,2026-09-19T07:30:16Z,settled,settled,0.2879,-10.3179,-102.8700
bot_lab3,KXWTAMATCH-26SEP18STOBAD-BAD,Paula Badosa wins,NO,35,30.0000,0.0000,2026-09-18T15:30:22Z,2026-09-19T07:30:16Z,settled,settled,0.5145,-11.0145,-104.9000
bot,KXWTAMATCH-26SEP18HIBKAI-HIB,Nao Hibino wins,YES,29,87.0000,100.0000,2026-09-18T13:59:45Z,2026-09-19T07:30:16Z,settled,settled,0.2296,3.5404,14.0300
bot_hold,KXWTAMATCH-26SEP18SHUJAN-JAN,Gaeul Jang wins,NO,27,91.0000,100.0000,2026-09-18T10:12:34Z,2026-09-19T07:30:16Z,settled,settled,0.1548,2.2752,9.2600
bot_lab6,KXWTAMATCH-26SEP18STOBAD-BAD,Paula Badosa wins,NO,35,30.0000,0.0000,2026-09-18T15:30:23Z,2026-09-19T07:30:16Z,settled,settled,0.5145,-11.0145,-104.9000
bot_lab5,KXWTAMATCH-26SEP18STOBAD-BAD,Paula Badosa wins,NO,35,30.0000,0.0000,2026-09-18T15:30:22Z,2026-09-19T07:30:16Z,settled,settled,0.5145,-11.0145,-104.9000
bot_hold,KXWTAMATCH-26SEP18SAMSTE-SAM,Liudmila Samsonova wins,YES,17,59.0000,0.0000,2026-09-18T06:09:39Z,2026-09-19T07:30:16Z,settled,settled,0.2879,-10.3179,-102.8700
bot_hold,KXWTAMATCH-26SEP18HIBKAI-HIB,Nao Hibino wins,YES,29,87.0000,100.0000,2026-09-18T13:59:46Z,2026-09-19T07:30:16Z,settled,settled,0.2296,3.5404,14.0300
bot,KXWTAMATCH-26SEP19KURJEO-KUR,Miho Kuramochi wins,YES,36,56.0000,35.0000,2026-09-19T07:30:29Z,2026-09-19T08:07:51Z,closed,exp9_stop_loss,1.1944,-8.7544,-43.4200
bot_lab,KXWTAMATCH-26SEP19KURJEO-KUR,Miho Kuramochi wins,YES,54,56.0000,100.0000,2026-09-19T07:30:30Z,2026-09-19T09:02:08Z,settled,settled,0.9314,22.8286,75.4900
bot_hold,KXWTAMATCH-26SEP19KURJEO-KUR,Miho Kuramochi wins,YES,36,56.0000,100.0000,2026-09-19T07:30:30Z,2026-09-19T09:02:08Z,settled,settled,0.6210,15.2190,75.4900
bot_lab2,KXWTAMATCH-26SEP19IBRSAI-SAI,Rina Saigo wins,YES,44,27.0000,23.0000,2026-09-19T08:15:58Z,2026-09-19T09:18:32Z,closed,exp9_model_shift,1.1526,-2.9126,-24.5200
bot_chalk,KXWTAMATCH-26SEP18YAMEIK-YAM,Mei Yamaguchi wins,YES,29,84.0000,100.0000,2026-09-18T19:18:34Z,2026-09-19T10:01:42Z,settled,settled,0.2729,4.3671,17.9300
bot,KXWTAMATCH-26SEP18YAMEIK-YAM,Mei Yamaguchi wins,YES,30,84.0000,100.0000,2026-09-18T19:18:33Z,2026-09-19T10:01:42Z,settled,settled,0.2823,4.5177,17.9300
bot_hold,KXWTAMATCH-26SEP18YAMEIK-YAM,Mei Yamaguchi wins,YES,30,84.0000,100.0000,2026-09-18T19:18:34Z,2026-09-19T10:01:43Z,settled,settled,0.2823,4.5177,17.9300
bot_lab3,KXWTAMATCH-26SEP19IBRSAI-SAI,Rina Saigo wins,YES,44,27.0000,0.0000,2026-09-19T08:15:59Z,2026-09-19T11:02:02Z,settled,settled,0.6071,-12.4871,-105.1100
bot_lab5,KXWTAMATCH-26SEP19IBRSAI-SAI,Rina Saigo wins,YES,44,27.0000,0.0000,2026-09-19T08:16:00Z,2026-09-19T11:02:02Z,settled,settled,0.6071,-12.4871,-105.1100
bot_lab6,KXWTAMATCH-26SEP19IBRSAI-SAI,Rina Saigo wins,YES,44,27.0000,0.0000,2026-09-19T08:16:00Z,2026-09-19T11:02:02Z,settled,settled,0.6071,-12.4871,-105.1100
bot_lab7,KXITFMATCH-26SEP19MCHREC-REC,Alexandre Reco wins,NO,17,60.0000,100.0000,2026-09-19T13:03:24Z,2026-09-19T14:31:18Z,settled,settled,0.2856,6.5144,63.8700
bot_lab4,KXITFMATCH-26SEP19ZANOSO-OSO,Juan Sebastian Osorio wins,NO,30,49.0000,100.0000,2026-09-19T13:33:38Z,2026-09-19T22:37:30Z,settled,settled,0.5248,14.7752,100.5100
bot_lab7,KXITFMATCH-26SEP19ZANOSO-OSO,Juan Sebastian Osorio wins,NO,20,50.0000,100.0000,2026-09-19T08:46:14Z,2026-09-19T22:37:30Z,settled,settled,0.3500,9.6500,96.5000
bot,KXWTAMATCH-26SEP19STEJOV-STE,Peyton Stearns wins,NO,27,76.0000,92.0000,2026-09-19T07:30:29Z,2026-09-19T23:58:42Z,closed,exp9_take_profit,0.4840,3.8360,18.6900
bot_hold,KXWTAMATCH-26SEP19STEJOV-STE,Peyton Stearns wins,NO,27,76.0000,100.0000,2026-09-19T07:30:30Z,2026-09-20T00:41:28Z,settled,settled,0.3448,6.1352,29.9000
bot,KXWTAMATCH-26SEP19HIBITO-ITO,Aoi Ito wins,YES,16,51.0000,46.0000,2026-09-20T00:17:20Z,2026-09-20T04:12:28Z,closed,exp9_model_shift,0.5582,-1.3582,-16.6400
bot_lab2,KXWTAMATCH-26SEP19KURYAO-YAO,Xinxin Yao wins,NO,38,41.0000,20.0000,2026-09-19T14:18:59Z,2026-09-20T04:13:53Z,closed,exp9_stop_loss,1.0691,-9.0491,-58.0800
bot_lab2,KXWTAMATCH-26SEP20IBRSAI-SAI,Sara Saito wins,YES,37,29.0000,29.0000,2026-09-19T20:39:06Z,2026-09-20T04:43:23Z,closed,exp9_model_shift,1.0666,-1.0666,-9.9400
bot_lab5,KXWTAMATCH-26SEP19KURYAO-YAO,Xinxin Yao wins,NO,38,41.0000,0.0000,2026-09-19T14:19:00Z,2026-09-20T05:32:00Z,settled,settled,0.6435,-16.2235,-104.1300
bot_lab6,KXWTAMATCH-26SEP19KURYAO-YAO,Xinxin Yao wins,NO,38,41.0000,0.0000,2026-09-19T14:19:00Z,2026-09-20T05:32:00Z,settled,settled,0.6435,-16.2235,-104.1300
bot_lab3,KXWTAMATCH-26SEP19KURYAO-YAO,Xinxin Yao wins,NO,38,41.0000,0.0000,2026-09-19T14:18:59Z,2026-09-20T05:32:01Z,settled,settled,0.6435,-16.2235,-104.1300
bot_hold,KXWTAMATCH-26SEP19HIBITO-ITO,Aoi Ito wins,YES,16,51.0000,0.0000,2026-09-20T00:17:21Z,2026-09-20T06:21:50Z,settled,settled,0.2799,-8.4399,-103.4300
bot_lab,KXWTAMATCH-26SEP20IBRSAI-SAI,Sara Saito wins,NO,41,51.0000,100.0000,2026-09-20T05:36:00Z,2026-09-20T06:51:51Z,settled,settled,0.7173,19.3727,92.6500
bot_lab5,KXWTAMATCH-26SEP20IBRSAI-SAI,Sara Saito wins,YES,37,29.0000,0.0000,2026-09-19T20:39:07Z,2026-09-20T06:51:51Z,settled,settled,0.5333,-11.2633,-104.9700
bot_hold,KXWTAMATCH-26SEP20IBRSAI-SAI,Sara Saito wins,NO,27,51.0000,100.0000,2026-09-20T05:36:00Z,2026-09-20T06:51:51Z,settled,settled,0.4724,12.7576,92.6500
bot_lab3,KXWTAMATCH-26SEP20IBRSAI-SAI,Sara Saito wins,YES,37,29.0000,0.0000,2026-09-19T20:39:06Z,2026-09-20T06:51:51Z,settled,settled,0.5333,-11.2633,-104.9700
bot,KXWTAMATCH-26SEP20IBRSAI-SAI,Sara Saito wins,NO,27,51.0000,100.0000,2026-09-20T05:35:58Z,2026-09-20T06:51:51Z,settled,settled,0.4724,12.7576,92.6500
bot_lab6,KXWTAMATCH-26SEP20IBRSAI-SAI,Sara Saito wins,YES,37,29.0000,0.0000,2026-09-19T20:39:08Z,2026-09-20T06:51:52Z,settled,settled,0.5333,-11.2633,-104.9700
bot_lab2,KXWTAMATCH-26SEP20YAMOKA-YAM,Mei Yamaguchi wins,YES,35,44.0000,22.0000,2026-09-20T06:39:07Z,2026-09-20T06:59:13Z,closed,exp9_stop_loss,1.0242,-8.7242,-56.6500
bot,KXWTAMATCH-26SEP19GARMOR-GAR,Joanna Garland wins,YES,33,66.0000,97.0000,2026-09-20T06:08:22Z,2026-09-20T07:26:04Z,closed,exp9_take_profit,0.5857,9.6443,44.2800
bot_hold,KXWTAMATCH-26SEP19GARMOR-GAR,Joanna Garland wins,YES,33,66.0000,100.0000,2026-09-20T06:08:28Z,2026-09-20T07:32:13Z,settled,settled,0.5184,10.7016,49.1300
bot_lab3,KXWTAMATCH-26SEP20YAMOKA-YAM,Mei Yamaguchi wins,YES,35,44.0000,0.0000,2026-09-20T06:39:09Z,2026-09-20T07:41:22Z,settled,settled,0.6037,-16.0037,-103.9200
bot_lab6,KXWTAMATCH-26SEP20YAMOKA-YAM,Mei Yamaguchi wins,YES,35,44.0000,0.0000,2026-09-20T06:39:10Z,2026-09-20T07:41:22Z,settled,settled,0.6037,-16.0037,-103.9200
bot_lab5,KXWTAMATCH-26SEP20YAMOKA-YAM,Mei Yamaguchi wins,YES,35,44.0000,0.0000,2026-09-20T06:39:09Z,2026-09-20T07:41:22Z,settled,settled,0.6037,-16.0037,-103.9200
bot_lab4,KXITFMATCH-26SEP20HUEBAT-BAT,Yannis Batsabaken wins,NO,46,25.0000,100.0000,2026-09-20T07:39:53Z,2026-09-20T10:41:37Z,settled,settled,0.6038,33.8962,294.7500
bot_lab4,KXITFMATCH-26SEP20KARBRA-BRA,Alexander Bravo wins,YES,46,28.0000,0.0000,2026-09-20T10:26:36Z,2026-09-20T11:46:28Z,settled,settled,0.6492,-13.5292,-105.0400
bot,KXWTAMATCH-26SEP20TARUCH-TAR,Lanlana Tararudee wins,YES,37,67.0000,97.0000,2026-09-20T06:54:24Z,2026-09-21T05:22:20Z,closed,exp9_take_profit,0.6481,10.4519,42.1600
bot_chalk,KXWTAMATCH-26SEP20TARUCH-UCH,Moyuka Uchijima wins,NO,35,70.0000,97.0000,2026-09-21T03:09:37Z,2026-09-21T05:22:20Z,closed,exp9_take_profit,0.5858,8.8642,36.1800
bot_hold,KXWTAMATCH-26SEP20TARUCH-TAR,Lanlana Tararudee wins,YES,37,67.0000,100.0000,2026-09-20T06:54:25Z,2026-09-21T05:31:19Z,settled,settled,0.5727,11.6373,46.9400
bot,KXWTAMATCH-26SEP20YAOJOI-YAO,Xinxin Yao wins,NO,37,68.0000,42.0000,2026-09-21T05:26:13Z,2026-09-21T05:33:31Z,closed,exp9_stop_loss,1.1946,-10.8146,-42.9800
bot_hold,KXWTAMATCH-26SEP20YAOJOI-YAO,Xinxin Yao wins,NO,37,68.0000,100.0000,2026-09-21T05:26:14Z,2026-09-21T05:56:36Z,settled,settled,0.5636,11.2764,44.8200
bot,KXWTAMATCH-26SEP20GIBFER-FER,Fiona Ferro wins,NO,43,58.0000,63.0000,2026-09-20T10:41:50Z,2026-09-21T06:10:37Z,closed,exp9_model_shift,1.4350,0.7150,2.8700
bot,KXWTAMATCH-26SEP21MLAHIB-MLA,Kristina Mladenovic wins,NO,32,73.0000,36.0000,2026-09-21T04:55:50Z,2026-09-21T06:42:45Z,closed,exp9_stop_loss,0.9577,-12.7977,-54.7800
bot_chalk,KXWTAMATCH-26SEP21MLAHIB-MLA,Kristina Mladenovic wins,NO,35,70.0000,36.0000,2026-09-21T06:27:00Z,2026-09-21T06:42:45Z,closed,exp9_stop_loss,1.0790,-12.9790,-52.9800
bot_lab3,KXWTAMATCH-26SEP20YUABAC-YUA,Yue Yuan wins,NO,40,26.0000,57.0000,2026-09-21T06:11:51Z,2026-09-21T06:56:05Z,closed,exp9b_take_profit,1.2251,11.1749,107.4500
bot_lab2,KXWTAMATCH-26SEP20YUABAC-YUA,Yue Yuan wins,NO,40,26.0000,57.0000,2026-09-21T06:11:50Z,2026-09-21T06:56:05Z,closed,exp9b_take_profit,1.2251,11.1749,107.4500
bot_hold,KXWTAMATCH-26SEP21MLAHIB-MLA,Kristina Mladenovic wins,NO,32,73.0000,100.0000,2026-09-21T04:55:51Z,2026-09-21T07:12:09Z,settled,settled,0.4416,8.1984,35.1000
bot_hold,KXWTAMATCH-26SEP20GIBFER-FER,Fiona Ferro wins,NO,43,58.0000,100.0000,2026-09-20T10:41:50Z,2026-09-21T07:32:07Z,settled,settled,0.7333,17.3267,69.4700
bot_lab,KXWTAMATCH-26SEP20GIBFER-FER,Fiona Ferro wins,NO,65,58.0000,100.0000,2026-09-20T10:41:51Z,2026-09-21T07:32:08Z,settled,settled,1.1084,26.1916,69.4700
bot_lab4,KXITFMATCH-26SEP21BULARI-ARI,Kaya Arinc wins,NO,39,46.0000,0.0000,2026-09-21T00:52:26Z,2026-09-21T07:47:07Z,settled,settled,0.6782,-18.6182,-103.7800
bot,KXWTAMATCH-26SEP20RAKKUD-RAK,Kamilla Rakhimova wins,YES,20,62.0000,37.0000,2026-09-21T05:56:37Z,2026-09-21T08:19:44Z,closed,exp9_stop_loss,0.6563,-5.6563,-45.6200
bot_lab,KXWTAMATCH-26SEP20RAKKUD-RAK,Kamilla Rakhimova wins,YES,68,55.0000,100.0000,2026-09-21T07:43:03Z,2026-09-21T08:41:11Z,settled,settled,1.1781,29.4219,78.6700
bot_hold,KXWTAMATCH-26SEP20RAKKUD-RAK,Kamilla Rakhimova wins,YES,20,62.0000,100.0000,2026-09-21T05:56:37Z,2026-09-21T08:41:12Z,settled,settled,0.3299,7.2701,58.6300
bot_lab5,KXWTAMATCH-26SEP20YUABAC-YUA,Yue Yuan wins,NO,40,26.0000,100.0000,2026-09-21T06:11:52Z,2026-09-21T08:56:30Z,settled,settled,0.5388,29.0612,279.4300
bot_lab6,KXWTAMATCH-26SEP20YUABAC-YUA,Yue Yuan wins,NO,40,26.0000,100.0000,2026-09-21T06:11:52Z,2026-09-21T08:56:37Z,settled,settled,0.5388,29.0612,279.4300
bot_lab2,KXWTAMATCH-26SEP21ASTLIN-AST,Darya Astakhova wins,YES,40,38.0000,18.0000,2026-09-21T06:11:50Z,2026-09-21T09:07:31Z,closed,exp9_stop_loss,1.0730,-9.0730,-59.6900
bot_lab7,KXITFMATCH-26SEP21MINMES-MIN,Daniele Minighini wins,YES,20,50.0000,100.0000,2026-09-21T08:58:59Z,2026-09-21T10:26:58Z,settled,settled,0.3500,9.6500,96.5000
bot_lab4,KXITFMATCH-26SEP21MINMES-MIN,Daniele Minighini wins,NO,52,27.0000,0.0000,2026-09-21T08:43:50Z,2026-09-21T10:26:58Z,settled,settled,0.7175,-14.7575,-105.1100
bot_lab4,KXITFMATCH-26SEP21PRILEN-LEN,Justin Lenders wins,YES,40,31.0000,0.0000,2026-09-21T10:45:16Z,2026-09-21T10:47:18Z,settled,settled,0.5990,-12.9990,-104.8300
bot_lab4,KXITFMATCH-26SEP21NGIHUE-NGI,Pierre Ngijol Carre wins,YES,41,34.0000,0.0000,2026-09-21T09:59:44Z,2026-09-21T10:57:17Z,settled,settled,0.6441,-14.5841,-104.6200
bot_lab4,KXITFMATCH-26SEP21TRIBOV-TRI,Nikodije Trivunac wins,NO,40,41.0000,0.0000,2026-09-21T10:30:01Z,2026-09-21T11:17:14Z,settled,settled,0.6774,-17.0774,-104.1300
bot_lab3,KXWTAMATCH-26SEP21ASTLIN-AST,Darya Astakhova wins,YES,40,38.0000,74.0000,2026-09-21T06:11:51Z,2026-09-21T11:47:49Z,closed,exp9b_take_profit,1.1985,13.2015,86.8500
bot_lab5,KXWTAMATCH-26SEP21ASTLIN-AST,Darya Astakhova wins,YES,40,38.0000,100.0000,2026-09-21T06:11:51Z,2026-09-21T11:57:00Z,settled,settled,0.6597,24.1403,158.8200
bot_lab6,KXWTAMATCH-26SEP21ASTLIN-AST,Darya Astakhova wins,YES,40,38.0000,100.0000,2026-09-21T06:11:52Z,2026-09-21T11:57:00Z,settled,settled,0.6597,24.1403,158.8200
bot_lab7,KXITFMATCH-26SEP21DEMCOC-DEM,Andrea De Marchi wins,YES,16,62.0000,100.0000,2026-09-21T10:30:02Z,2026-09-21T12:12:00Z,settled,settled,0.2639,5.8161,58.6300
bot_lab7,KXITFMATCH-26SEP21VOEWAG-VOE,Gray Voelzke wins,NO,17,60.0000,100.0000,2026-09-21T11:30:43Z,2026-09-21T12:26:34Z,settled,settled,0.2856,6.5144,63.8700
bot,KXWTAMATCH-26SEP20QUEPOD-QUE,Kaitlin Quevedo wins,YES,19,57.0000,34.0000,2026-09-19T21:39:38Z,2026-09-21T14:18:31Z,closed,exp9_stop_loss,0.6245,-4.9945,-46.1200
bot_lab2,KXWTAMATCH-26SEP21HUNGAR-HUN,Storm Hunter wins,YES,45,33.0000,33.0000,2026-09-21T15:03:58Z,2026-09-21T15:05:15Z,closed,exp9_model_shift,1.3930,-1.3930,-9.3800
bot_lab6,KXWTAMATCH-26SEP21HUNGAR-HUN,Storm Hunter wins,YES,45,33.0000,0.0000,2026-09-21T15:04:00Z,2026-09-21T15:32:37Z,settled,settled,0.6965,-15.5465,-104.6900
bot_lab5,KXWTAMATCH-26SEP21HUNGAR-HUN,Storm Hunter wins,YES,45,33.0000,0.0000,2026-09-21T15:03:59Z,2026-09-21T15:32:38Z,settled,settled,0.6965,-15.5465,-104.6900
bot_lab3,KXWTAMATCH-26SEP21HUNGAR-HUN,Storm Hunter wins,YES,45,33.0000,0.0000,2026-09-21T15:03:59Z,2026-09-21T15:32:39Z,settled,settled,0.6965,-15.5465,-104.6900
bot_lab4,KXITFMATCH-26SEP21REJSIM-REJ,William Rejchtman Vinciguerra wins,NO,47,30.0000,56.0000,2026-09-21T08:13:26Z,2026-09-21T16:14:54Z,closed,exp9b_take_profit,1.5016,10.7184,76.0200
bot_hold,KXWTAMATCH-26SEP20QUEPOD-QUE,Kaitlin Quevedo wins,YES,19,57.0000,100.0000,2026-09-19T21:39:38Z,2026-09-21T16:21:56Z,settled,settled,0.3260,7.8440,72.4300
bot_lab4,KXITFMATCH-26SEP21TAIMOR-TAI,Pierre Antoine Tailleu wins,YES,42,27.0000,0.0000,2026-09-21T14:48:44Z,2026-09-21T16:37:22Z,settled,settled,0.5795,-11.9195,-105.1100
bot_lab4,KXITFMATCH-26SEP21CUELAG-LAG,Eduardo Lage wins,NO,34,37.0000,0.0000,2026-09-21T23:51:50Z,2026-09-22T01:48:10Z,settled,settled,0.5548,-13.1348,-104.4100
bot_lab2,KXWTAMATCH-26SEP20LYSRUS-RUS,Elena-Gabriela Ruse wins,NO,32,37.0000,18.0000,2026-09-21T20:24:44Z,2026-09-22T03:14:07Z,closed,exp9_stop_loss,0.8529,-6.9329,-58.5500
bot,KXWTAMATCH-26SEP20PARMON-PAR,Sohyun Park wins,NO,28,88.0000,55.0000,2026-09-20T07:39:51Z,2026-09-22T04:06:34Z,closed,exp9_stop_loss,0.6921,-9.9321,-40.3100
bot_lab6,KXWTAMATCH-26SEP20LYSRUS-RUS,Elena-Gabriela Ruse wins,NO,32,37.0000,0.0000,2026-09-21T20:24:46Z,2026-09-22T04:26:56Z,settled,settled,0.5222,-12.3622,-104.4100
bot_lab3,KXWTAMATCH-26SEP20LYSRUS-RUS,Elena-Gabriela Ruse wins,NO,32,37.0000,0.0000,2026-09-21T20:24:45Z,2026-09-22T04:26:57Z,settled,settled,0.5222,-12.3622,-104.4100
bot_lab5,KXWTAMATCH-26SEP20LYSRUS-RUS,Elena-Gabriela Ruse wins,NO,32,37.0000,0.0000,2026-09-21T20:24:45Z,2026-09-22T04:26:58Z,settled,settled,0.5222,-12.3622,-104.4100
bot,KXATPMATCH-26SEP22MULPAV-MUL,Alexandre Muller wins,YES,24,63.0000,61.0000,2026-09-21T19:06:55Z,2026-09-22T05:18:44Z,closed,exp9_model_shift,0.7914,-1.2714,-8.4100
bot_lab2,KXATPMATCH-26SEP22YMEGAL-GAL,Alexis Galarneau wins,NO,40,34.0000,36.0000,2026-09-21T21:58:31Z,2026-09-22T05:18:47Z,closed,exp9_model_shift,1.2736,-0.4736,-3.4800
bot_hold,KXWTAMATCH-26SEP20PARMON-PAR,Sohyun Park wins,NO,28,88.0000,0.0000,2026-09-20T07:39:52Z,2026-09-22T05:32:29Z,settled,settled,0.2070,-24.8470,-100.8400
bot_hold,KXATPMATCH-26SEP22DANDEL-DAN,Taro Daniel wins,YES,30,75.0000,100.0000,2026-09-21T20:40:11Z,2026-09-22T05:36:41Z,settled,settled,0.3938,7.1062,31.5800
bot,KXATPMATCH-26SEP22DANDEL-DAN,Taro Daniel wins,YES,30,75.0000,100.0000,2026-09-21T20:40:10Z,2026-09-22T05:36:42Z,settled,settled,0.3938,7.1062,31.5800
bot,KXATPMATCH-26SEP22BARILA-ILA,Andre Ilagan wins,YES,39,61.0000,36.0000,2026-09-22T05:25:26Z,2026-09-22T05:51:26Z,closed,exp9_stop_loss,1.2785,-11.0285,-46.3600
bot_lab2,KXWTAMATCH-26SEP20PROCOS-PRO,Tatiana Prozorova wins,NO,35,41.0000,36.0000,2026-09-20T07:39:52Z,2026-09-22T06:05:30Z,closed,exp9_model_shift,1.1572,-2.9072,-20.2600
bot,KXWTAMATCH-26SEP21IBRYEO-YEO,Yeon Woo Ku wins,NO,25,51.0000,30.0000,2026-09-22T05:40:52Z,2026-09-22T06:15:15Z,closed,exp9_stop_loss,0.8049,-6.0549,-47.4900
bot_hold,KXATPMATCH-26SEP22BARILA-ILA,Andre Ilagan wins,YES,39,61.0000,0.0000,2026-09-22T05:25:26Z,2026-09-22T06:46:33Z,settled,settled,0.6495,-24.4395,-102.7300
bot,KXATPMATCH-26SEP22TOMRIG-RIG,Rigele TE wins,NO,30,83.0000,46.0000,2026-09-21T19:22:22Z,2026-09-22T06:49:39Z,closed,exp9_stop_loss,0.8181,-11.9181,-47.8600
bot_hold,KXWTAMATCH-26SEP21IBRYEO-YEO,Yeon Woo Ku wins,NO,25,51.0000,0.0000,2026-09-22T05:40:53Z,2026-09-22T07:12:35Z,settled,settled,0.4374,-13.1874,-103.4300
bot_lab2,KXWTAMATCH-26SEP21JONYEX-YEX,Yexin Ma wins,NO,33,47.0000,37.0000,2026-09-22T06:42:53Z,2026-09-22T07:13:57Z,closed,exp9_model_shift,1.1140,-4.4140,-28.4600
bot_hold,KXATPMATCH-26SEP22MULPAV-MUL,Alexandre Muller wins,YES,24,63.0000,100.0000,2026-09-21T19:06:56Z,2026-09-22T07:21:40Z,settled,settled,0.3917,8.4883,56.1400
bot_lab,KXATPMATCH-26SEP22MULPAV-PAV,Luka Pavlovic wins,NO,60,59.0000,100.0000,2026-09-21T21:27:19Z,2026-09-22T07:21:42Z,settled,settled,1.0160,23.5840,66.6200
bot_lab3,KXWTAMATCH-26SEP20PROCOS-PRO,Tatiana Prozorova wins,NO,35,41.0000,86.0000,2026-09-20T07:39:53Z,2026-09-22T07:28:54Z,closed,exp9b_take_profit,0.8877,14.8623,103.5700
bot_lab3,KXWTAMATCH-26SEP21JONYEX-YEX,Yexin Ma wins,NO,33,47.0000,0.0000,2026-09-22T06:42:54Z,2026-09-22T07:37:06Z,settled,settled,0.5755,-16.0855,-103.7100
bot_lab6,KXATPMATCH-26SEP22YMEGAL-GAL,Alexis Galarneau wins,NO,40,34.0000,0.0000,2026-09-21T21:58:33Z,2026-09-22T07:37:13Z,settled,settled,0.6284,-14.2284,-104.6200
bot_lab5,KXATPMATCH-26SEP22YMEGAL-GAL,Alexis Galarneau wins,NO,40,34.0000,0.0000,2026-09-21T21:58:33Z,2026-09-22T07:37:13Z,settled,settled,0.6284,-14.2284,-104.6200
bot_lab6,KXWTAMATCH-26SEP21JONYEX-YEX,Yexin Ma wins,NO,33,47.0000,0.0000,2026-09-22T06:42:55Z,2026-09-22T07:37:13Z,settled,settled,0.5755,-16.0855,-103.7100
bot_lab5,KXWTAMATCH-26SEP21JONYEX-YEX,Yexin Ma wins,NO,33,47.0000,0.0000,2026-09-22T06:42:54Z,2026-09-22T07:37:13Z,settled,settled,0.5755,-16.0855,-103.7100
bot_lab3,KXATPMATCH-26SEP22YMEGAL-GAL,Alexis Galarneau wins,NO,40,34.0000,0.0000,2026-09-21T21:58:32Z,2026-09-22T07:37:13Z,settled,settled,0.6284,-14.2284,-104.6200
bot_chalk,KXATPMATCH-26SEP22TOMRIG-TOM,Bernard Tomic wins,YES,31,79.0000,97.0000,2026-09-22T07:13:36Z,2026-09-22T08:16:50Z,closed,exp9_take_profit,0.4233,5.1567,21.0600
bot_hold,KXATPMATCH-26SEP22TOMRIG-RIG,Rigele TE wins,NO,30,83.0000,100.0000,2026-09-21T19:22:23Z,2026-09-22T08:22:18Z,settled,settled,0.2964,4.8036,19.2900
bot,KXATPMATCH-26SEP22CASKOT-KOT,Pavel Kotov wins,YES,38,65.0000,38.0000,2026-09-22T08:30:49Z,2026-09-22T08:32:45Z,closed,exp9_stop_loss,1.2319,-11.4919,-46.5300
bot,KXATPMATCH-26SEP22MOCXIA-MOC,Shintaro Mochizuki wins,YES,33,76.0000,93.0000,2026-09-22T07:44:48Z,2026-09-22T08:41:18Z,closed,exp9_take_profit,0.5718,5.0382,20.0900
bot_lab2,KXWTAMATCH-26SEP20OSTZAK-ZAK,Anastasia Zakharova wins,NO,32,47.0000,96.0000,2026-09-22T07:29:17Z,2026-09-22T08:44:35Z,closed,exp9b_take_profit,0.6441,15.0359,99.9700
bot_lab3,KXWTAMATCH-26SEP20OSTZAK-ZAK,Anastasia Zakharova wins,NO,32,47.0000,96.0000,2026-09-22T07:29:19Z,2026-09-22T08:44:35Z,closed,exp9b_take_profit,0.6441,15.0359,99.9700
bot_lab4,KXITFMATCH-26SEP22MORIGN-MOR,Snir Morag wins,NO,42,41.0000,0.0000,2026-09-22T05:10:09Z,2026-09-22T08:53:42Z,settled,settled,0.7112,-17.9312,-104.1300
bot_lab5,KXWTAMATCH-26SEP20PROCOS-PRO,Tatiana Prozorova wins,NO,35,41.0000,0.0000,2026-09-20T07:39:54Z,2026-09-22T09:01:22Z,settled,settled,0.5927,-14.9427,-104.1300
bot_lab6,KXWTAMATCH-26SEP20PROCOS-PRO,Tatiana Prozorova wins,NO,35,41.0000,0.0000,2026-09-20T07:39:54Z,2026-09-22T09:01:23Z,settled,settled,0.5927,-14.9427,-104.1300
bot_lab4,KXITFMATCH-26SEP22MATCEK-CEK,Kuzey Cekirge wins,NO,33,34.0000,0.0000,2026-09-22T08:15:34Z,2026-09-22T09:08:05Z,settled,settled,0.5184,-11.7384,-104.6200
bot_lab5,KXWTAMATCH-26SEP20OSTZAK-ZAK,Anastasia Zakharova wins,NO,32,47.0000,100.0000,2026-09-22T07:29:19Z,2026-09-22T09:11:54Z,settled,settled,0.5580,16.4020,109.0600
bot_lab6,KXWTAMATCH-26SEP20OSTZAK-ZAK,Anastasia Zakharova wins,NO,32,47.0000,100.0000,2026-09-22T07:29:19Z,2026-09-22T09:11:54Z,settled,settled,0.5580,16.4020,109.0600
bot_chalk,KXATPMATCH-26SEP22MOCXIA-XIA,Linang Xiao wins,NO,33,74.0000,46.0000,2026-09-22T09:17:10Z,2026-09-22T09:29:35Z,closed,exp9_stop_loss,1.0184,-10.2584,-42.0100
bot_lab4,KXITFMATCH-26SEP22SHENAH-SHE,Leonid Sheyngezikht wins,NO,39,46.0000,0.0000,2026-09-22T08:00:12Z,2026-09-22T09:32:36Z,settled,settled,0.6782,-18.6182,-103.7800
bot_lab4,KXITFMATCH-26SEP21BAUSOU-SOU,Martin Soukal wins,YES,40,25.0000,0.0000,2026-09-22T02:31:59Z,2026-09-22T09:32:38Z,settled,settled,0.5250,-10.5250,-105.2500
bot_lab4,KXITFMATCH-26SEP22HOFHAR-HOF,Moritz Hoffmann wins,NO,41,40.0000,0.0000,2026-09-22T08:46:13Z,2026-09-22T09:32:38Z,settled,settled,0.6888,-17.0888,-104.2000
bot_lab4,KXITFMATCH-26SEP22GALPUJ-GAL,Juan Ignacio Gallego wins,NO,40,26.0000,97.0000,2026-09-22T08:00:13Z,2026-09-22T09:34:37Z,closed,exp9b_take_profit,0.6203,27.7797,267.1100
bot_lab7,KXITFMATCH-26SEP22FILBAC-FIL,Karol Filar wins,YES,17,60.0000,100.0000,2026-09-22T09:01:35Z,2026-09-22T09:57:54Z,settled,settled,0.2856,6.5144,63.8700
bot_lab4,KXITFMATCH-26SEP22GREDRA-DRA,Thomas Drayton wins,YES,51,28.0000,0.0000,2026-09-22T08:30:51Z,2026-09-22T10:17:25Z,settled,settled,0.7198,-14.9998,-105.0400
bot_lab4,KXITFMATCH-26SEP22NORDOM-DOM,Daniel Domingos wins,YES,32,42.0000,48.0000,2026-09-22T10:03:24Z,2026-09-22T10:21:52Z,closed,exp9b_take_profit,1.1049,0.8151,6.0600
bot_hold,KXATPMATCH-26SEP22MOCXIA-MOC,Shintaro Mochizuki wins,YES,33,76.0000,100.0000,2026-09-22T07:44:49Z,2026-09-22T10:21:54Z,settled,settled,0.4214,7.4986,29.9000
bot_hold,KXATPMATCH-26SEP22CASKOT-KOT,Pavel Kotov wins,YES,38,65.0000,100.0000,2026-09-22T08:30:50Z,2026-09-22T10:31:52Z,settled,settled,0.6052,12.6948,51.4000
bot_lab7,KXITFMATCH-26SEP22BOUVIS-VIS,Mac Visser wins,NO,18,55.0000,100.0000,2026-09-22T10:49:52Z,2026-09-22T10:57:28Z,settled,settled,0.3119,7.7881,78.6700
bot_lab4,KXITFMATCH-26SEP22ANGURA-ANG,Leonardo Angeloni wins,NO,44,34.0000,0.0000,2026-09-22T10:03:23Z,2026-09-22T11:18:02Z,settled,settled,0.6912,-15.6512,-104.6200
bot_lab4,KXITFMATCH-26SEP22VALOSM-VAL,Federico Valle wins,NO,37,44.0000,0.0000,2026-09-22T07:13:40Z,2026-09-22T11:47:45Z,settled,settled,0.6382,-16.9182,-103.9200
bot_lab4,KXITFMATCH-26SEP22VANRIV-VAN,Kris van Wyk wins,YES,37,34.0000,99.0000,2026-09-22T12:37:21Z,2026-09-22T14:28:52Z,closed,exp9b_take_profit,0.6069,23.4431,186.3500
bot_lab4,KXITFMATCH-26SEP22MARBRA-BRA,Aleksandr Braynin wins,NO,41,34.0000,90.0000,2026-09-22T12:52:42Z,2026-09-22T14:44:02Z,closed,exp9b_take_profit,0.9024,22.0576,158.2300
bot_lab7,KXITFMATCH-26SEP22BRANOV-NOV,Novak Novakovic wins,NO,19,52.0000,0.0000,2026-09-22T10:34:21Z,2026-09-22T16:12:20Z,settled,settled,0.3320,-10.2120,-103.3600
bot_lab4,KXITFMATCH-26SEP22BRANOV-BRA,Jonah Braswell wins,YES,35,49.0000,0.0000,2026-09-22T14:24:48Z,2026-09-22T16:12:40Z,settled,settled,0.6123,-17.7623,-103.5700
bot_lab4,KXITFMATCH-26SEP22KARKAR2-KAR2,Jack Karlsson Wistrand wins,YES,35,30.0000,79.0000,2026-09-22T05:10:10Z,2026-09-22T17:48:34Z,closed,exp9b_take_profit,0.9210,16.2290,154.5600
bot_lab7,KXITFMATCH-26SEP22KARLIE-LIE,Henry Lieberman wins,NO,20,50.0000,100.0000,2026-09-22T16:28:06Z,2026-09-22T18:13:45Z,settled,settled,0.3500,9.6500,96.5000
bot_lab4,KXITFMATCH-26SEP22KARLIE-KAR,Atakan Karahan wins,NO,49,26.0000,0.0000,2026-09-22T17:44:44Z,2026-09-22T18:13:45Z,settled,settled,0.6600,-13.4000,-105.1800
bot_lab4,KXITFMATCH-26SEP22MATCOX-COX,Nathan Cox wins,YES,42,30.0000,100.0000,2026-09-22T18:30:52Z,2026-09-23T01:43:30Z,settled,settled,0.6174,28.7826,228.4300
bot_chalk,KXWTAMATCH-26SEP22TARPAR-PAR,Sohyun Park wins,NO,29,84.0000,54.0000,2026-09-22T08:30:51Z,2026-09-23T03:44:05Z,closed,exp9_stop_loss,0.7772,-9.4772,-38.9000
bot,KXWTAMATCH-26SEP22TARPAR-PAR,Sohyun Park wins,NO,30,84.0000,51.0000,2026-09-22T08:30:49Z,2026-09-23T03:44:30Z,closed,exp9_stop_loss,0.8071,-10.7071,-42.4900
bot_hold,KXWTAMATCH-26SEP22TARPAR-PAR,Sohyun Park wins,NO,30,84.0000,100.0000,2026-09-22T08:30:50Z,2026-09-23T04:51:31Z,settled,settled,0.2823,4.5177,17.9300
bot_lab2,KXATPMATCH-26SEP21BAEBRO-BAE,Sebastian Baez wins,YES,37,45.0000,36.0000,2026-09-22T05:10:09Z,2026-09-23T05:12:37Z,closed,exp9_model_shift,1.2379,-4.5679,-27.4300
bot,KXATPMATCH-26SEP23BOLSAN-SAN,Akira Santillan wins,NO,17,63.0000,58.0000,2026-09-23T04:49:03Z,2026-09-23T05:43:29Z,closed,exp9_model_shift,0.5673,-1.4173,-13.2300
bot_lab,KXATPMATCH-26SEP23BOLSAN-BOL,Alex Bolt wins,YES,68,55.0000,100.0000,2026-09-23T05:36:14Z,2026-09-23T06:16:52Z,settled,settled,1.1781,29.4219,78.6700
bot_hold,KXATPMATCH-26SEP23BOLSAN-SAN,Akira Santillan wins,NO,17,63.0000,100.0000,2026-09-23T04:49:05Z,2026-09-23T06:17:11Z,settled,settled,0.2774,6.0126,56.1400
bot_lab6,KXATPMATCH-26SEP21BAEBRO-BAE,Sebastian Baez wins,YES,37,45.0000,0.0000,2026-09-22T05:10:11Z,2026-09-23T06:56:05Z,settled,settled,0.6411,-17.2911,-103.8500
bot_lab5,KXATPMATCH-26SEP21BAEBRO-BAE,Sebastian Baez wins,YES,37,45.0000,0.0000,2026-09-22T05:10:10Z,2026-09-23T06:56:05Z,settled,settled,0.6411,-17.2911,-103.8500
bot_lab3,KXATPMATCH-26SEP21BAEBRO-BAE,Sebastian Baez wins,YES,37,45.0000,0.0000,2026-09-22T05:10:09Z,2026-09-23T06:56:06Z,settled,settled,0.6411,-17.2911,-103.8500
bot_lab7,KXITFMATCH-26SEP23MANTIU-TIU,Evgenii Tiurnev wins,YES,17,60.0000,0.0000,2026-09-23T06:54:43Z,2026-09-23T07:28:42Z,settled,settled,0.2856,-10.4856,-102.8000
bot_lab4,KXITFMATCH-26SEP23BAKDOL-DOL,Dmitry Dolzhenkov wins,NO,33,42.0000,0.0000,2026-09-23T06:54:41Z,2026-09-23T07:28:51Z,settled,settled,0.5628,-14.4228,-104.0600
bot,KXATPMATCH-26SEP22MOCKOT-MOC,Shintaro Mochizuki wins,NO,25,54.0000,32.0000,2026-09-23T07:11:58Z,2026-09-23T07:31:38Z,closed,exp9_stop_loss,0.8155,-6.3155,-46.7800
bot_lab2,KXATPMATCH-26SEP23TOMSUN-TOM,Bernard Tomic wins,YES,37,45.0000,20.0000,2026-09-23T07:42:45Z,2026-09-23T07:47:10Z,closed,exp9_stop_loss,1.0555,-10.3055,-61.8900
bot_lab4,KXITFMATCH-26SEP23BEANAK-BEA,Nick Beamish wins,NO,41,32.0000,0.0000,2026-09-23T05:51:59Z,2026-09-23T08:07:55Z,settled,settled,0.6246,-13.7446,-104.7600
bot_lab5,KXATPMATCH-26SEP23TOMSUN-TOM,Bernard Tomic wins,YES,37,45.0000,0.0000,2026-09-23T07:42:46Z,2026-09-23T08:12:06Z,settled,settled,0.6411,-17.2911,-103.8500
bot_lab6,KXATPMATCH-26SEP23TOMSUN-TOM,Bernard Tomic wins,YES,37,45.0000,0.0000,2026-09-23T07:42:49Z,2026-09-23T08:12:06Z,settled,settled,0.6411,-17.2911,-103.8500
bot_lab3,KXATPMATCH-26SEP23TOMSUN-TOM,Bernard Tomic wins,YES,37,45.0000,0.0000,2026-09-23T07:42:46Z,2026-09-23T08:12:06Z,settled,settled,0.6411,-17.2911,-103.8500
bot_hold,KXATPMATCH-26SEP22MOCKOT-MOC,Shintaro Mochizuki wins,NO,25,54.0000,0.0000,2026-09-23T07:12:00Z,2026-09-23T08:16:42Z,settled,settled,0.4347,-13.9347,-103.2200
bot_hold,KXATPMATCH-26SEP21KOPJIA-KOP,Vit Kopriva wins,YES,28,90.0000,100.0000,2026-09-21T13:01:52Z,2026-09-23T08:52:09Z,settled,settled,0.1764,2.6236,10.4100
bot,KXATPMATCH-26SEP21KOPJIA-KOP,Vit Kopriva wins,YES,28,90.0000,100.0000,2026-09-21T13:01:52Z,2026-09-23T08:52:11Z,settled,settled,0.1764,2.6236,10.4100
bot_lab,KXATPMATCH-26SEP21ROYWAL-WAL,Adam Walton wins,YES,44,50.0000,0.0000,2026-09-21T18:51:28Z,2026-09-23T16:03:40Z,settled,settled,0.7700,-22.7700,-103.5000
bot_lab6,KXATPMATCH-26SEP21ROYWAL-WAL,Adam Walton wins,YES,31,47.0000,0.0000,2026-09-21T20:24:46Z,2026-09-23T16:04:34Z,settled,settled,0.5406,-15.1106,-103.7100
bot,KXATPMATCH-26SEP21ROYWAL-ROY,Valentin Royer wins,NO,17,53.0000,0.0000,2026-09-21T15:50:15Z,2026-09-23T16:04:41Z,settled,settled,0.2965,-9.3065,-103.2900
bot_hold,KXATPMATCH-26SEP21ROYWAL-ROY,Valentin Royer wins,NO,17,53.0000,0.0000,2026-09-21T15:50:16Z,2026-09-23T16:04:42Z,settled,settled,0.2965,-9.3065,-103.2900
bot_lab7,KXITFMATCH-26SEP23SORAGW-SOR,Adria Soriano Barrera wins,YES,20,51.0000,0.0000,2026-09-23T04:17:42Z,2026-09-23T16:04:42Z,settled,settled,0.3499,-10.5499,-103.4300
bot_lab5,KXATPMATCH-26SEP21ROYWAL-WAL,Adam Walton wins,YES,31,47.0000,0.0000,2026-09-21T20:24:45Z,2026-09-23T16:04:42Z,settled,settled,0.5406,-15.1106,-103.7100
bot_lab7,KXITFMATCH-26SEP23TKETIU-TIU,Ruslan Tiukaev wins,YES,18,56.0000,100.0000,2026-09-23T05:04:40Z,2026-09-23T16:04:43Z,settled,settled,0.3105,7.6095,75.4900
bot_lab7,KXITFMATCH-26SEP23BILMAL-BIL,Jacopo Bilardo wins,NO,16,62.0000,100.0000,2026-09-23T05:52:02Z,2026-09-23T16:04:43Z,settled,settled,0.2639,5.8161,58.6300
bot_lab7,KXITFMATCH-26SEP23MUEVAN-MUE,Calvin Mueller wins,YES,19,54.0000,0.0000,2026-09-23T08:13:31Z,2026-09-23T16:04:44Z,settled,settled,0.3304,-10.5904,-103.2200
bot_lab3,KXATPMATCH-26SEP21ROYWAL-WAL,Adam Walton wins,YES,31,47.0000,0.0000,2026-09-21T20:24:44Z,2026-09-23T16:04:45Z,settled,settled,0.5406,-15.1106,-103.7100
bot_lab2,KXATPMATCH-26SEP21ROYWAL-WAL,Adam Walton wins,YES,31,47.0000,0.0000,2026-09-21T20:24:43Z,2026-09-23T16:04:45Z,settled,settled,0.5406,-15.1106,-103.7100
bot_lab4,KXITFMATCH-26SEP23KLOANG-ANG,Leonardo Angeloni wins,YES,39,39.0000,0.0000,2026-09-23T08:44:53Z,2026-09-23T16:04:45Z,settled,settled,0.6495,-15.8595,-104.2700
bot_lab4,KXITFMATCH-26SEP23THOCLE-CLE,Damien Clerc wins,YES,42,32.0000,0.0000,2026-09-23T08:44:55Z,2026-09-23T16:04:46Z,settled,settled,0.6398,-14.0798,-104.7600
bot_lab,KXWTAMATCH-26SEP23MERKRE-MER,Elise Mertens wins,YES,51,58.0000,67.0000,2026-09-22T15:57:16Z,2026-09-23T16:04:46Z,closed,voided,1.6591,2.9309,9.9100
bot,KXWTAMATCH-26SEP23MERKRE-MER,Elise Mertens wins,YES,34,58.0000,67.0000,2026-09-22T15:57:15Z,2026-09-23T16:04:46Z,closed,voided,1.1061,1.9539,9.9100
bot_hold,KXWTAMATCH-26SEP23MERKRE-MER,Elise Mertens wins,YES,34,58.0000,67.0000,2026-09-22T15:57:15Z,2026-09-23T16:04:46Z,closed,voided,1.1061,1.9539,9.9100
bot_lab7,KXITFMATCH-26SEP23VASMAR-MAR,Wojciech Marek wins,NO,20,51.0000,0.0000,2026-09-23T08:28:43Z,2026-09-23T16:17:13Z,settled,settled,0.3499,-10.5499,-103.4300
bot_lab4,KXITFMATCH-26SEP23THONOV-THO,Matthew Thomson wins,NO,33,47.0000,75.0000,2026-09-23T17:38:40Z,2026-09-23T17:54:18Z,closed,exp9b_take_profit,1.0087,8.2313,53.0700
bot_lab4,KXITFMATCH-26SEP23TABANT-TAB,Fausto Tabacco wins,YES,31,41.0000,82.0000,2026-09-23T16:05:11Z,2026-09-23T18:46:16Z,closed,exp9b_take_profit,0.8453,11.8647,93.3500
bot_lab4,KXITFMATCH-26SEP23ALBBRA-BRA,Giovanni Branchetti wins,YES,31,48.0000,69.0000,2026-09-23T20:58:33Z,2026-09-23T22:15:10Z,closed,exp9b_take_profit,1.0059,5.5041,36.9900
bot,KXWTAMATCH-26SEP23KALOTZ-OTZ,Jana Otzipka wins,NO,35,72.0000,100.0000,2026-09-24T03:11:16Z,2026-09-24T04:28:18Z,settled,settled,0.4940,9.3060,36.9300
bot_chalk,KXWTAMATCH-26SEP23KALOTZ-OTZ,Jana Otzipka wins,NO,34,72.0000,100.0000,2026-09-24T03:11:18Z,2026-09-24T04:28:18Z,settled,settled,0.4799,9.0401,36.9300
bot_hold,KXWTAMATCH-26SEP23KALOTZ-OTZ,Jana Otzipka wins,NO,35,72.0000,100.0000,2026-09-24T03:11:17Z,2026-09-24T04:28:18Z,settled,settled,0.4940,9.3060,36.9300
bot_lab2,KXWTAMATCH-26SEP23BONCHA-CHA,Alina Charaeva wins,YES,49,26.0000,13.0000,2026-09-24T04:44:42Z,2026-09-24T04:49:08Z,closed,exp9_stop_loss,1.0480,-7.4180,-58.2300
bot,KXWTAMATCH-26SEP23BONCHA-BON,Anna Bondar wins,YES,14,55.0000,43.0000,2026-09-24T05:30:40Z,2026-09-24T05:39:15Z,closed,exp9_model_shift,0.4828,-2.1628,-28.0900
bot_lab3,KXWTAMATCH-26SEP23BONCHA-CHA,Alina Charaeva wins,YES,49,26.0000,73.0000,2026-09-24T04:44:42Z,2026-09-24T06:10:58Z,closed,exp9b_take_profit,1.3361,21.6939,170.2800
bot_lab6,KXWTAMATCH-26SEP23BONCHA-CHA,Alina Charaeva wins,YES,49,26.0000,0.0000,2026-09-24T04:44:43Z,2026-09-24T06:26:22Z,settled,settled,0.6600,-13.4000,-105.1800
bot_lab5,KXWTAMATCH-26SEP23BONCHA-CHA,Alina Charaeva wins,YES,49,26.0000,0.0000,2026-09-24T04:44:43Z,2026-09-24T06:26:22Z,settled,settled,0.6600,-13.4000,-105.1800
bot_hold,KXWTAMATCH-26SEP23BONCHA-BON,Anna Bondar wins,YES,14,55.0000,100.0000,2026-09-24T05:30:41Z,2026-09-24T06:26:23Z,settled,settled,0.2426,6.0574,78.6700
bot,KXATPMATCH-26SEP21SHIGAS-SHI,Sho Shimabukuro wins,NO,21,51.0000,98.0000,2026-09-21T12:31:29Z,2026-09-24T06:38:58Z,closed,exp9_take_profit,0.3963,9.4737,88.4600
bot_hold,KXATPMATCH-26SEP21SHIGAS-SHI,Sho Shimabukuro wins,NO,21,51.0000,100.0000,2026-09-21T12:31:30Z,2026-09-24T06:46:27Z,settled,settled,0.3674,9.9226,92.6500
bot_lab7,KXITFMATCH-26SEP23BINBAR-BIN,Alexander Binda wins,YES,16,64.0000,100.0000,2026-09-24T01:39:12Z,2026-09-24T06:53:10Z,settled,settled,0.2581,5.5019,53.7300
bot_lab2,KXATPMATCH-26SEP24HIJSVR-SVR,Dalibor Svrcina wins,NO,30,42.0000,41.0000,2026-09-23T17:54:04Z,2026-09-24T07:15:39Z,closed,exp9_model_shift,1.0196,-1.3196,-10.4700
bot_lab2,KXATPMATCH-26SEP21FARATM-FAR,Jaime Faria wins,YES,41,29.0000,30.0000,2026-09-24T06:48:09Z,2026-09-24T07:41:30Z,closed,exp9_model_shift,1.1937,-0.7837,-6.5900
bot_lab2,KXWTAMATCH-26SEP23OSTPRE-OST,Jelena Ostapenko wins,NO,46,29.0000,28.0000,2026-09-23T06:08:06Z,2026-09-24T07:43:06Z,closed,exp9_model_shift,1.3122,-1.7722,-13.2800
bot,KXATPMATCH-26SEP21YUNZHE-YUN,Yunchaokete Bu wins,NO,16,59.0000,33.0000,2026-09-22T05:10:08Z,2026-09-24T09:00:16Z,closed,exp9_stop_loss,0.5187,-4.6787,-49.5600
bot_lab3,KXWTAMATCH-26SEP23OSTPRE-OST,Jelena Ostapenko wins,NO,46,29.0000,99.0000,2026-09-23T06:08:07Z,2026-09-24T09:00:50Z,closed,exp9b_take_profit,0.6949,31.5051,236.1700
bot_lab3,KXATPMATCH-26SEP24HIJSVR-SVR,Dalibor Svrcina wins,NO,30,42.0000,84.0000,2026-09-23T17:54:06Z,2026-09-24T09:01:15Z,closed,exp9b_take_profit,0.7939,11.8061,93.7000
bot_lab5,KXWTAMATCH-26SEP23OSTPRE-OST,Jelena Ostapenko wins,NO,46,29.0000,100.0000,2026-09-23T06:08:08Z,2026-09-24T09:02:45Z,settled,settled,0.6630,31.9970,239.8600
bot_lab6,KXWTAMATCH-26SEP23OSTPRE-OST,Jelena Ostapenko wins,NO,46,29.0000,100.0000,2026-09-23T06:08:08Z,2026-09-24T09:02:45Z,settled,settled,0.6630,31.9970,239.8600
bot_lab3,KXATPMATCH-26SEP21FARATM-FAR,Jaime Faria wins,YES,41,29.0000,100.0000,2026-09-24T06:48:13Z,2026-09-24T09:02:45Z,settled,settled,0.5910,28.5190,239.8600
bot_lab5,KXATPMATCH-26SEP21FARATM-FAR,Jaime Faria wins,YES,41,29.0000,100.0000,2026-09-24T06:48:14Z,2026-09-24T09:02:45Z,settled,settled,0.5910,28.5190,239.8600
bot_lab6,KXATPMATCH-26SEP21FARATM-FAR,Jaime Faria wins,YES,41,29.0000,100.0000,2026-09-24T06:48:14Z,2026-09-24T09:02:45Z,settled,settled,0.5910,28.5190,239.8600
bot_lab4,KXITFMATCH-26SEP24KHOFER-KHO,Elgin Khoeblal wins,NO,47,29.0000,100.0000,2026-09-24T06:32:51Z,2026-09-24T09:03:56Z,settled,settled,0.6775,32.6925,239.8600
bot_lab4,KXITFMATCH-26SEP24BROYIL-BRO,Oscar Brown wins,NO,42,30.0000,0.0000,2026-09-24T06:17:33Z,2026-09-24T09:03:57Z,settled,settled,0.6174,-13.2174,-104.9000
bot_lab4,KXITFMATCH-26SEP24KLOPAA-PAA,Stijn Paardekooper wins,NO,37,30.0000,0.0000,2026-09-24T03:26:40Z,2026-09-24T09:03:57Z,settled,settled,0.5439,-11.6439,-104.9000
bot_lab5,KXATPMATCH-26SEP24HIJSVR-SVR,Dalibor Svrcina wins,NO,30,42.0000,100.0000,2026-09-23T17:54:07Z,2026-09-24T09:22:23Z,settled,settled,0.5116,16.8884,134.0300
bot_lab6,KXATPMATCH-26SEP24HIJSVR-SVR,Dalibor Svrcina wins,NO,30,42.0000,100.0000,2026-09-23T17:54:07Z,2026-09-24T09:22:25Z,settled,settled,0.5116,16.8884,134.0300
bot,KXWTAMATCH-26SEP23SVIMIN-MIN,Greet Minnen wins,NO,28,80.0000,1.0000,2026-09-24T09:22:23Z,2026-09-24T09:22:25Z,closed,exp9_stop_loss,0.3331,-22.4531,-100.2400
bot,KXATPMATCH-26SEP24KOUMUL-KOU,Moise Kouame wins,NO,15,50.0000,50.0000,2026-09-24T07:34:49Z,2026-09-24T09:29:53Z,closed,exp9_model_shift,0.5250,-0.5250,-7.0000
bot_hold,KXWTAMATCH-26SEP23SVIMIN-MIN,Greet Minnen wins,NO,28,80.0000,0.0000,2026-09-24T09:22:24Z,2026-09-24T09:33:20Z,settled,settled,0.3136,-22.7136,-101.4000
bot,KXATPMATCH-26SEP24KECBAS-KEC,Miomir Kecmanovic wins,YES,21,56.0000,32.0000,2026-09-24T09:06:53Z,2026-09-24T09:52:41Z,closed,exp9_stop_loss,0.6822,-5.7222,-48.6600
bot_lab2,KXATPMATCH-26SEP21SHAMAN-MAN,Adrian Mannarino wins,YES,35,31.0000,58.0000,2026-09-22T23:39:31Z,2026-09-24T09:54:45Z,closed,exp9b_take_profit,1.1210,8.3290,76.7600
bot_lab3,KXATPMATCH-26SEP21SHAMAN-MAN,Adrian Mannarino wins,YES,35,31.0000,58.0000,2026-09-22T23:39:31Z,2026-09-24T09:54:45Z,closed,exp9b_take_profit,1.1210,8.3290,76.7600
bot_lab4,KXITFMATCH-26SEP24HAMFAU-FAU,Romain Faucon wins,YES,31,49.0000,73.0000,2026-09-24T09:22:25Z,2026-09-24T09:56:23Z,closed,exp9b_take_profit,0.9701,6.4699,42.5900
bot_hold,KXATPMATCH-26SEP21YUNZHE-YUN,Yunchaokete Bu wins,NO,16,59.0000,0.0000,2026-09-22T05:10:08Z,2026-09-24T09:56:43Z,settled,settled,0.2710,-9.7110,-102.8700
bot_lab4,KXITFMATCH-26SEP24VANFER-FER,Gianmarco Ferrari wins,YES,53,26.0000,0.0000,2026-09-24T09:38:06Z,2026-09-24T10:17:35Z,settled,settled,0.7139,-14.4939,-105.1800
bot_lab4,KXITFMATCH-26SEP24VANTHO-THO,Flynn Thomas wins,NO,42,39.0000,0.0000,2026-09-24T09:53:27Z,2026-09-24T10:17:36Z,settled,settled,0.6995,-17.0795,-104.2700
bot,KXATPMATCH-26SEP21CUIVAL-VAL,Adolfo Daniel Vallejo wins,YES,34,74.0000,84.0000,2026-09-21T12:31:28Z,2026-09-24T10:30:05Z,closed,exp9_take_profit,0.7779,2.6221,10.4200
bot_chalk,KXATPMATCH-26SEP21CUIVAL-VAL,Adolfo Daniel Vallejo wins,YES,34,72.0000,84.0000,2026-09-21T12:46:37Z,2026-09-24T10:30:05Z,closed,exp9_take_profit,0.7998,3.2802,13.4000
bot_lab,KXATPMATCH-26SEP24KECBAS-KEC,Miomir Kecmanovic wins,YES,63,51.0000,0.0000,2026-09-24T09:22:24Z,2026-09-24T10:31:54Z,settled,settled,1.1021,-33.2321,-103.4300
bot_hold,KXATPMATCH-26SEP24KECBAS-KEC,Miomir Kecmanovic wins,YES,21,56.0000,0.0000,2026-09-24T09:06:53Z,2026-09-24T10:31:54Z,settled,settled,0.3623,-12.1223,-103.0800
bot_hold,KXATPMATCH-26SEP24KOUMUL-KOU,Moise Kouame wins,NO,15,50.0000,100.0000,2026-09-24T07:34:49Z,2026-09-24T10:36:16Z,settled,settled,0.2625,7.2375,96.5000
bot_lab6,KXATPMATCH-26SEP21SHAMAN-MAN,Adrian Mannarino wins,YES,35,31.0000,100.0000,2026-09-22T23:39:32Z,2026-09-24T10:46:21Z,settled,settled,0.5241,23.6259,217.7500
bot_lab5,KXATPMATCH-26SEP21SHAMAN-MAN,Adrian Mannarino wins,YES,35,31.0000,100.0000,2026-09-22T23:39:32Z,2026-09-24T10:46:21Z,settled,settled,0.5241,23.6259,217.7500
bot_lab2,KXATPMATCH-26SEP24DAMMOC-DAM,Martin Damm Jr wins,NO,34,37.0000,34.0000,2026-09-23T16:05:09Z,2026-09-24T10:52:06Z,closed,exp9_model_shift,1.0889,-2.1089,-16.7600
bot_lab4,KXITFMATCH-26SEP24DELKIR-DEL,Liam Delicata wins,YES,35,45.0000,0.0000,2026-09-24T02:09:53Z,2026-09-24T11:12:36Z,settled,settled,0.6064,-16.3564,-103.8500
bot_lab4,KXITFMATCH-26SEP24PERMOR-PER,Giulio Perego wins,YES,50,25.0000,0.0000,2026-09-24T10:24:01Z,2026-09-24T11:22:32Z,settled,settled,0.6563,-13.1563,-105.2500
bot_lab4,KXITFMATCH-26SEP24WEECOL-WEE,Jaden Weekes wins,YES,49,25.0000,0.0000,2026-09-24T01:54:36Z,2026-09-24T11:47:45Z,settled,settled,0.6432,-12.8932,-105.2500
bot_lab5,KXATPMATCH-26SEP24DAMMOC-DAM,Martin Damm Jr wins,NO,34,37.0000,0.0000,2026-09-23T16:05:13Z,2026-09-24T12:06:38Z,settled,settled,0.5548,-13.1348,-104.4100
bot_lab6,KXATPMATCH-26SEP24DAMMOC-DAM,Martin Damm Jr wins,NO,34,37.0000,0.0000,2026-09-23T16:05:19Z,2026-09-24T12:06:39Z,settled,settled,0.5548,-13.1348,-104.4100
bot_lab3,KXATPMATCH-26SEP24DAMMOC-DAM,Martin Damm Jr wins,NO,34,37.0000,0.0000,2026-09-23T16:05:10Z,2026-09-24T12:06:39Z,settled,settled,0.5548,-13.1348,-104.4100
bot_hold,KXATPMATCH-26SEP21CUIVAL-VAL,Adolfo Daniel Vallejo wins,YES,34,74.0000,100.0000,2026-09-21T12:31:29Z,2026-09-24T13:06:21Z,settled,settled,0.4580,8.3820,33.3100
bot,KXWTAMATCH-26SEP22PROEAL-PRO,Tatiana Prozorova wins,NO,35,71.0000,62.0000,2026-09-24T12:59:02Z,2026-09-24T13:09:02Z,closed,exp9_model_shift,1.0818,-4.2318,-17.0300
bot_chalk,KXWTAMATCH-26SEP22PROEAL-PRO,Tatiana Prozorova wins,NO,35,71.0000,41.0000,2026-09-24T12:59:04Z,2026-09-24T13:12:04Z,closed,exp9_stop_loss,1.0972,-11.5972,-46.6700
bot_hold,KXWTAMATCH-26SEP22PROEAL-PRO,Tatiana Prozorova wins,NO,35,71.0000,0.0000,2026-09-24T12:59:03Z,2026-09-24T13:52:18Z,settled,settled,0.5045,-25.3545,-102.0300
bot,KXATPMATCH-26SEP21CERZHO-ZHO,Yi Zhou wins,NO,32,77.0000,98.0000,2026-09-24T13:14:23Z,2026-09-24T14:07:27Z,closed,exp9_take_profit,0.4408,6.2792,25.4800
bot_lab4,KXITFMATCH-26SEP24RODXIL-ROD,Pedro Rodenas wins,NO,41,43.0000,87.0000,2026-09-24T06:48:13Z,2026-09-24T14:12:38Z,closed,exp9b_take_profit,1.0281,17.0119,96.4900
bot_lab7,KXITFMATCH-26SEP24VASMAR-MAR,Wojciech Marek wins,NO,15,68.0000,100.0000,2026-09-24T06:48:15Z,2026-09-24T14:17:12Z,settled,settled,0.2285,4.5715,44.8200
bot_hold,KXATPMATCH-26SEP21CERZHO-ZHO,Yi Zhou wins,NO,32,77.0000,100.0000,2026-09-24T13:14:24Z,2026-09-24T14:21:27Z,settled,settled,0.3968,6.9632,28.2600
bot_hold,KXATPMATCH-26SEP21ZHAWON-ZHA,Zhizhen Zhang wins,NO,32,79.0000,100.0000,2026-09-24T13:29:49Z,2026-09-24T14:31:46Z,settled,settled,0.3717,6.3483,25.1100
bot_chalk,KXATPMATCH-26SEP21ZHAWON-ZHA,Zhizhen Zhang wins,NO,31,79.0000,100.0000,2026-09-24T13:29:49Z,2026-09-24T14:31:51Z,settled,settled,0.3601,6.1499,25.1100
bot,KXATPMATCH-26SEP21ZHAWON-ZHA,Zhizhen Zhang wins,NO,32,79.0000,100.0000,2026-09-24T13:29:48Z,2026-09-24T14:31:51Z,settled,settled,0.3717,6.3483,25.1100
bot_lab4,KXITFMATCH-26SEP24DECFEL-FEL,Jake Fellows wins,YES,42,30.0000,0.0000,2026-09-24T14:16:21Z,2026-09-24T15:47:09Z,settled,settled,0.6174,-13.2174,-104.9000
bot_lab4,KXITFMATCH-26SEP24SCHHER-HER,Theo Herrmann wins,YES,41,46.0000,63.0000,2026-09-24T00:52:37Z,2026-09-24T16:32:35Z,closed,exp9b_take_profit,1.3820,5.5880,29.6300
bot_lab7,KXITFMATCH-26SEP24LEIPAG-PAG,Victor Pagotto wins,YES,18,56.0000,0.0000,2026-09-24T09:53:28Z,2026-09-24T18:05:11Z,settled,settled,0.3105,-10.3905,-103.0800
bot_lab4,KXITFMATCH-26SEP24TOSCOU-COU,Joao Victor Couto Loureiro wins,NO,41,38.0000,0.0000,2026-09-24T19:25:13Z,2026-09-24T20:52:35Z,settled,settled,0.6762,-16.2562,-104.3400
bot_lab4,KXITFMATCH-26SEP24BRASCH-SCH,Joao Eduardo Schiessl wins,NO,45,27.0000,0.0000,2026-09-24T19:10:01Z,2026-09-24T23:06:50Z,settled,settled,0.6209,-12.7709,-105.1100
bot_lab2,KXWTAMATCH-26SEP24VOLBIR-VOL,Katie Volynets wins,NO,51,28.0000,17.0000,2026-09-24T11:11:03Z,2026-09-25T03:14:18Z,closed,exp9_model_shift,1.2236,-6.8336,-47.8500
bot_lab3,KXWTAMATCH-26SEP24VOLBIR-VOL,Katie Volynets wins,NO,51,28.0000,87.0000,2026-09-24T11:11:06Z,2026-09-25T04:55:40Z,closed,exp9b_take_profit,1.1236,28.9664,202.8500
bot_lab2,KXATPMATCH-26SEP25BROSON-SON,Lorenzo Sonego wins,YES,32,46.0000,50.0000,2026-09-24T11:41:42Z,2026-09-25T05:25:50Z,closed,exp9_model_shift,1.1165,0.1635,1.1100
bot,KXATPMATCH-26SEP25JACETC-ETC,Tomas Martin Etcheverry wins,YES,36,62.0000,60.0000,2026-09-24T10:23:59Z,2026-09-25T05:46:03Z,closed,exp9_model_shift,1.1986,-1.9186,-8.6000
bot_lab3,KXATPMATCH-26SEP25BROSON-SON,Lorenzo Sonego wins,YES,32,46.0000,59.0000,2026-09-24T11:41:43Z,2026-09-25T05:56:35Z,closed,exp9b_take_profit,1.0984,3.0616,20.8000
bot_lab4,KXITFMATCH-26SEP24OHXMUK-OHX,Chan-Yeong Oh wins,YES,35,31.0000,0.0000,2026-09-25T05:13:08Z,2026-09-25T07:06:37Z,settled,settled,0.5241,-11.3741,-104.8300
bot,KXATPMATCH-26SEP25TABMAN-TAB,Alejandro Tabilo wins,YES,40,62.0000,36.0000,2026-09-24T13:14:22Z,2026-09-25T07:09:57Z,closed,exp9_stop_loss,1.3049,-11.7049,-47.2000
bot_hold,KXATPMATCH-26SEP25JACETC-ETC,Tomas Martin Etcheverry wins,YES,36,62.0000,0.0000,2026-09-24T10:24:00Z,2026-09-25T07:16:26Z,settled,settled,0.5938,-22.9138,-102.6600
bot_lab4,KXITFMATCH-26SEP25DOLMAJ-MAJ,Marc Majdandzic wins,YES,37,37.0000,0.0000,2026-09-25T06:47:07Z,2026-09-25T07:17:30Z,settled,settled,0.6038,-14.2938,-104.4100
bot,KXATPMATCH-26SEP24MARDAN-MAR,Fabian Marozsan wins,YES,25,68.0000,70.0000,2026-09-24T10:23:59Z,2026-09-25T07:34:15Z,closed,exp9_model_shift,0.7483,-0.2483,-1.4600
bot_lab6,KXATPMATCH-26SEP25BROSON-SON,Lorenzo Sonego wins,YES,32,46.0000,0.0000,2026-09-24T11:41:43Z,2026-09-25T07:56:24Z,settled,settled,0.5565,-15.2765,-103.7800
bot_lab5,KXATPMATCH-26SEP25BROSON-SON,Lorenzo Sonego wins,YES,32,46.0000,0.0000,2026-09-24T11:41:43Z,2026-09-25T07:56:27Z,settled,settled,0.5565,-15.2765,-103.7800
bot_lab4,KXITFMATCH-26SEP24MICCAR-MIC,Daniel Michalski wins,NO,40,29.0000,0.0000,2026-09-24T02:40:35Z,2026-09-25T08:02:03Z,settled,settled,0.5766,-12.1766,-104.9700
bot_hold,KXATPMATCH-26SEP25TABMAN-TAB,Alejandro Tabilo wins,YES,40,62.0000,0.0000,2026-09-24T13:14:23Z,2026-09-25T08:12:10Z,settled,settled,0.6597,-25.4597,-102.6600
bot,KXATPMATCH-26SEP25BASVAN-BAS,Nikoloz Basilashvili wins,NO,37,67.0000,40.0000,2026-09-24T12:12:25Z,2026-09-25T08:51:03Z,closed,exp9_stop_loss,1.1944,-11.1844,-45.1200
bot_lab4,KXITFMATCH-26SEP24SCIRAP-SCI,Matteo Sciahbasi wins,YES,44,32.0000,0.0000,2026-09-24T09:22:25Z,2026-09-25T09:01:55Z,settled,settled,0.6703,-14.7503,-104.7600
bot_hold,KXATPMATCH-26SEP25BASVAN-BAS,Nikoloz Basilashvili wins,NO,37,67.0000,0.0000,2026-09-24T12:12:25Z,2026-09-25T10:11:47Z,settled,settled,0.5727,-25.3627,-102.3100
bot_hold,KXATPMATCH-26SEP24MARDAN-MAR,Fabian Marozsan wins,YES,25,68.0000,100.0000,2026-09-24T10:24:00Z,2026-09-25T10:15:49Z,settled,settled,0.3808,7.6192,44.8200
bot_hold,KXWTAMATCH-26SEP25BOUMUC-BOU,Jessica Bouzas Maneiro wins,NO,34,74.0000,100.0000,2026-09-25T10:05:39Z,2026-09-25T10:56:55Z,settled,settled,0.4580,8.3820,33.3100
bot,KXWTAMATCH-26SEP25BOUMUC-BOU,Jessica Bouzas Maneiro wins,NO,34,74.0000,100.0000,2026-09-25T10:05:35Z,2026-09-25T10:56:55Z,settled,settled,0.4580,8.3820,33.3100
bot,KXWTAMATCH-26SEP24ANDFER-FER,Leylah Fernandez wins,NO,39,64.0000,40.0000,2026-09-25T11:06:30Z,2026-09-25T11:31:51Z,closed,exp9_stop_loss,1.2842,-10.6442,-42.6500
bot_lab4,KXITFMATCH-26SEP25DECMOR-MOR,Diogo Morais wins,YES,40,32.0000,0.0000,2026-09-24T23:48:45Z,2026-09-25T12:06:30Z,settled,settled,0.6093,-13.4093,-104.7600
bot_hold,KXWTAMATCH-26SEP24ANDFER-FER,Leylah Fernandez wins,NO,39,64.0000,0.0000,2026-09-25T11:06:30Z,2026-09-25T12:25:57Z,settled,settled,0.6290,-25.5890,-102.5200
bot_lab2,KXWTAMATCH-26SEP25SAKGIB-GIB,Talia Gibson wins,YES,45,29.0000,55.0000,2026-09-24T17:06:39Z,2026-09-25T12:54:20Z,closed,exp9_model_shift,1.4283,10.2717,78.7100
bot_lab2,KXATPMATCH-26SEP24FARGAS-GAS,Hugo Gaston wins,YES,49,25.0000,7.0000,2026-09-25T12:22:51Z,2026-09-25T13:52:39Z,closed,exp9_stop_loss,0.8665,-9.6865,-79.0700
bot_lab3,KXWTAMATCH-26SEP25SAKGIB-GIB,Talia Gibson wins,YES,45,29.0000,72.0000,2026-09-24T17:06:40Z,2026-09-25T14:12:44Z,closed,exp9b_take_profit,1.2837,18.0663,138.4400
bot_lab5,KXWTAMATCH-26SEP25SAKGIB-GIB,Talia Gibson wins,YES,45,29.0000,100.0000,2026-09-24T17:06:40Z,2026-09-25T14:36:14Z,settled,settled,0.6486,31.3014,239.8600
bot_lab6,KXWTAMATCH-26SEP25SAKGIB-GIB,Talia Gibson wins,YES,45,29.0000,100.0000,2026-09-24T17:06:41Z,2026-09-25T14:36:14Z,settled,settled,0.6486,31.3014,239.8600
bot_lab3,KXATPMATCH-26SEP24FARGAS-GAS,Hugo Gaston wins,YES,49,25.0000,80.0000,2026-09-25T12:22:51Z,2026-09-25T14:40:49Z,closed,exp9b_take_profit,1.1920,25.7580,210.2700
bot_lab5,KXATPMATCH-26SEP24FARGAS-GAS,Hugo Gaston wins,YES,49,25.0000,100.0000,2026-09-25T12:22:52Z,2026-09-25T15:01:40Z,settled,settled,0.6432,36.1068,294.7500
bot_lab6,KXATPMATCH-26SEP24FARGAS-GAS,Hugo Gaston wins,YES,49,25.0000,100.0000,2026-09-25T12:22:52Z,2026-09-25T15:01:40Z,settled,settled,0.6432,36.1068,294.7500
bot_lab4,KXITFMATCH-26SEP25VASBAN-BAN,Samir Banerjee wins,NO,45,25.0000,0.0000,2026-09-25T04:26:23Z,2026-09-25T16:16:51Z,settled,settled,0.5907,-11.8407,-105.2500
bot_lab5,KXWTAMATCH-26SEP24VOLBIR-VOL,Katie Volynets wins,NO,51,28.0000,100.0000,2026-09-24T11:11:06Z,2026-09-26T02:45:59Z,settled,settled,0.7198,36.0002,252.1000
bot_lab6,KXWTAMATCH-26SEP24VOLBIR-VOL,Katie Volynets wins,NO,51,28.0000,100.0000,2026-09-24T11:11:07Z,2026-09-26T02:45:59Z,settled,settled,0.7198,36.0002,252.1000
bot_lab3,KXWTAMATCH-26SEP24BONRUS-RUS,Elena-Gabriela Ruse wins,NO,37,30.0000,61.0000,2026-09-26T02:36:15Z,2026-09-26T03:01:48Z,closed,exp9b_take_profit,1.1601,10.3099,92.8800
bot_lab2,KXWTAMATCH-26SEP24BONRUS-RUS,Elena-Gabriela Ruse wins,NO,37,30.0000,61.0000,2026-09-26T02:36:14Z,2026-09-26T03:01:50Z,closed,exp9b_take_profit,1.1601,10.3099,92.8800
bot,KXWTAMATCH-26SEP24TARJOI-TAR,Lanlana Tararudee wins,YES,15,55.0000,34.0000,2026-09-24T04:29:24Z,2026-09-26T03:19:04Z,closed,exp9_stop_loss,0.4956,-3.6456,-44.1900
bot_lab,KXWTAMATCH-26SEP24TARJOI-TAR,Lanlana Tararudee wins,YES,42,53.0000,0.0000,2026-09-25T07:02:21Z,2026-09-26T04:31:59Z,settled,settled,0.7324,-22.9924,-103.2900
bot_hold,KXWTAMATCH-26SEP24TARJOI-TAR,Lanlana Tararudee wins,YES,15,55.0000,0.0000,2026-09-24T04:29:24Z,2026-09-26T04:31:59Z,settled,settled,0.2599,-8.5099,-103.1500
bot_lab5,KXWTAMATCH-26SEP24BONRUS-RUS,Elena-Gabriela Ruse wins,NO,37,30.0000,100.0000,2026-09-26T02:36:15Z,2026-09-26T04:35:57Z,settled,settled,0.5439,25.3561,228.4300
bot_lab6,KXWTAMATCH-26SEP24BONRUS-RUS,Elena-Gabriela Ruse wins,NO,37,30.0000,100.0000,2026-09-26T02:36:16Z,2026-09-26T04:35:58Z,settled,settled,0.5439,25.3561,228.4300
bot,KXATPMATCH-26SEP25CERDAV-DAV,Alejandro Davidovich Fokina wins,YES,28,59.0000,98.0000,2026-09-25T04:26:21Z,2026-09-26T06:32:43Z,closed,exp9_take_profit,0.5127,10.4073,63.0000
bot_lab,KXATPMATCH-26SEP25CERDAV-DAV,Alejandro Davidovich Fokina wins,YES,43,59.0000,100.0000,2026-09-25T04:26:23Z,2026-09-26T06:35:59Z,settled,settled,0.7282,16.9018,66.6200
bot_hold,KXATPMATCH-26SEP25CERDAV-DAV,Alejandro Davidovich Fokina wins,YES,28,59.0000,100.0000,2026-09-25T04:26:22Z,2026-09-26T06:36:00Z,settled,settled,0.4742,11.0058,66.6200
bot_chalk,KXATPMATCH-26SEP25DAMHUR-DAM,Martin Damm Jr wins,NO,34,72.0000,40.0000,2026-09-25T05:13:07Z,2026-09-26T07:20:49Z,closed,exp9_stop_loss,1.0511,-11.9311,-48.7400
bot,KXATPMATCH-26SEP25DAMHUR-DAM,Martin Damm Jr wins,NO,35,72.0000,40.0000,2026-09-25T04:10:48Z,2026-09-26T07:20:49Z,closed,exp9_stop_loss,1.0820,-12.2820,-48.7400
bot_lab2,KXATPMATCH-26SEP25CINMUL-MUL,Alexandre Muller wins,NO,37,38.0000,18.0000,2026-09-26T07:19:17Z,2026-09-26T07:33:36Z,closed,exp9_stop_loss,0.9926,-8.3926,-59.6900
bot_lab6,KXATPMATCH-26SEP25CINMUL-MUL,Alexandre Muller wins,NO,37,38.0000,0.0000,2026-09-26T07:19:20Z,2026-09-26T08:02:12Z,settled,settled,0.6103,-14.6703,-104.3400
bot_lab5,KXATPMATCH-26SEP25CINMUL-MUL,Alexandre Muller wins,NO,37,38.0000,0.0000,2026-09-26T07:19:19Z,2026-09-26T08:02:24Z,settled,settled,0.6103,-14.6703,-104.3400
bot_lab3,KXATPMATCH-26SEP25CINMUL-MUL,Alexandre Muller wins,NO,37,38.0000,0.0000,2026-09-26T07:19:19Z,2026-09-26T08:02:24Z,settled,settled,0.6103,-14.6703,-104.3400
bot_hold,KXATPMATCH-26SEP25DAMHUR-DAM,Martin Damm Jr wins,NO,35,72.0000,100.0000,2026-09-25T04:10:49Z,2026-09-26T08:46:18Z,settled,settled,0.4940,9.3060,36.9300
bot_lab2,KXWTAMATCH-26SEP26BONBIR-BON,Anna Bondar wins,YES,46,31.0000,9.0000,2026-09-26T09:07:45Z,2026-09-26T09:13:08Z,closed,exp9_stop_loss,0.9526,-11.0726,-77.6500
bot,KXATPMATCH-26SEP25VACHAR-VAC,Valentin Vacherot wins,YES,43,52.0000,44.0000,2026-09-25T04:57:29Z,2026-09-26T09:13:12Z,closed,exp9_model_shift,1.4930,-4.9330,-22.0600
bot_lab7,KXITFMATCH-26SEP26RECPOK-REC,DOMINIK Recek wins,NO,15,68.0000,100.0000,2026-09-26T08:21:21Z,2026-09-26T09:21:38Z,settled,settled,0.2285,4.5715,44.8200
bot_lab4,KXITFMATCH-26SEP26BAUCER-BAU,Stepan Baum wins,YES,45,30.0000,99.0000,2026-09-26T05:31:44Z,2026-09-26T09:25:44Z,closed,exp9b_take_profit,0.6927,30.3573,224.8700
bot_lab6,KXWTAMATCH-26SEP26BONBIR-BON,Anna Bondar wins,YES,46,31.0000,0.0000,2026-09-26T09:07:50Z,2026-09-26T09:26:25Z,settled,settled,0.6888,-14.9488,-104.8300
bot_lab5,KXWTAMATCH-26SEP26BONBIR-BON,Anna Bondar wins,YES,46,31.0000,0.0000,2026-09-26T09:07:49Z,2026-09-26T09:26:25Z,settled,settled,0.6888,-14.9488,-104.8300
bot_lab3,KXWTAMATCH-26SEP26BONBIR-BON,Anna Bondar wins,YES,46,31.0000,0.0000,2026-09-26T09:07:48Z,2026-09-26T09:26:25Z,settled,settled,0.6888,-14.9488,-104.8300
bot,KXWTAMATCH-26SEP26KORJOI-KOR,Alina Korneeva wins,YES,16,66.0000,39.0000,2026-09-26T06:48:44Z,2026-09-26T09:58:08Z,closed,exp9_stop_loss,0.5179,-4.8379,-45.8100
bot_lab4,KXITFMATCH-26SEP26PIECIZ-PIE,Claus Piening wins,YES,38,41.0000,0.0000,2026-09-26T09:54:36Z,2026-09-26T10:06:04Z,settled,settled,0.6435,-16.2235,-104.1300
bot,KXWTAMATCH-26SEP26FERCHW-FER,Leylah Fernandez wins,YES,29,55.0000,49.0000,2026-09-25T13:23:47Z,2026-09-26T10:14:49Z,closed,exp9_model_shift,1.0098,-2.7498,-17.2400
bot_lab4,KXITFMATCH-26SEP26DONVIN-VIN,Samuel Vincent Ruggeri wins,NO,30,48.0000,52.0000,2026-09-25T23:48:38Z,2026-09-26T10:19:23Z,closed,exp9b_take_profit,1.0484,0.1516,1.0500
bot_hold,KXWTAMATCH-26SEP26KORJOI-KOR,Alina Korneeva wins,YES,16,66.0000,0.0000,2026-09-26T06:48:44Z,2026-09-26T10:36:03Z,settled,settled,0.2514,-10.8114,-102.3800
bot_lab,KXATPMATCH-26SEP25VACHAR-VAC,Valentin Vacherot wins,YES,65,52.0000,0.0000,2026-09-25T04:57:30Z,2026-09-26T10:41:41Z,settled,settled,1.1357,-34.9357,-103.3600
bot_hold,KXATPMATCH-26SEP25VACHAR-VAC,Valentin Vacherot wins,YES,43,52.0000,0.0000,2026-09-25T04:57:30Z,2026-09-26T10:42:00Z,settled,settled,0.7513,-23.1113,-103.3600
bot_hold,KXWTAMATCH-26SEP26FERCHW-FER,Leylah Fernandez wins,YES,29,55.0000,100.0000,2026-09-25T13:23:48Z,2026-09-26T12:21:43Z,settled,settled,0.5025,12.5475,78.6700
bot_lab,KXWTAMATCH-26SEP26FERCHW-FER,Leylah Fernandez wins,YES,44,55.0000,100.0000,2026-09-25T13:23:48Z,2026-09-26T12:21:44Z,settled,settled,0.7623,19.0377,78.6700
bot_lab4,KXITFMATCH-26SEP26BANBER-BER,Henry Bernet wins,NO,51,26.0000,0.0000,2026-09-26T12:00:36Z,2026-09-26T12:46:06Z,settled,settled,0.6869,-13.9469,-105.1800
bot,KXATPMATCH-26SEP25MEDROY-ROY,Valentin Royer wins,NO,32,78.0000,98.0000,2026-09-24T11:41:41Z,2026-09-26T13:18:32Z,closed,exp9_take_profit,0.4284,5.9716,23.9200
bot_hold,KXATPMATCH-26SEP25MEDROY-ROY,Valentin Royer wins,NO,32,78.0000,100.0000,2026-09-24T11:41:42Z,2026-09-26T13:25:57Z,settled,settled,0.3844,6.6556,26.6700
bot_lab4,KXITFMATCH-26SEP26ZANSAK-ZAN,Nicolas Zanellato wins,YES,39,29.0000,59.0000,2026-09-26T17:36:32Z,2026-09-26T17:53:46Z,closed,exp9b_take_profit,1.2226,10.4774,92.6400
bot,KXATPMATCH-26SEP27BROBAS-BRO,Jenson Brooksby wins,YES,14,53.0000,31.0000,2026-09-26T10:09:55Z,2026-09-27T05:41:47Z,closed,exp9_stop_loss,0.4539,-3.5339,-47.6300
bot,KXATPMATCH-26SEP27MARJAC-MAR,Fabian Marozsan wins,YES,44,55.0000,51.0000,2026-09-26T06:02:26Z,2026-09-27T05:46:59Z,closed,exp9_model_shift,1.5320,-3.2920,-13.6000
bot_lab2,KXATPMATCH-26SEP27BROBAS-BAS,Nikoloz Basilashvili wins,NO,40,44.0000,17.0000,2026-09-27T05:32:04Z,2026-09-27T05:55:45Z,closed,exp9_stop_loss,1.0851,-11.8851,-67.5300
bot_lab5,KXATPMATCH-26SEP27BROBAS-BAS,Nikoloz Basilashvili wins,NO,40,44.0000,0.0000,2026-09-27T05:32:06Z,2026-09-27T06:45:53Z,settled,settled,0.6900,-18.2900,-103.9200
bot_lab6,KXATPMATCH-26SEP27BROBAS-BAS,Nikoloz Basilashvili wins,NO,40,44.0000,0.0000,2026-09-27T05:32:10Z,2026-09-27T06:45:53Z,settled,settled,0.6900,-18.2900,-103.9200
bot_hold,KXATPMATCH-26SEP27BROBAS-BRO,Jenson Brooksby wins,YES,14,53.0000,0.0000,2026-09-26T10:09:56Z,2026-09-27T06:45:53Z,settled,settled,0.2442,-7.6642,-103.2900
bot_lab3,KXATPMATCH-26SEP27BROBAS-BAS,Nikoloz Basilashvili wins,NO,40,44.0000,0.0000,2026-09-27T05:32:05Z,2026-09-27T06:45:53Z,settled,settled,0.6900,-18.2900,-103.9200
bot_lab2,KXWTAMATCH-26SEP27JOIBIR-JOI,Maya Joint wins,NO,31,39.0000,25.0000,2026-09-26T15:04:36Z,2026-09-27T06:51:00Z,closed,exp9_model_shift,0.9232,-5.2632,-43.5300
bot_lab3,KXWTAMATCH-26SEP27JOIBIR-JOI,Maya Joint wins,NO,31,39.0000,61.0000,2026-09-26T15:04:36Z,2026-09-27T07:08:55Z,closed,exp9b_take_profit,1.0326,5.7874,47.8700
bot_hold,KXATPMATCH-26SEP27MARJAC-MAR,Fabian Marozsan wins,YES,44,55.0000,0.0000,2026-09-26T06:02:27Z,2026-09-27T07:31:35Z,settled,settled,0.7623,-24.9623,-103.1500
bot_lab,KXATPMATCH-26SEP27MARJAC-MAR,Fabian Marozsan wins,YES,66,55.0000,0.0000,2026-09-26T06:02:28Z,2026-09-27T07:31:35Z,settled,settled,1.1435,-37.4435,-103.1500
bot_lab5,KXWTAMATCH-26SEP27JOIBIR-JOI,Maya Joint wins,NO,31,39.0000,100.0000,2026-09-26T15:04:37Z,2026-09-27T08:05:55Z,settled,settled,0.5163,18.3937,152.1400
bot_lab6,KXWTAMATCH-26SEP27JOIBIR-JOI,Maya Joint wins,NO,31,39.0000,100.0000,2026-09-26T15:04:37Z,2026-09-27T08:05:55Z,settled,settled,0.5163,18.3937,152.1400
bot_chalk,KXATPMATCH-26SEP27MULDAV-DAV,Alejandro Davidovich Fokina wins,YES,35,70.0000,98.0000,2026-09-26T17:36:31Z,2026-09-27T08:16:41Z,closed,exp9_take_profit,0.5626,9.2374,37.7000
bot,KXATPMATCH-26SEP27MULDAV-DAV,Alejandro Davidovich Fokina wins,YES,35,72.0000,98.0000,2026-09-26T10:28:07Z,2026-09-27T08:16:41Z,closed,exp9_take_profit,0.5421,8.5579,33.9600
bot_hold,KXATPMATCH-26SEP27MULDAV-DAV,Alejandro Davidovich Fokina wins,YES,35,72.0000,100.0000,2026-09-26T10:28:08Z,2026-09-27T08:25:57Z,settled,settled,0.4940,9.3060,36.9300
bot,KXATPMATCH-26SEP27MANSHA-SHA,Denis Shapovalov wins,YES,42,60.0000,35.0000,2026-09-27T09:06:04Z,2026-09-27T09:36:44Z,closed,exp9_stop_loss,1.3745,-11.8745,-47.1200
bot,KXWTAMATCH-26SEP27SVINOS-NOS,Linda Noskova wins,YES,46,54.0000,45.0000,2026-09-27T10:37:07Z,2026-09-27T10:51:57Z,closed,exp9_model_shift,1.5969,-5.7369,-23.1000
bot_hold,KXATPMATCH-26SEP27MANSHA-SHA,Denis Shapovalov wins,YES,42,60.0000,100.0000,2026-09-27T09:06:05Z,2026-09-27T11:16:10Z,settled,settled,0.7056,16.0944,63.8700
bot,KXATPMATCH-26SEP26SAFYUN-SAF,Roman Safiullin wins,YES,14,52.0000,87.0000,2026-09-26T14:34:14Z,2026-09-27T11:39:43Z,closed,exp9_take_profit,0.3556,4.5444,62.4200
bot_hold,KXATPMATCH-26SEP26SAFYUN-SAF,Roman Safiullin wins,YES,14,52.0000,100.0000,2026-09-26T14:34:15Z,2026-09-27T12:11:56Z,settled,settled,0.2447,6.4753,88.9500
bot,KXATPMATCH-26SEP27HARHUR-HUR,Hubert Hurkacz wins,YES,18,63.0000,37.0000,2026-09-26T16:05:31Z,2026-09-27T12:30:30Z,closed,exp9_stop_loss,0.5876,-5.2676,-46.4500
bot_hold,KXWTAMATCH-26SEP27SVINOS-NOS,Linda Noskova wins,YES,46,54.0000,100.0000,2026-09-27T10:37:07Z,2026-09-27T12:31:49Z,settled,settled,0.7999,20.3601,81.9600
bot_lab,KXWTAMATCH-26SEP27SVINOS-NOS,Linda Noskova wins,YES,69,54.0000,100.0000,2026-09-27T10:37:08Z,2026-09-27T12:31:50Z,settled,settled,1.1998,30.5402,81.9700
bot_hold,KXATPMATCH-26SEP27HARHUR-HUR,Hubert Hurkacz wins,YES,18,63.0000,100.0000,2026-09-26T16:05:32Z,2026-09-27T13:32:05Z,settled,settled,0.2938,6.3662,56.1400
bot_lab4,KXITFMATCH-26SEP27THOSEI-THO,Flynn Thomas wins,YES,44,31.0000,99.0000,2026-09-27T12:53:38Z,2026-09-27T14:25:05Z,closed,exp9b_take_profit,0.6894,29.2306,214.3000
bot,KXATPMATCH-26SEP26MEDWON-WON,Coleman Wong wins,NO,22,76.0000,97.0000,2026-09-27T12:53:38Z,2026-09-27T14:45:16Z,closed,exp9_take_profit,0.3258,4.2942,25.6800
bot_hold,KXATPMATCH-26SEP26MEDWON-WON,Coleman Wong wins,NO,22,76.0000,100.0000,2026-09-27T12:53:38Z,2026-09-27T14:51:48Z,settled,settled,0.2809,4.9991,29.9000
bot_lab2,KXATPMATCH-26SEP27HANMAC-HAN,Yannick Hanfmann wins,NO,41,44.0000,42.0000,2026-09-27T18:59:18Z,2026-09-28T03:13:52Z,closed,exp9_model_shift,1.4064,-2.2264,-12.3400
bot_chalk,KXATPMATCH-26SEP27FILDAM-FIL,Arthur Fils wins,YES,30,82.0000,52.0000,2026-09-28T00:20:05Z,2026-09-28T04:09:20Z,closed,exp9_stop_loss,0.8342,-9.8342,-39.9800
bot,KXATPMATCH-26SEP27FILDAM-FIL,Arthur Fils wins,YES,30,83.0000,49.0000,2026-09-27T18:28:26Z,2026-09-28T04:09:45Z,closed,exp9_stop_loss,0.8212,-11.0212,-44.2600
bot_lab3,KXATPMATCH-26SEP27SVAKOV-KOV,Aleksandar Kovacevic wins,YES,45,35.0000,53.0000,2026-09-27T17:42:24Z,2026-09-28T04:14:13Z,closed,exp9b_take_profit,1.5014,6.5986,41.9000
bot_lab2,KXATPMATCH-26SEP27SVAKOV-KOV,Aleksandar Kovacevic wins,YES,45,35.0000,53.0000,2026-09-27T17:42:24Z,2026-09-28T04:14:14Z,closed,exp9b_take_profit,1.5014,6.5986,41.9000
bot_lab3,KXATPMATCH-26SEP27HANMAC-HAN,Yannick Hanfmann wins,NO,41,44.0000,85.0000,2026-09-27T18:59:19Z,2026-09-28T04:41:19Z,closed,exp9b_take_profit,1.0732,15.7368,87.2300
bot_lab2,KXWTAMATCH-26SEP27RENYEX-YEX,Yexin Ma wins,NO,44,34.0000,17.0000,2026-09-28T04:56:37Z,2026-09-28T05:02:31Z,closed,exp9_stop_loss,1.1258,-8.6058,-57.5300
bot_hold,KXATPMATCH-26SEP27FILDAM-FIL,Arthur Fils wins,YES,30,83.0000,100.0000,2026-09-27T18:28:27Z,2026-09-28T05:26:57Z,settled,settled,0.2964,4.8036,19.2900
bot_lab5,KXWTAMATCH-26SEP27RENYEX-YEX,Yexin Ma wins,NO,44,34.0000,0.0000,2026-09-28T04:56:38Z,2026-09-28T05:36:47Z,settled,settled,0.6912,-15.6512,-104.6200
bot_lab6,KXWTAMATCH-26SEP27RENYEX-YEX,Yexin Ma wins,NO,44,34.0000,0.0000,2026-09-28T04:56:38Z,2026-09-28T05:36:48Z,settled,settled,0.6912,-15.6512,-104.6200
bot_lab3,KXWTAMATCH-26SEP27RENYEX-YEX,Yexin Ma wins,NO,44,34.0000,0.0000,2026-09-28T04:56:37Z,2026-09-28T05:36:48Z,settled,settled,0.6912,-15.6512,-104.6200
bot_lab5,KXATPMATCH-26SEP27SVAKOV-KOV,Aleksandar Kovacevic wins,YES,45,35.0000,100.0000,2026-09-27T17:42:25Z,2026-09-28T05:52:27Z,settled,settled,0.7167,28.5333,181.1600
bot_lab6,KXATPMATCH-26SEP27SVAKOV-KOV,Aleksandar Kovacevic wins,YES,45,35.0000,100.0000,2026-09-27T17:42:26Z,2026-09-28T05:52:27Z,settled,settled,0.7167,28.5333,181.1600
bot_lab5,KXATPMATCH-26SEP27HANMAC-HAN,Yannick Hanfmann wins,NO,41,44.0000,100.0000,2026-09-27T18:59:19Z,2026-09-28T06:22:04Z,settled,settled,0.7072,22.2528,123.3500
bot_lab6,KXATPMATCH-26SEP27HANMAC-HAN,Yannick Hanfmann wins,NO,41,44.0000,100.0000,2026-09-27T18:59:20Z,2026-09-28T06:22:04Z,settled,settled,0.7072,22.2528,123.3500
bot_lab2,KXATPMATCH-26SEP27MOLKOP-MOL,Alex Molcan wins,NO,31,39.0000,36.0000,2026-09-28T06:28:39Z,2026-09-28T06:36:39Z,closed,exp9_model_shift,1.0163,-1.9463,-16.1000
bot_lab2,KXWTAMATCH-26SEP27KAWMAT-MAT,Rinko Matsuda wins,YES,40,40.0000,20.0000,2026-09-28T06:13:09Z,2026-09-28T06:50:46Z,closed,exp9_stop_loss,1.1200,-9.1200,-57.0000
bot,KXATPMATCH-26SEP27MOCFAR-MOC,Shintaro Mochizuki wins,NO,23,69.0000,99.0000,2026-09-28T04:25:07Z,2026-09-28T08:13:48Z,closed,exp9_take_profit,0.3604,6.5396,41.2100
bot_hold,KXATPMATCH-26SEP27MOCFAR-MOC,Shintaro Mochizuki wins,NO,26,69.0000,100.0000,2026-09-28T05:27:14Z,2026-09-28T08:17:03Z,settled,settled,0.3893,7.6707,42.7600
bot_lab4,KXITFMATCH-26SEP28ZGOBRI-ZGO,Borys Zgola wins,NO,35,37.0000,0.0000,2026-09-28T07:30:38Z,2026-09-28T08:22:32Z,settled,settled,0.5711,-13.5211,-104.4100
bot_lab5,KXWTAMATCH-26SEP27KAWMAT-MAT,Rinko Matsuda wins,YES,40,40.0000,0.0000,2026-09-28T06:13:12Z,2026-09-28T08:26:47Z,settled,settled,0.6720,-16.6720,-104.2000
bot_lab6,KXWTAMATCH-26SEP27KAWMAT-MAT,Rinko Matsuda wins,YES,40,40.0000,0.0000,2026-09-28T06:13:12Z,2026-09-28T08:26:47Z,settled,settled,0.6720,-16.6720,-104.2000
bot_lab3,KXWTAMATCH-26SEP27KAWMAT-MAT,Rinko Matsuda wins,YES,40,40.0000,0.0000,2026-09-28T06:13:11Z,2026-09-28T08:26:47Z,settled,settled,0.6720,-16.6720,-104.2000
bot,KXWTAMATCH-26SEP27ZHAHUN-HUN,Storm Hunter wins,YES,33,75.0000,60.0000,2026-09-28T08:17:25Z,2026-09-28T08:31:04Z,closed,exp9_model_shift,0.9876,-5.9376,-23.9900
bot_lab,KXATPMATCH-26SEP27MUNGIR-GIR,Marcos Giron wins,NO,67,54.0000,100.0000,2026-09-28T07:30:31Z,2026-09-28T08:41:59Z,settled,settled,1.1650,29.6550,81.9700
bot,KXWTAMATCH-26SEP27SRABUR-SRA,Rebecca Sramkova wins,YES,41,61.0000,69.0000,2026-09-27T15:55:44Z,2026-09-28T08:46:04Z,closed,exp9_model_shift,1.2967,1.9833,7.9300
bot_chalk,KXWTAMATCH-26SEP27ZHAHUN-HUN,Storm Hunter wins,YES,33,75.0000,83.0000,2026-09-28T08:17:28Z,2026-09-28T09:10:33Z,closed,exp9_take_profit,0.7592,1.8808,7.6000
bot_lab6,KXATPMATCH-26SEP27MOLKOP-MOL,Alex Molcan wins,NO,31,39.0000,0.0000,2026-09-28T06:28:40Z,2026-09-28T09:21:43Z,settled,settled,0.5163,-12.6063,-104.2700
bot_lab5,KXATPMATCH-26SEP27MOLKOP-MOL,Alex Molcan wins,NO,31,39.0000,0.0000,2026-09-28T06:28:40Z,2026-09-28T09:21:43Z,settled,settled,0.5163,-12.6063,-104.2700
bot_lab3,KXATPMATCH-26SEP27MOLKOP-MOL,Alex Molcan wins,NO,31,39.0000,0.0000,2026-09-28T06:28:39Z,2026-09-28T09:21:43Z,settled,settled,0.5163,-12.6063,-104.2700
bot,KXATPMATCH-26SEP28BASDAV-DAV,Alejandro Davidovich Fokina wins,YES,38,66.0000,41.0000,2026-09-27T11:22:38Z,2026-09-28T09:42:12Z,closed,exp9_stop_loss,1.2405,-10.7405,-42.8200
bot,KXWTAMATCH-26SEP27MONTEI-MON,Robin Montgomery wins,YES,28,89.0000,100.0000,2026-09-27T17:11:51Z,2026-09-28T09:42:14Z,settled,settled,0.1919,2.8881,11.5900
bot_chalk,KXWTAMATCH-26SEP27MONTEI-MON,Robin Montgomery wins,YES,28,89.0000,100.0000,2026-09-27T17:11:54Z,2026-09-28T09:42:14Z,settled,settled,0.1919,2.8881,11.5900
bot_hold,KXWTAMATCH-26SEP27MONTEI-MON,Robin Montgomery wins,YES,28,89.0000,100.0000,2026-09-27T17:11:51Z,2026-09-28T09:42:14Z,settled,settled,0.1919,2.8881,11.5900
bot_hold,KXWTAMATCH-26SEP27ZHAHUN-HUN,Storm Hunter wins,YES,33,75.0000,100.0000,2026-09-28T08:17:27Z,2026-09-28T09:46:47Z,settled,settled,0.4332,7.8168,31.5800
bot,KXATPMATCH-26SEP27ZHOCAR-ZHO,Yi Zhou wins,NO,29,80.0000,50.0000,2026-09-27T18:59:14Z,2026-09-28T10:08:04Z,closed,exp9_stop_loss,0.8323,-9.5323,-41.0900
bot_chalk,KXATPMATCH-26SEP27ZHOCAR-ZHO,Yi Zhou wins,NO,33,75.0000,48.0000,2026-09-27T23:19:07Z,2026-09-28T10:08:40Z,closed,exp9_stop_loss,1.0098,-9.9198,-40.0800
bot_hold,KXWTAMATCH-26SEP27SRABUR-SRA,Rebecca Sramkova wins,YES,41,61.0000,0.0000,2026-09-27T15:55:45Z,2026-09-28T10:12:10Z,settled,settled,0.6828,-25.6928,-102.7300
bot,KXATPMATCH-26SEP28CUIALT-ALT,Daniel Altmaier wins,YES,33,72.0000,77.0000,2026-09-27T23:34:19Z,2026-09-28T10:13:45Z,closed,exp9_take_profit,0.8749,0.7751,3.2600
bot,KXATPMATCH-26SEP27JACRUB-RUB,Andrey Rublev wins,YES,31,71.0000,97.0000,2026-09-27T13:54:20Z,2026-09-28T10:46:50Z,closed,exp9_take_profit,0.5101,7.5499,34.3000
bot,KXATPMATCH-26SEP27VANROY-VAN,Botic Van de Zandschulp wins,YES,23,66.0000,41.0000,2026-09-27T20:30:56Z,2026-09-28T10:48:44Z,closed,exp9_stop_loss,0.7508,-6.5008,-42.8200
bot_hold,KXATPMATCH-26SEP27JACRUB-RUB,Andrey Rublev wins,YES,31,71.0000,100.0000,2026-09-27T13:54:21Z,2026-09-28T11:06:18Z,settled,settled,0.4469,8.5431,38.8100
bot_hold,KXATPMATCH-26SEP28BASDAV-DAV,Alejandro Davidovich Fokina wins,YES,38,66.0000,100.0000,2026-09-27T11:22:40Z,2026-09-28T11:11:38Z,settled,settled,0.5970,12.3230,49.1300
bot_hold,KXATPMATCH-26SEP27ZHOCAR-ZHO,Yi Zhou wins,NO,29,80.0000,100.0000,2026-09-27T18:59:17Z,2026-09-28T11:17:03Z,settled,settled,0.3248,5.4752,23.6000
bot_lab2,KXATPMATCH-26SEP27KECMAN-MAN,Adrian Mannarino wins,NO,38,44.0000,19.0000,2026-09-28T10:53:25Z,2026-09-28T11:21:01Z,closed,exp9_stop_loss,1.0649,-10.5649,-63.1900
bot_hold,KXATPMATCH-26SEP28CUIALT-ALT,Daniel Altmaier wins,YES,33,72.0000,0.0000,2026-09-27T23:34:22Z,2026-09-28T11:26:58Z,settled,settled,0.4657,-24.2257,-101.9600
bot_lab2,KXWTAMATCH-26SEP27INGYAO-YAO,Xinxin Yao wins,YES,32,41.0000,25.0000,2026-09-28T11:23:46Z,2026-09-28T11:32:39Z,closed,exp9_model_shift,0.9619,-6.0819,-46.3600
bot_lab3,KXATPMATCH-26SEP27KECMAN-MAN,Adrian Mannarino wins,NO,38,44.0000,50.0000,2026-09-28T10:53:27Z,2026-09-28T11:54:42Z,closed,exp9b_take_profit,1.3205,0.9595,5.7400
bot_lab4,KXITFMATCH-26SEP28MIKBAR-BAR,Arian Barbic wins,YES,38,32.0000,0.0000,2026-09-28T09:03:38Z,2026-09-28T12:02:06Z,settled,settled,0.5789,-12.7389,-104.7600
bot_lab7,KXITFMATCH-26SEP28STOSCH-STO,Iulius Maximus Stoica wins,NO,16,62.0000,100.0000,2026-09-28T06:59:23Z,2026-09-28T12:27:22Z,settled,settled,0.2639,5.8161,58.6300
bot_lab3,KXWTAMATCH-26SEP27INGYAO-YAO,Xinxin Yao wins,YES,32,41.0000,0.0000,2026-09-28T11:23:49Z,2026-09-28T12:41:52Z,settled,settled,0.5419,-13.6619,-104.1300
bot_lab5,KXWTAMATCH-26SEP27INGYAO-YAO,Xinxin Yao wins,YES,32,41.0000,0.0000,2026-09-28T11:23:51Z,2026-09-28T12:41:52Z,settled,settled,0.5419,-13.6619,-104.1300
bot_lab6,KXWTAMATCH-26SEP27INGYAO-YAO,Xinxin Yao wins,YES,32,41.0000,0.0000,2026-09-28T11:23:53Z,2026-09-28T12:41:52Z,settled,settled,0.5419,-13.6619,-104.1300
bot_hold,KXATPMATCH-26SEP27VANROY-VAN,Botic Van de Zandschulp wins,YES,23,66.0000,100.0000,2026-09-27T20:30:56Z,2026-09-28T12:57:19Z,settled,settled,0.3613,7.4587,49.1400
bot_lab5,KXATPMATCH-26SEP27KECMAN-MAN,Adrian Mannarino wins,NO,38,44.0000,0.0000,2026-09-28T10:53:27Z,2026-09-28T13:01:45Z,settled,settled,0.6555,-17.3755,-103.9200
bot_lab6,KXATPMATCH-26SEP27KECMAN-MAN,Adrian Mannarino wins,NO,38,44.0000,0.0000,2026-09-28T10:53:28Z,2026-09-28T13:01:57Z,settled,settled,0.6555,-17.3755,-103.9200
bot_lab4,KXITFMATCH-26SEP28GANFON-FON,Oriol Font wins,NO,44,25.0000,0.0000,2026-09-28T11:39:12Z,2026-09-28T13:01:59Z,settled,settled,0.5775,-11.5775,-105.2500
bot_lab4,KXITFMATCH-26SEP28FIOKUK-KUK,Artur Kukasian wins,YES,42,39.0000,42.0000,2026-09-28T11:54:33Z,2026-09-28T13:14:29Z,closed,exp9b_take_profit,1.4157,-0.1557,-0.9500
bot,KXATPMATCH-26SEP28HURSHA-SHA,Denis Shapovalov wins,NO,17,50.0000,30.0000,2026-09-28T12:55:43Z,2026-09-28T13:22:00Z,closed,exp9_stop_loss,0.5474,-3.9474,-46.4400
bot,KXATPMATCH-26SEP28MEDSAF-SAF,Roman Safiullin wins,NO,27,73.0000,100.0000,2026-09-27T15:40:33Z,2026-09-28T13:27:17Z,settled,settled,0.3726,6.9174,35.1000
bot_hold,KXATPMATCH-26SEP28MEDSAF-SAF,Roman Safiullin wins,NO,27,73.0000,100.0000,2026-09-27T15:40:33Z,2026-09-28T13:27:18Z,settled,settled,0.3726,6.9174,35.1000
bot_hold,KXATPMATCH-26SEP28HURSHA-SHA,Denis Shapovalov wins,NO,17,50.0000,100.0000,2026-09-28T12:55:44Z,2026-09-28T13:56:24Z,settled,settled,0.2975,8.2025,96.5000
bot_lab4,KXITFMATCH-26SEP28GIRGAR-GIR,Carlos Giraldi wins,YES,41,44.0000,87.0000,2026-09-28T14:42:22Z,2026-09-28T14:55:29Z,closed,exp9b_take_profit,1.0318,16.5982,92.0100
bot,KXATPMATCH-26SEP27RIGDUC-RIG,Rigele TE wins,NO,28,90.0000,10.0000,2026-09-27T21:01:23Z,2026-09-28T15:08:51Z,closed,voided,0.3528,-0.3528,-1.4000
bot_hold,KXATPMATCH-26SEP27RIGDUC-RIG,Rigele TE wins,NO,28,90.0000,10.0000,2026-09-27T21:01:24Z,2026-09-28T15:08:52Z,closed,voided,0.3528,-0.3528,-1.4000
bot_lab2,KXATPMATCH-26SEP28MACGEA-GEA,Arthur Gea wins,NO,30,40.0000,36.0000,2026-09-29T03:01:06Z,2026-09-29T03:15:57Z,closed,exp9_model_shift,0.9879,-2.1879,-18.2300
bot_lab2,KXWTAMATCH-26SEP28JACWOL-JAC,Elsa Jacquemot wins,NO,34,32.0000,16.0000,2026-09-28T09:49:18Z,2026-09-29T03:17:07Z,closed,exp9_stop_loss,0.8378,-6.2778,-57.7000
bot_lab2,KXWTAMATCH-26SEP28DARYEX-DAR,Harriet Dart wins,NO,38,36.0000,18.0000,2026-09-28T14:42:20Z,2026-09-29T03:42:19Z,closed,exp9_stop_loss,1.0056,-7.8456,-57.3500
bot,KXATPMATCH-26SEP28FILMAJ-FIL,Arthur Fils wins,YES,23,77.0000,91.0000,2026-09-28T13:41:23Z,2026-09-29T04:04:53Z,closed,exp9_take_profit,0.4171,2.8029,15.8300
bot_lab6,KXATPMATCH-26SEP28MACGEA-GEA,Arthur Gea wins,NO,30,40.0000,0.0000,2026-09-29T03:01:08Z,2026-09-29T04:32:22Z,settled,settled,0.5040,-12.5040,-104.2000
bot_lab3,KXATPMATCH-26SEP28MACGEA-GEA,Arthur Gea wins,NO,30,40.0000,0.0000,2026-09-29T03:01:07Z,2026-09-29T04:32:22Z,settled,settled,0.5040,-12.5040,-104.2000
bot_lab5,KXATPMATCH-26SEP28MACGEA-GEA,Arthur Gea wins,NO,30,40.0000,0.0000,2026-09-29T03:01:08Z,2026-09-29T04:32:22Z,settled,settled,0.5040,-12.5040,-104.2000
bot_lab6,KXWTAMATCH-26SEP28JACWOL-JAC,Elsa Jacquemot wins,NO,34,32.0000,0.0000,2026-09-28T09:49:19Z,2026-09-29T04:32:24Z,settled,settled,0.5179,-11.3979,-104.7600
bot_lab5,KXWTAMATCH-26SEP28JACWOL-JAC,Elsa Jacquemot wins,NO,34,32.0000,0.0000,2026-09-28T09:49:19Z,2026-09-29T04:32:24Z,settled,settled,0.5179,-11.3979,-104.7600
bot_lab3,KXWTAMATCH-26SEP28JACWOL-JAC,Elsa Jacquemot wins,NO,34,32.0000,0.0000,2026-09-28T09:49:18Z,2026-09-29T04:32:24Z,settled,settled,0.5179,-11.3979,-104.7600
bot_lab5,KXWTAMATCH-26SEP28DARYEX-DAR,Harriet Dart wins,NO,38,36.0000,0.0000,2026-09-28T14:42:22Z,2026-09-29T04:36:58Z,settled,settled,0.6129,-14.2929,-104.4800
bot_lab3,KXWTAMATCH-26SEP28DARYEX-DAR,Harriet Dart wins,NO,38,36.0000,0.0000,2026-09-28T14:42:21Z,2026-09-29T04:36:58Z,settled,settled,0.6129,-14.2929,-104.4800
bot_lab6,KXWTAMATCH-26SEP28DARYEX-DAR,Harriet Dart wins,NO,38,36.0000,0.0000,2026-09-28T14:42:23Z,2026-09-29T04:36:58Z,settled,settled,0.6129,-14.2929,-104.4800
bot_lab4,KXITFMATCH-26SEP28XIABEA-XIA,Yue Xia wins,YES,35,38.0000,0.0000,2026-09-29T02:45:41Z,2026-09-29T05:03:23Z,settled,settled,0.5773,-13.8773,-104.3400
bot_hold,KXATPMATCH-26SEP28FILMAJ-FIL,Arthur Fils wins,YES,23,77.0000,100.0000,2026-09-28T13:41:24Z,2026-09-29T05:16:53Z,settled,settled,0.2852,5.0048,28.2600
bot_lab2,KXWTAMATCH-26SEP28BASYOU-YOU,Xiaodi You wins,YES,44,34.0000,34.0000,2026-09-29T04:33:50Z,2026-09-29T05:27:13Z,closed,exp9_model_shift,1.3824,-1.3824,-9.2400
bot,KXATPMATCH-26SEP28TRUMOL-TRU,Marco Trungelliti wins,NO,33,51.0000,97.0000,2026-09-28T14:11:53Z,2026-09-29T05:38:46Z,closed,exp9_take_profit,0.6446,14.5354,86.3700
bot_hold,KXATPMATCH-26SEP28TRUMOL-TRU,Marco Trungelliti wins,NO,33,51.0000,100.0000,2026-09-28T14:11:54Z,2026-09-29T05:57:11Z,settled,settled,0.5773,15.5927,92.6500
bot_lab,KXATPMATCH-26SEP28TRUMOL-TRU,Marco Trungelliti wins,NO,49,51.0000,100.0000,2026-09-28T14:11:54Z,2026-09-29T05:57:12Z,settled,settled,0.8572,23.1528,92.6500
bot,KXATPMATCH-26SEP29VALFAR-VAL,Adolfo Daniel Vallejo wins,NO,23,57.0000,35.0000,2026-09-29T06:06:28Z,2026-09-29T06:11:45Z,closed,exp9_stop_loss,0.7610,-5.8210,-44.4000
bot_chalk,KXATPMATCH-26SEP29VANCUI-CUI,Jie Cui wins,NO,31,79.0000,97.0000,2026-09-29T05:35:44Z,2026-09-29T06:15:05Z,closed,exp9_take_profit,0.4233,5.1567,21.0600
bot,KXATPMATCH-26SEP29VANCUI-VAN,Botic Van de Zandschulp wins,YES,29,86.0000,97.0000,2026-09-28T14:27:07Z,2026-09-29T06:15:41Z,closed,exp9_take_profit,0.3036,2.8864,11.5700
bot_lab2,KXWTAMATCH-26SEP28KALSHI-SHI,Han Shi wins,YES,49,30.0000,15.0000,2026-09-29T06:21:51Z,2026-09-29T06:34:00Z,closed,exp9_stop_loss,1.1577,-8.5077,-57.8800
bot_lab3,KXWTAMATCH-26SEP28BASYOU-YOU,Xiaodi You wins,YES,44,34.0000,0.0000,2026-09-29T04:33:51Z,2026-09-29T06:42:53Z,settled,settled,0.6912,-15.6512,-104.6200
bot_lab6,KXWTAMATCH-26SEP28BASYOU-YOU,Xiaodi You wins,YES,44,34.0000,0.0000,2026-09-29T04:33:52Z,2026-09-29T06:42:53Z,settled,settled,0.6912,-15.6512,-104.6200
bot_lab5,KXWTAMATCH-26SEP28BASYOU-YOU,Xiaodi You wins,YES,44,34.0000,0.0000,2026-09-29T04:33:51Z,2026-09-29T06:42:53Z,settled,settled,0.6912,-15.6512,-104.6200
bot_hold,KXATPMATCH-26SEP29VANCUI-VAN,Botic Van de Zandschulp wins,YES,29,86.0000,100.0000,2026-09-28T14:27:07Z,2026-09-29T06:46:08Z,settled,settled,0.2445,3.8155,15.3000
bot_chalk,KXWTAMATCH-26SEP28SASLEP-SAS,Aliaksandra Sasnovich wins,YES,35,70.0000,100.0000,2026-09-29T05:35:43Z,2026-09-29T06:52:36Z,settled,settled,0.5145,9.9855,40.7600
bot_lab3,KXWTAMATCH-26SEP28KALSHI-SHI,Han Shi wins,YES,49,30.0000,73.0000,2026-09-29T06:21:52Z,2026-09-29T07:08:13Z,closed,exp9b_take_profit,1.3964,19.6736,133.8300
bot_lab5,KXWTAMATCH-26SEP28KALSHI-SHI,Han Shi wins,YES,49,30.0000,100.0000,2026-09-29T06:21:52Z,2026-09-29T07:36:59Z,settled,settled,0.7203,33.5797,228.4300
bot_lab6,KXWTAMATCH-26SEP28KALSHI-SHI,Han Shi wins,YES,49,30.0000,100.0000,2026-09-29T06:21:52Z,2026-09-29T07:36:59Z,settled,settled,0.7203,33.5797,228.4300
bot,KXWTAMATCH-26SEP28ZAYHUN-HUN,Storm Hunter wins,YES,21,66.0000,85.0000,2026-09-28T14:57:37Z,2026-09-29T07:54:57Z,closed,exp9_model_shift,0.5174,3.4726,25.0500
bot_hold,KXATPMATCH-26SEP29VALFAR-VAL,Adolfo Daniel Vallejo wins,NO,23,57.0000,0.0000,2026-09-29T06:06:29Z,2026-09-29T08:26:20Z,settled,settled,0.3947,-13.5047,-103.0100
bot_hold,KXWTAMATCH-26SEP28ZAYHUN-HUN,Storm Hunter wins,YES,21,66.0000,100.0000,2026-09-28T14:57:38Z,2026-09-29T08:32:28Z,settled,settled,0.3299,6.8101,49.1300
bot_lab4,KXITFMATCH-26SEP29BOSANG-BOS,Gabriele Bosio wins,NO,42,29.0000,0.0000,2026-09-29T09:25:36Z,2026-09-29T11:02:41Z,settled,settled,0.6054,-12.7854,-104.9700
bot_lab4,KXITFMATCH-26SEP29VONMIK-MIK,Nik Mikovic wins,YES,42,25.0000,0.0000,2026-09-29T02:45:43Z,2026-09-29T11:02:43Z,settled,settled,0.5513,-11.0513,-105.2500
bot_lab2,KXATPMATCH-26SEP29HURDAV-DAV,Alejandro Davidovich Fokina wins,YES,30,43.0000,44.0000,2026-09-28T17:36:43Z,2026-09-29T11:36:21Z,closed,exp9_model_shift,1.0323,-0.7323,-5.6800
bot_lab3,KXATPMATCH-26SEP29HURDAV-DAV,Alejandro Davidovich Fokina wins,YES,30,43.0000,71.0000,2026-09-28T17:37:00Z,2026-09-29T11:51:58Z,closed,exp9b_take_profit,0.9472,7.4528,57.7700
bot_lab4,KXITFMATCH-26SEP29KADLEF-LEF,Renaud Lefevre wins,NO,47,29.0000,0.0000,2026-09-29T11:30:43Z,2026-09-29T11:53:27Z,settled,settled,0.6775,-14.3075,-104.9700
bot_lab4,KXITFMATCH-26SEP29HASBAC-BAC,Andrea Bacaloni wins,YES,44,29.0000,0.0000,2026-09-29T08:24:12Z,2026-09-29T12:03:23Z,settled,settled,0.6342,-13.3942,-104.9700
bot_lab4,KXITFMATCH-26SEP29COOHOE-COO,Ethan Cook wins,NO,31,47.0000,100.0000,2026-09-29T09:56:22Z,2026-09-29T12:12:27Z,settled,settled,0.5406,15.8894,109.0600
bot_lab7,KXITFMATCH-26SEP29JERKUP-KUP,Jan Kupcic wins,YES,19,54.0000,100.0000,2026-09-29T07:23:00Z,2026-09-29T12:27:36Z,settled,settled,0.3304,8.4096,81.9600
bot_lab2,KXATPMATCH-26SEP29MEDRUB-MED,Daniil Medvedev wins,NO,41,26.0000,14.0000,2026-09-29T12:01:17Z,2026-09-29T12:37:47Z,closed,exp9_model_shift,0.8978,-5.8178,-54.5800
bot_lab4,KXITFMATCH-26SEP29FUMGSC-GSC,Jeremy Gschwendtner wins,NO,39,48.0000,0.0000,2026-09-29T12:01:18Z,2026-09-29T12:52:28Z,settled,settled,0.6815,-19.4015,-103.6400
bot_lab6,KXATPMATCH-26SEP29HURDAV-DAV,Alejandro Davidovich Fokina wins,YES,30,43.0000,100.0000,2026-09-28T17:37:03Z,2026-09-29T12:57:17Z,settled,settled,0.5148,16.5852,128.5700
bot_lab5,KXATPMATCH-26SEP29HURDAV-DAV,Alejandro Davidovich Fokina wins,YES,30,43.0000,100.0000,2026-09-28T17:37:01Z,2026-09-29T12:57:26Z,settled,settled,0.5148,16.5852,128.5700
bot_lab4,KXITFMATCH-26SEP29RYDDOM-RYD,Victor Ryden wins,YES,37,49.0000,99.0000,2026-09-29T12:01:19Z,2026-09-29T12:58:37Z,closed,exp9b_take_profit,0.6730,17.8270,98.3300
bot_lab6,KXATPMATCH-26SEP29MEDRUB-MED,Daniil Medvedev wins,NO,41,26.0000,0.0000,2026-09-29T12:01:19Z,2026-09-29T13:22:07Z,settled,settled,0.5522,-11.2122,-105.1800
bot_lab5,KXATPMATCH-26SEP29MEDRUB-MED,Daniil Medvedev wins,NO,41,26.0000,0.0000,2026-09-29T12:01:19Z,2026-09-29T13:22:09Z,settled,settled,0.5522,-11.2122,-105.1800
bot_lab3,KXATPMATCH-26SEP29MEDRUB-MED,Daniil Medvedev wins,NO,41,26.0000,0.0000,2026-09-29T12:01:18Z,2026-09-29T13:22:09Z,settled,settled,0.5522,-11.2122,-105.1800
bot_lab7,KXITFMATCH-26SEP29VANOGU-OGU,OLUWASEUN PETER OGUNSAKIN wins,NO,18,56.0000,100.0000,2026-09-29T04:18:33Z,2026-09-29T14:32:31Z,settled,settled,0.3105,7.6095,75.4900
bot_lab4,KXITFMATCH-26SEP29FRUBRA-FRU,Alexander Frusina wins,YES,37,38.0000,0.0000,2026-09-29T16:22:26Z,2026-09-29T16:53:17Z,settled,settled,0.6103,-14.6703,-104.3400
bot_lab4,KXITFMATCH-26SEP29GANBRA-GAN,Adhithya Ganesan wins,NO,39,48.0000,100.0000,2026-09-29T19:58:35Z,2026-09-29T21:04:12Z,settled,settled,0.6815,19.5985,104.6900
bot_lab7,KXITFMATCH-26SEP29CAZVRB-VRB,Jakub Vrba wins,YES,18,55.0000,0.0000,2026-09-29T21:00:37Z,2026-09-29T21:24:02Z,settled,settled,0.3119,-10.2119,-103.1500
bot_lab4,KXITFMATCH-26SEP29BARYAM-YAM,Taiyo Yamanaka wins,YES,33,35.0000,100.0000,2026-09-30T01:56:03Z,2026-09-30T03:18:52Z,settled,settled,0.5256,20.9244,181.1600
bot,KXWTAMATCH-26SEP28TJEKAL-KAL,Anhelina Kalinina wins,NO,39,52.0000,49.0000,2026-09-29T06:21:50Z,2026-09-30T03:19:55Z,closed,exp9_model_shift,1.3638,-2.5338,-12.4900
bot_lab2,KXWTAMATCH-26SEP28MCCYAS-MCC,Caty McNally wins,NO,45,35.0000,52.0000,2026-09-29T22:50:09Z,2026-09-30T03:20:02Z,closed,exp9_model_shift,1.5030,6.1470,39.0300
bot_lab2,KXWTAMATCH-26SEP28JOIKRA-KRA,Sinja Kraus wins,YES,50,27.0000,61.0000,2026-09-29T09:10:09Z,2026-09-30T03:35:42Z,closed,exp9b_take_profit,1.5226,15.4774,114.6500
bot_lab3,KXWTAMATCH-26SEP28JOIKRA-KRA,Sinja Kraus wins,YES,50,27.0000,61.0000,2026-09-29T09:10:09Z,2026-09-30T03:35:42Z,closed,exp9b_take_profit,1.5226,15.4774,114.6500
bot,KXWTAMATCH-26SEP28SHEKUD-SHE,Mayar Sherif Ahmed Abdelaziz wins,NO,16,62.0000,37.0000,2026-09-29T09:25:35Z,2026-09-30T04:02:11Z,closed,voided,0.5250,-0.3650,-3.6800
bot_lab6,KXWTAMATCH-26SEP28SHEKUD-KUD,Polina Kudermetova wins,NO,41,36.0000,63.0000,2026-09-29T22:50:19Z,2026-09-30T04:02:46Z,closed,voided,1.3303,-0.9203,-6.2400
bot_lab5,KXWTAMATCH-26SEP28SHEKUD-KUD,Polina Kudermetova wins,NO,41,36.0000,63.0000,2026-09-29T22:50:17Z,2026-09-30T04:02:47Z,closed,voided,1.3303,-0.9203,-6.2400
bot_hold,KXWTAMATCH-26SEP28SHEKUD-SHE,Mayar Sherif Ahmed Abdelaziz wins,NO,16,62.0000,37.0000,2026-09-29T09:25:35Z,2026-09-30T04:02:49Z,closed,voided,0.5250,-0.3650,-3.6800
bot_lab2,KXWTAMATCH-26SEP28SHEKUD-KUD,Polina Kudermetova wins,NO,41,36.0000,63.0000,2026-09-29T22:50:10Z,2026-09-30T04:02:52Z,closed,voided,1.3303,-0.9203,-6.2400
bot_lab3,KXWTAMATCH-26SEP28SHEKUD-KUD,Polina Kudermetova wins,NO,41,36.0000,63.0000,2026-09-29T22:50:12Z,2026-09-30T04:02:53Z,closed,voided,1.3303,-0.9203,-6.2400
bot_lab2,KXWTAMATCH-26SEP28RUSTAG-TAG,Lilli Tagger wins,YES,40,39.0000,19.0000,2026-09-30T04:00:13Z,2026-09-30T04:04:47Z,closed,exp9_stop_loss,1.0972,-9.0972,-58.3200
bot_lab6,KXWTAMATCH-26SEP28RUSTAG-TAG,Lilli Tagger wins,YES,40,39.0000,0.0000,2026-09-30T04:00:15Z,2026-09-30T04:36:48Z,settled,settled,0.6662,-16.2662,-104.2700
bot_lab3,KXWTAMATCH-26SEP28RUSTAG-TAG,Lilli Tagger wins,YES,40,39.0000,0.0000,2026-09-30T04:00:14Z,2026-09-30T04:36:50Z,settled,settled,0.6662,-16.2662,-104.2700
bot_lab6,KXWTAMATCH-26SEP28MCCYAS-MCC,Caty McNally wins,NO,45,35.0000,100.0000,2026-09-29T22:50:19Z,2026-09-30T04:47:03Z,settled,settled,0.7167,28.5333,181.1600
bot_lab3,KXWTAMATCH-26SEP28MCCYAS-MCC,Caty McNally wins,NO,45,35.0000,100.0000,2026-09-29T22:50:12Z,2026-09-30T04:47:46Z,settled,settled,0.7167,28.5333,181.1600
bot_lab5,KXWTAMATCH-26SEP28MCCYAS-MCC,Caty McNally wins,NO,45,35.0000,100.0000,2026-09-29T22:50:16Z,2026-09-30T04:47:47Z,settled,settled,0.7167,28.5333,181.1600
bot_lab2,KXWTAMATCH-26SEP29GOLKAL-GOL,Viktorija Golubic wins,NO,41,36.0000,25.0000,2026-09-29T22:50:10Z,2026-09-30T05:10:56Z,closed,exp9_model_shift,1.1995,-5.7095,-38.6800
bot_lab5,KXWTAMATCH-26SEP28JOIKRA-KRA,Sinja Kraus wins,YES,50,27.0000,100.0000,2026-09-29T09:10:10Z,2026-09-30T05:36:43Z,settled,settled,0.6899,35.8101,265.2600
bot_lab6,KXWTAMATCH-26SEP28JOIKRA-KRA,Sinja Kraus wins,YES,50,27.0000,100.0000,2026-09-29T09:10:10Z,2026-09-30T05:36:44Z,settled,settled,0.6899,35.8101,265.2600
bot_lab,KXWTAMATCH-26SEP28TJEKAL-KAL,Anhelina Kalinina wins,NO,59,52.0000,100.0000,2026-09-29T06:21:51Z,2026-09-30T05:56:07Z,settled,settled,1.0309,27.2891,88.9500
bot_hold,KXWTAMATCH-26SEP28TJEKAL-KAL,Anhelina Kalinina wins,NO,39,52.0000,100.0000,2026-09-29T07:07:48Z,2026-09-30T05:56:08Z,settled,settled,0.6815,18.0385,88.9500
bot_lab6,KXWTAMATCH-26SEP29GOLKAL-GOL,Viktorija Golubic wins,NO,41,36.0000,0.0000,2026-09-29T22:50:20Z,2026-09-30T06:31:39Z,settled,settled,0.6613,-15.4213,-104.4800
bot_lab5,KXWTAMATCH-26SEP29GOLKAL-GOL,Viktorija Golubic wins,NO,41,36.0000,0.0000,2026-09-29T22:50:17Z,2026-09-30T06:31:39Z,settled,settled,0.6613,-15.4213,-104.4800
bot_lab3,KXWTAMATCH-26SEP29GOLKAL-GOL,Viktorija Golubic wins,NO,41,36.0000,0.0000,2026-09-29T22:50:13Z,2026-09-30T06:31:39Z,settled,settled,0.6613,-15.4213,-104.4800
bot_lab7,KXITFMATCH-26SEP29MUTKOM-MUT,Shu Muto wins,NO,18,56.0000,100.0000,2026-09-30T04:00:15Z,2026-09-30T06:58:10Z,settled,settled,0.3105,7.6095,75.4900
bot_lab6,KXATPMATCH-26SEP28STRTIR-TIR,Thiago Agustin Tirante wins,NO,34,38.0000,100.0000,2026-09-29T22:50:21Z,2026-09-30T07:02:22Z,settled,settled,0.5608,20.5192,158.8200
bot_lab4,KXITFMATCH-26SEP30WANCHI-CHI,Jordan Chiu wins,YES,50,25.0000,0.0000,2026-09-30T06:36:14Z,2026-09-30T07:08:47Z,settled,settled,0.6563,-13.1563,-105.2500
bot_lab2,KXWTAMATCH-26SEP28OLIYUA-OLI,Oleksandra Oliynykova wins,YES,43,39.0000,34.0000,2026-09-28T15:28:35Z,2026-09-30T07:33:04Z,closed,exp9_model_shift,1.3916,-3.5416,-21.1200
bot_lab7,KXITFMATCH-26SEP30BOIBRE-BRE,Vlad Cristian Breazu wins,NO,15,65.0000,100.0000,2026-09-30T05:02:57Z,2026-09-30T08:52:53Z,settled,settled,0.2389,5.0111,51.4000
bot_lab4,KXITFMATCH-26SEP30BOIBRE-BRE,Vlad Cristian Breazu wins,YES,41,36.0000,0.0000,2026-09-29T22:50:14Z,2026-09-30T08:52:54Z,settled,settled,0.6613,-15.4213,-104.4800
bot_lab2,KXWTAMATCH-26SEP28PREKOR-KOR,Tamara Korpatsch wins,YES,45,35.0000,15.0000,2026-09-29T22:50:08Z,2026-09-30T09:08:57Z,closed,exp9_stop_loss,1.1184,-10.1184,-64.2400
bot,KXATPMATCH-26SEP28ARNSAK-ARN,Matteo Arnaldi wins,YES,18,50.0000,30.0000,2026-09-28T11:54:31Z,2026-09-30T09:12:20Z,closed,exp9_stop_loss,0.5796,-4.1796,-46.4400
bot_lab4,KXITFMATCH-26SEP30VILBAS-BAS,Alessio Basile wins,NO,50,27.0000,0.0000,2026-09-30T08:24:32Z,2026-09-30T09:13:48Z,settled,settled,0.6899,-14.1899,-105.1100
bot_lab2,KXATPMATCH-26SEP28ARNSAK-SAK,Rei Sakamoto wins,NO,30,45.0000,29.0000,2026-09-29T22:33:04Z,2026-09-30T09:15:19Z,closed,exp9_model_shift,0.9522,-5.7522,-42.6100
bot_lab4,KXITFMATCH-26SEP30LORELS-LOR,Lorenzo Lorusso wins,YES,43,26.0000,0.0000,2026-09-30T07:22:32Z,2026-09-30T09:18:05Z,settled,settled,0.5792,-11.7592,-105.1800
bot_lab4,KXITFMATCH-26SEP30KIRDEL-DEL,Liam Delicata wins,NO,49,27.0000,83.0000,2026-09-30T08:24:33Z,2026-09-30T09:20:10Z,closed,exp9b_take_profit,1.1601,26.2799,198.6400
bot_lab4,KXITFMATCH-26SEP30DIMURA-URA,Vaal Urankar wins,NO,34,34.0000,82.0000,2026-09-30T08:24:34Z,2026-09-30T09:20:11Z,closed,exp9b_take_profit,0.8854,15.4346,133.5200
bot_lab4,KXITFMATCH-26SEP30KRIELE-KRI,Makar Krivoshchekov wins,NO,37,38.0000,74.0000,2026-09-30T08:55:28Z,2026-09-30T09:21:25Z,closed,exp9b_take_profit,1.1087,12.2113,86.8500
bot_lab4,KXITFMATCH-26SEP30KAJSEG-KAJ,Karlo Kajin wins,YES,42,31.0000,0.0000,2026-09-30T01:56:03Z,2026-09-30T09:57:58Z,settled,settled,0.6289,-13.6489,-104.8300
bot_lab4,KXITFMATCH-26SEP30PAAMIS-PAA,Stijn Paardekooper wins,YES,30,46.0000,99.0000,2026-09-30T08:08:45Z,2026-09-30T10:06:45Z,closed,exp9b_take_profit,0.5425,15.3575,111.2900
bot_lab5,KXWTAMATCH-26SEP28PREKOR-KOR,Tamara Korpatsch wins,YES,45,35.0000,0.0000,2026-09-29T22:50:16Z,2026-09-30T10:32:13Z,settled,settled,0.7167,-16.4667,-104.5500
bot_lab3,KXWTAMATCH-26SEP28PREKOR-KOR,Tamara Korpatsch wins,YES,45,35.0000,0.0000,2026-09-29T22:50:11Z,2026-09-30T10:32:13Z,settled,settled,0.7167,-16.4667,-104.5500
bot_lab6,KXWTAMATCH-26SEP28PREKOR-KOR,Tamara Korpatsch wins,YES,45,35.0000,0.0000,2026-09-29T22:50:18Z,2026-09-30T10:32:14Z,settled,settled,0.7167,-16.4667,-104.5500
bot_lab7,KXITFMATCH-26SEP30VENGRU-GRU,Niklas Grunewald wins,NO,19,54.0000,0.0000,2026-09-30T08:55:29Z,2026-09-30T10:38:00Z,settled,settled,0.3304,-10.5904,-103.2200
bot_lab6,KXWTAMATCH-26SEP28OLIYUA-OLI,Oleksandra Oliynykova wins,YES,43,39.0000,0.0000,2026-09-28T15:28:37Z,2026-09-30T11:02:22Z,settled,settled,0.7161,-17.4861,-104.2700
bot_lab5,KXWTAMATCH-26SEP28OLIYUA-OLI,Oleksandra Oliynykova wins,YES,43,39.0000,0.0000,2026-09-28T15:28:37Z,2026-09-30T11:02:22Z,settled,settled,0.7161,-17.4861,-104.2700
bot_lab3,KXWTAMATCH-26SEP28OLIYUA-OLI,Oleksandra Oliynykova wins,YES,43,39.0000,0.0000,2026-09-28T15:28:36Z,2026-09-30T11:02:23Z,settled,settled,0.7161,-17.4861,-104.2700
bot_hold,KXATPMATCH-26SEP28ARNSAK-ARN,Matteo Arnaldi wins,YES,18,50.0000,100.0000,2026-09-28T11:54:32Z,2026-09-30T11:16:46Z,settled,settled,0.3150,8.6850,96.5000
bot_lab6,KXATPMATCH-26SEP28ARNSAK-SAK,Rei Sakamoto wins,NO,30,45.0000,100.0000,2026-09-29T22:33:05Z,2026-09-30T11:16:51Z,settled,settled,0.5198,15.9802,118.3700
bot_lab3,KXATPMATCH-26SEP28ARNSAK-SAK,Rei Sakamoto wins,NO,30,45.0000,100.0000,2026-09-29T22:33:05Z,2026-09-30T11:16:52Z,settled,settled,0.5198,15.9802,118.3700
bot_lab5,KXATPMATCH-26SEP28ARNSAK-SAK,Rei Sakamoto wins,NO,30,45.0000,100.0000,2026-09-29T22:33:05Z,2026-09-30T11:16:54Z,settled,settled,0.5198,15.9802,118.3700
bot_lab7,KXITFMATCH-26SEP30ANDPAP-PAP,Radu Mihai Papoe wins,YES,15,68.0000,100.0000,2026-09-29T23:36:40Z,2026-09-30T12:38:00Z,settled,settled,0.2285,4.5715,44.8200
bot_chalk,KXATPMATCH-26SEP28BORDJO-DJO,Novak Djokovic wins,YES,35,71.0000,97.0000,2026-09-29T18:10:09Z,2026-09-30T12:58:46Z,closed,exp9_take_profit,0.5758,8.5242,34.3000
bot,KXATPMATCH-26SEP28BORDJO-DJO,Novak Djokovic wins,YES,35,71.0000,97.0000,2026-09-30T03:28:41Z,2026-09-30T12:58:49Z,closed,exp9_take_profit,0.5758,8.5242,34.3000
bot_hold,KXATPMATCH-26SEP28BORDJO-DJO,Novak Djokovic wins,YES,35,71.0000,100.0000,2026-09-30T04:15:46Z,2026-09-30T13:06:50Z,settled,settled,0.5045,9.6455,38.8100
bot_lab,KXWTAMATCH-26SEP28BONZAR-ZAR,Renata Zarazua wins,NO,74,51.0000,0.0000,2026-09-30T15:08:45Z,2026-09-30T15:46:33Z,settled,settled,1.2945,-39.0345,-103.4300
bot_lab4,KXITFMATCH-26SEP30SARZHA-SAR,Jelani Sarr wins,YES,32,46.0000,0.0000,2026-09-30T14:06:36Z,2026-09-30T20:33:26Z,settled,settled,0.5565,-15.2765,-103.7800
bot,KXATPMATCH-26SEP28SAFCOB-COB,Flavio Cobolli wins,YES,21,57.0000,29.0000,2026-09-28T16:46:37Z,2026-10-01T06:57:33Z,closed,exp9_stop_loss,0.6630,-6.5430,-54.6600
bot_lab2,KXWTAMATCH-26SEP28LINSIN-SIN,Katerina Siniakova wins,NO,41,36.0000,14.0000,2026-09-29T22:50:10Z,2026-10-01T06:57:33Z,closed,exp9_stop_loss,1.0069,-10.0269,-67.9300
bot_hold,KXATPMATCH-26SEP28RUNJAC-RUN,Holger Rune wins,YES,44,57.0000,0.0000,2026-09-28T16:46:37Z,2026-10-01T06:58:47Z,settled,settled,0.7550,-25.8350,-103.0100
bot_lab6,KXATPMATCH-26SEP28RUNJAC-RUN,Holger Rune wins,NO,38,37.0000,100.0000,2026-09-29T22:50:20Z,2026-10-01T06:59:52Z,settled,settled,0.6201,23.3199,165.8600
bot_lab,KXATPMATCH-26SEP28RUNJAC-RUN,Holger Rune wins,YES,66,57.0000,0.0000,2026-09-28T16:46:38Z,2026-10-01T06:59:53Z,settled,settled,1.1324,-38.7524,-103.0100
bot_hold,KXATPMATCH-26SEP28NISTIA-TIA,Frances Tiafoe wins,YES,31,81.0000,100.0000,2026-09-29T05:20:13Z,2026-10-01T06:59:53Z,settled,settled,0.3340,5.5560,22.1300
bot_chalk,KXWTAMATCH-26SEP29KARLAZ-KAR,Sonay Kartal wins,YES,32,76.0000,100.0000,2026-09-30T14:06:34Z,2026-10-01T06:59:55Z,settled,settled,0.4086,7.2714,29.9000
bot_lab5,KXATPMATCH-26SEP28RUNJAC-RUN,Holger Rune wins,NO,38,37.0000,100.0000,2026-09-29T22:50:18Z,2026-10-01T06:59:55Z,settled,settled,0.6201,23.3199,165.8600
bot_lab6,KXWTAMATCH-26SEP28KENKRU-KEN,Sofia Kenin wins,YES,30,39.0000,0.0000,2026-09-29T22:50:22Z,2026-10-01T06:59:56Z,settled,settled,0.4996,-12.1996,-104.2700
bot,KXATPMATCH-26SEP28RUNJAC-RUN,Holger Rune wins,YES,44,57.0000,0.0000,2026-09-28T16:46:36Z,2026-10-01T06:59:56Z,settled,settled,0.7550,-25.8350,-103.0100
bot_lab3,KXATPMATCH-26SEP28RUNJAC-RUN,Holger Rune wins,NO,38,37.0000,100.0000,2026-09-29T22:50:14Z,2026-10-01T06:59:56Z,settled,settled,0.6201,23.3199,165.8600
bot,KXATPMATCH-26SEP28NISTIA-TIA,Frances Tiafoe wins,YES,31,81.0000,100.0000,2026-09-29T05:04:45Z,2026-10-01T06:59:56Z,settled,settled,0.3340,5.5560,22.1300
bot_lab7,KXITFMATCH-26OCT01JONIMA-IMA,Shintaro Imai wins,YES,17,60.0000,0.0000,2026-09-30T23:53:13Z,2026-10-01T06:59:57Z,settled,settled,0.2856,-10.4856,-102.8000
bot_lab2,KXATPMATCH-26SEP28RUNJAC-RUN,Holger Rune wins,NO,38,37.0000,100.0000,2026-09-29T22:50:11Z,2026-10-01T06:59:57Z,settled,settled,0.6201,23.3199,165.8600
bot_lab2,KXATPMATCH-26SEP29VANCER-CER,Francisco Cerundolo wins,NO,38,29.0000,14.0000,2026-10-01T07:31:25Z,2026-10-01T07:31:36Z,closed,exp9_stop_loss,0.8680,-6.5680,-59.6000
bot,KXWTAMATCH-26SEP28BADKAS-KAS,Daria Kasatkina wins,NO,38,54.0000,22.0000,2026-10-01T07:00:23Z,2026-10-01T08:06:47Z,closed,exp9_stop_loss,1.1173,-13.2773,-64.7000
bot_lab4,KXITFMATCH-26OCT01BOSPAA-PAA,Stijn Paardekooper wins,YES,38,39.0000,99.0000,2026-10-01T07:00:28Z,2026-10-01T09:00:28Z,closed,exp9b_take_profit,0.6593,22.1407,149.4000
bot,KXATPMATCH-26SEP28SHASHI-SHI,Sho Shimabukuro wins,NO,27,75.0000,98.0000,2026-09-30T13:04:34Z,2026-10-01T09:00:54Z,closed,exp9_take_profit,0.3915,5.8185,28.7300
bot_lab5,KXATPMATCH-26SEP29VANCER-CER,Francisco Cerundolo wins,NO,38,29.0000,0.0000,2026-10-01T07:31:27Z,2026-10-01T09:02:33Z,settled,settled,0.5477,-11.5677,-104.9700
bot_lab6,KXATPMATCH-26SEP29VANCER-CER,Francisco Cerundolo wins,NO,38,29.0000,0.0000,2026-10-01T07:31:27Z,2026-10-01T09:02:37Z,settled,settled,0.5477,-11.5677,-104.9700
bot_lab,KXATPMATCH-26SEP28SAFCOB-SAF,Roman Safiullin wins,NO,44,55.0000,0.0000,2026-09-28T18:40:38Z,2026-10-01T09:02:39Z,settled,settled,0.7623,-24.9623,-103.1500
bot_hold,KXATPMATCH-26SEP28SAFCOB-COB,Flavio Cobolli wins,YES,21,57.0000,0.0000,2026-09-28T16:46:38Z,2026-10-01T09:02:40Z,settled,settled,0.3603,-12.3303,-103.0100
bot_hold,KXWTAMATCH-26SEP28BADKAS-KAS,Daria Kasatkina wins,NO,38,54.0000,100.0000,2026-10-01T07:00:24Z,2026-10-01T09:02:44Z,settled,settled,0.6608,16.8192,81.9600
bot_lab,KXWTAMATCH-26SEP28BADKAS-KAS,Daria Kasatkina wins,NO,57,54.0000,100.0000,2026-10-01T07:00:26Z,2026-10-01T09:02:45Z,settled,settled,0.9912,25.2288,81.9600
bot_lab3,KXATPMATCH-26SEP29VANCER-CER,Francisco Cerundolo wins,NO,38,29.0000,0.0000,2026-10-01T07:31:26Z,2026-10-01T09:02:45Z,settled,settled,0.5477,-11.5677,-104.9700
bot_lab4,KXITFMATCH-26OCT01MORLAR-MOR,Snir Morag wins,YES,43,34.0000,0.0000,2026-10-01T07:31:26Z,2026-10-01T09:03:34Z,settled,settled,0.6755,-15.2955,-104.6200
bot_lab7,KXITFMATCH-26OCT01BEAPHA-PHA,Derek Pham wins,NO,19,52.0000,0.0000,2026-10-01T00:10:39Z,2026-10-01T09:04:20Z,settled,settled,0.3320,-10.2120,-103.3600
bot_lab5,KXWTAMATCH-26SEP28LINSIN-SIN,Katerina Siniakova wins,NO,41,36.0000,0.0000,2026-09-29T22:50:16Z,2026-10-01T09:06:50Z,settled,settled,0.6613,-15.4213,-104.4800
bot_lab6,KXWTAMATCH-26SEP28LINSIN-SIN,Katerina Siniakova wins,NO,41,36.0000,0.0000,2026-09-29T22:50:19Z,2026-10-01T09:06:51Z,settled,settled,0.6613,-15.4213,-104.4800
bot_lab3,KXWTAMATCH-26SEP28LINSIN-SIN,Katerina Siniakova wins,NO,41,36.0000,0.0000,2026-09-29T22:50:12Z,2026-10-01T09:06:51Z,settled,settled,0.6613,-15.4213,-104.4800
bot_hold,KXATPMATCH-26SEP28SHASHI-SHA,Denis Shapovalov wins,YES,27,75.0000,100.0000,2026-09-30T11:31:20Z,2026-10-01T09:22:03Z,settled,settled,0.3544,6.3956,31.5800
bot,KXWTAMATCH-26SEP28PARZHU-PAR,Alycia Parks wins,YES,15,55.0000,42.0000,2026-09-28T14:11:53Z,2026-10-01T09:52:09Z,closed,exp9_model_shift,0.5157,-2.4657,-29.8900
bot_lab4,KXITFMATCH-26OCT01CONJAD-JAD,Nicolas Jadoun wins,NO,37,49.0000,96.0000,2026-09-30T17:41:25Z,2026-10-01T10:04:20Z,closed,exp9b_take_profit,0.7468,16.6432,91.8000
bot,KXATPMATCH-26SEP28ALCMIC-MIC,Alex Michelsen wins,NO,34,74.0000,97.0000,2026-10-01T09:50:45Z,2026-10-01T10:04:37Z,closed,exp9_take_profit,0.5273,7.2927,28.9900
bot_chalk,KXATPMATCH-26SEP28ALCMIC-MIC,Alex Michelsen wins,NO,33,74.0000,97.0000,2026-10-01T09:50:47Z,2026-10-01T10:04:37Z,closed,exp9_take_profit,0.5118,7.0782,28.9900
bot_hold,KXATPMATCH-26SEP28ALCMIC-MIC,Alex Michelsen wins,NO,34,74.0000,100.0000,2026-10-01T09:50:46Z,2026-10-01T10:22:00Z,settled,settled,0.4580,8.3820,33.3100
bot,KXATPMATCH-26SEP29VALJOD-VAL,Adolfo Daniel Vallejo wins,NO,31,73.0000,44.0000,2026-10-01T10:38:17Z,2026-10-01T10:47:50Z,closed,exp9_stop_loss,0.9625,-9.9525,-43.9800
bot_hold,KXWTAMATCH-26SEP28PARZHU-PAR,Alycia Parks wins,YES,15,55.0000,0.0000,2026-09-28T14:11:54Z,2026-10-01T11:02:53Z,settled,settled,0.2599,-8.5099,-103.1500
bot_lab,KXWTAMATCH-26SEP28PARZHU-PAR,Alycia Parks wins,YES,47,51.0000,0.0000,2026-09-28T21:36:21Z,2026-10-01T11:03:13Z,settled,settled,0.8222,-24.7922,-103.4300
bot,KXATPMATCH-26SEP28GRIRUB-RUB,Andrey Rublev wins,YES,20,63.0000,47.0000,2026-09-30T09:26:55Z,2026-10-01T11:12:20Z,closed,exp9_model_shift,0.6752,-3.8752,-30.7600
bot_chalk,KXWTAMATCH-26SEP28LYSSUN-LYS,Eva Lys wins,YES,35,71.0000,73.0000,2026-09-28T12:25:08Z,2026-10-01T11:13:50Z,closed,exp9_model_shift,0.9874,-0.2874,-1.1600
bot,KXWTAMATCH-26SEP28LYSSUN-LYS,Eva Lys wins,YES,35,71.0000,73.0000,2026-09-28T12:25:07Z,2026-10-01T11:13:50Z,closed,exp9_model_shift,0.9874,-0.2874,-1.1600
bot,KXATPMATCH-26SEP28DAVBER-BER,Matteo Berrettini wins,NO,40,50.0000,20.0000,2026-10-01T11:09:18Z,2026-10-01T11:16:23Z,closed,exp9_stop_loss,1.1480,-13.1480,-65.7400
bot,KXATPMATCH-26SEP28TIEHUR-TIE,Learner Tien wins,YES,37,54.0000,57.0000,2026-09-28T15:13:00Z,2026-10-01T11:27:32Z,closed,exp9_model_shift,1.2783,-0.1683,-0.8400
bot,KXWTAMATCH-26SEP29DARYIH-YIH,Yihan Qu wins,NO,30,84.0000,99.0000,2026-10-01T09:50:46Z,2026-10-01T11:30:13Z,closed,exp9_take_profit,0.3031,4.1969,16.6500
bot_hold,KXWTAMATCH-26SEP29DARYIH-YIH,Yihan Qu wins,NO,30,84.0000,100.0000,2026-10-01T09:50:47Z,2026-10-01T11:31:35Z,settled,settled,0.2823,4.5177,17.9300
bot_lab2,KXATPMATCH-26SEP28TIEHUR-HUR,Hubert Hurkacz wins,YES,38,37.0000,63.0000,2026-09-29T22:50:11Z,2026-10-01T11:32:13Z,closed,exp9b_take_profit,1.2402,8.6398,61.4500
bot_lab3,KXATPMATCH-26SEP28TIEHUR-HUR,Hubert Hurkacz wins,YES,38,37.0000,63.0000,2026-09-29T22:50:13Z,2026-10-01T11:32:13Z,closed,exp9b_take_profit,1.2402,8.6398,61.4500
bot,KXWTAMATCH-26SEP28TAROSO-OSO,Camila Osorio wins,NO,21,53.0000,31.0000,2026-09-30T04:15:43Z,2026-10-01T11:35:56Z,closed,exp9_stop_loss,0.6807,-5.3007,-47.6300
bot_hold,KXATPMATCH-26SEP29VALJOD-VAL,Adolfo Daniel Vallejo wins,NO,31,73.0000,0.0000,2026-10-01T10:38:19Z,2026-10-01T11:46:42Z,settled,settled,0.4278,-23.0578,-101.8900
bot_hold,KXWTAMATCH-26SEP28LYSSUN-LYS,Eva Lys wins,YES,35,71.0000,0.0000,2026-09-28T12:25:08Z,2026-10-01T11:56:24Z,settled,settled,0.5045,-25.3545,-102.0300
bot_hold,KXATPMATCH-26SEP28DAVBER-BER,Matteo Berrettini wins,NO,40,50.0000,0.0000,2026-10-01T11:09:20Z,2026-10-01T12:02:43Z,settled,settled,0.7000,-20.7000,-103.5000
bot_lab,KXATPMATCH-26SEP28DAVBER-BER,Matteo Berrettini wins,NO,60,50.0000,0.0000,2026-10-01T11:09:20Z,2026-10-01T12:02:43Z,settled,settled,1.0500,-31.0500,-103.5000
bot_lab,KXATPMATCH-26SEP28GRIRUB-GRI,Tallon Griekspoor wins,NO,57,59.0000,100.0000,2026-10-01T11:09:20Z,2026-10-01T12:05:54Z,settled,settled,0.9652,22.4048,66.6200
bot_lab6,KXATPMATCH-26SEP28GRIRUB-RUB,Andrey Rublev wins,NO,30,39.0000,0.0000,2026-09-29T22:50:21Z,2026-10-01T12:07:01Z,settled,settled,0.4996,-12.1996,-104.2700
bot_hold,KXATPMATCH-26SEP28GRIRUB-RUB,Andrey Rublev wins,YES,20,63.0000,100.0000,2026-09-30T13:20:01Z,2026-10-01T12:07:01Z,settled,settled,0.3264,7.0736,56.1400
bot_hold,KXWTAMATCH-26SEP28TAROSO-TAR,Lanlana Tararudee wins,YES,22,53.0000,0.0000,2026-09-30T06:05:20Z,2026-10-01T12:22:01Z,settled,settled,0.3837,-12.0437,-103.2900
bot_lab,KXWTAMATCH-26SEP28TAROSO-OSO,Camila Osorio wins,NO,40,52.0000,0.0000,2026-09-30T14:22:09Z,2026-10-01T12:22:01Z,settled,settled,0.6989,-21.4989,-103.3600
bot_lab5,KXATPMATCH-26SEP28TIEHUR-HUR,Hubert Hurkacz wins,YES,38,37.0000,100.0000,2026-09-29T22:50:18Z,2026-10-01T13:26:58Z,settled,settled,0.6201,23.3199,165.8600
bot_hold,KXATPMATCH-26SEP28TIEHUR-TIE,Learner Tien wins,YES,37,54.0000,0.0000,2026-09-28T15:13:01Z,2026-10-01T13:26:58Z,settled,settled,0.6434,-20.6234,-103.2200
bot_lab6,KXATPMATCH-26SEP28TIEHUR-HUR,Hubert Hurkacz wins,YES,38,37.0000,100.0000,2026-09-29T22:50:20Z,2026-10-01T13:26:58Z,settled,settled,0.6201,23.3199,165.8600
bot_lab,KXATPMATCH-26SEP28TIEHUR-TIE,Learner Tien wins,YES,55,54.0000,0.0000,2026-09-28T15:13:02Z,2026-10-01T13:26:59Z,settled,settled,0.9564,-30.6564,-103.2200
bot_lab6,KXWTAMATCH-26SEP28GAOUDV-GAO,Xinyu Gao wins,YES,38,37.0000,100.0000,2026-09-29T22:50:21Z,2026-10-01T13:41:33Z,settled,settled,0.6201,23.3199,165.8600
bot_hold,KXWTAMATCH-26SEP28GOLKOR-KOR,Alina Korneeva wins,YES,40,63.0000,61.0000,2026-09-29T08:54:45Z,2026-10-01T14:21:52Z,closed,voided,1.3189,-2.1189,-8.4100
bot,KXWTAMATCH-26SEP28GOLKOR-KOR,Alina Korneeva wins,YES,40,63.0000,61.0000,2026-09-29T08:54:43Z,2026-10-01T14:21:52Z,closed,voided,1.3189,-2.1189,-8.4100
bot_lab7,KXITFMATCH-26OCT01BRACOQ-BRA,Micah Braswell wins,YES,17,59.0000,0.0000,2026-10-01T15:18:57Z,2026-10-01T17:47:29Z,settled,settled,0.2879,-10.3179,-102.8700
bot_lab4,KXITFMATCH-26OCT01ROBROH-ROH,Hoyoung Roh wins,YES,40,43.0000,75.0000,2026-10-01T22:16:39Z,2026-10-01T23:25:35Z,closed,exp9b_take_profit,1.2113,11.5887,67.3800
bot_lab2,KXATPMATCH-26OCT01MUNFAR-MUN,Jaume Munar wins,NO,49,25.0000,12.0000,2026-10-02T02:23:34Z,2026-10-02T02:40:35Z,closed,exp9_stop_loss,1.0055,-7.3755,-60.2100
bot_lab3,KXATPMATCH-26OCT01MUNFAR-MUN,Jaume Munar wins,NO,49,25.0000,0.0000,2026-10-02T02:23:35Z,2026-10-02T03:21:56Z,settled,settled,0.6432,-12.8932,-105.2500
bot_lab5,KXATPMATCH-26OCT01MUNFAR-MUN,Jaume Munar wins,NO,49,25.0000,0.0000,2026-10-02T02:23:35Z,2026-10-02T03:22:13Z,settled,settled,0.6432,-12.8932,-105.2500
bot_lab6,KXATPMATCH-26OCT01MUNFAR-MUN,Jaume Munar wins,NO,49,25.0000,0.0000,2026-10-02T02:23:35Z,2026-10-02T03:22:13Z,settled,settled,0.6432,-12.8932,-105.2500
bot_lab2,KXWTAMATCH-26OCT01POTKRA-KRA,Sinja Kraus wins,YES,38,26.0000,58.0000,2026-10-01T07:00:27Z,2026-10-02T03:27:04Z,closed,exp9b_take_profit,1.1598,11.0002,111.3400
bot_lab3,KXWTAMATCH-26OCT01POTKRA-KRA,Sinja Kraus wins,YES,38,26.0000,58.0000,2026-10-01T07:00:27Z,2026-10-02T03:27:04Z,closed,exp9b_take_profit,1.1598,11.0002,111.3400
bot_lab2,KXWTAMATCH-26OCT01GOLSTE-GOL,Viktorija Golubic wins,YES,38,41.0000,62.0000,2026-10-01T10:38:19Z,2026-10-02T03:37:03Z,closed,exp9b_take_profit,1.2702,6.7098,43.0700
bot_lab3,KXWTAMATCH-26OCT01GOLSTE-GOL,Viktorija Golubic wins,YES,38,41.0000,62.0000,2026-10-01T10:38:19Z,2026-10-02T03:37:03Z,closed,exp9b_take_profit,1.2702,6.7098,43.0700
bot_lab5,KXWTAMATCH-26OCT01POTKRA-KRA,Sinja Kraus wins,YES,38,26.0000,100.0000,2026-10-01T07:00:29Z,2026-10-02T03:38:42Z,settled,settled,0.5118,27.6082,279.4400
bot_lab6,KXWTAMATCH-26OCT01POTKRA-KRA,Sinja Kraus wins,YES,38,26.0000,100.0000,2026-10-01T07:00:29Z,2026-10-02T03:39:06Z,settled,settled,0.5118,27.6082,279.4400
bot_lab5,KXWTAMATCH-26OCT01GOLSTE-GOL,Viktorija Golubic wins,YES,38,41.0000,100.0000,2026-10-01T10:38:20Z,2026-10-02T07:04:14Z,settled,settled,0.6435,21.7765,139.7700
bot_hold,KXWTAMATCH-26OCT01YUAAND-YUA,Yue Yuan wins,NO,33,76.0000,100.0000,2026-10-02T03:41:25Z,2026-10-02T07:10:06Z,settled,settled,0.4214,7.4986,29.9000
bot_chalk,KXWTAMATCH-26OCT01YUAAND-YUA,Yue Yuan wins,NO,32,76.0000,100.0000,2026-10-02T03:41:25Z,2026-10-02T07:10:06Z,settled,settled,0.4086,7.2714,29.9000
bot_lab6,KXWTAMATCH-26OCT01GOLSTE-GOL,Viktorija Golubic wins,YES,38,41.0000,100.0000,2026-10-01T10:38:20Z,2026-10-02T07:10:07Z,settled,settled,0.6435,21.7765,139.7700
bot_lab4,KXITFMATCH-26OCT01EHRICH-ICH,Taisei Ichikawa wins,YES,40,37.0000,0.0000,2026-10-02T03:09:53Z,2026-10-02T07:10:08Z,settled,settled,0.6527,-15.4527,-104.4100
bot,KXWTAMATCH-26OCT01YUAAND-YUA,Yue Yuan wins,NO,33,76.0000,100.0000,2026-10-02T03:41:23Z,2026-10-02T07:10:08Z,settled,settled,0.4214,7.4986,29.9000
bot_hold,KXWTAMATCH-26OCT01YASCHW-CHW,Maja Chwalinska wins,YES,15,61.0000,0.0000,2026-10-01T15:34:29Z,2026-10-02T07:10:08Z,settled,settled,0.2498,-9.3998,-102.7300
bot,KXWTAMATCH-26OCT01YASCHW-CHW,Maja Chwalinska wins,YES,15,61.0000,0.0000,2026-10-01T15:34:29Z,2026-10-02T07:10:08Z,settled,settled,0.2498,-9.3998,-102.7300
bot_lab3,KXWTAMATCH-26OCT01PAOSNI-SNI,Daria Snigur wins,YES,46,34.0000,73.0000,2026-10-02T07:42:22Z,2026-10-02T07:52:28Z,closed,exp9b_take_profit,1.3573,16.5827,106.0300
bot_lab2,KXWTAMATCH-26OCT01PAOSNI-SNI,Daria Snigur wins,YES,46,34.0000,73.0000,2026-10-02T07:42:21Z,2026-10-02T07:52:28Z,closed,exp9b_take_profit,1.3573,16.5827,106.0300
bot_lab4,KXITFMATCH-26OCT02HOOSIN-SIN,Colin Sinclair wins,YES,31,43.0000,0.0000,2026-10-01T19:11:38Z,2026-10-02T08:07:27Z,settled,settled,0.5319,-13.8619,-103.9900
bot_lab5,KXWTAMATCH-26OCT01PAOSNI-SNI,Daria Snigur wins,YES,46,34.0000,100.0000,2026-10-02T07:42:22Z,2026-10-02T08:11:57Z,settled,settled,0.7226,29.6374,189.5000
bot_lab6,KXWTAMATCH-26OCT01PAOSNI-SNI,Daria Snigur wins,YES,46,34.0000,100.0000,2026-10-02T07:42:22Z,2026-10-02T08:11:57Z,settled,settled,0.7226,29.6374,189.5000
bot,KXWTAMATCH-26OCT01BEJING-ING,Maddison Inglis wins,NO,37,67.0000,93.0000,2026-10-02T08:30:19Z,2026-10-02T09:16:58Z,closed,exp9_take_profit,0.7414,8.8786,35.8200
bot_lab7,KXITFMATCH-26OCT02JIATUR-JIA,Filip Cristian Jianu wins,YES,18,55.0000,0.0000,2026-10-02T08:14:08Z,2026-10-02T09:17:19Z,settled,settled,0.3119,-10.2119,-103.1500
bot_lab4,KXITFMATCH-26OCT02GIMOPI-GIM,Sebastian Gima wins,NO,33,35.0000,0.0000,2026-10-01T23:49:29Z,2026-10-02T09:36:33Z,settled,settled,0.5256,-12.0756,-104.5500
